{"type":"FeatureCollection","features":[
{"type": "Feature", "id": "geral-1001946089", "properties": {"estacao_id": "1001946089", "estacoes_no_local": 17, "servico": "051 - SERVIÇO ESPECIAL DE RADIOCHAMADA/251 - AUXILIAR RADIODIF.- TRANSMISS. DE PROGRAMAS/252 - AUXILIAR RADIODIF.- REPORTAGEM EXTERNA", "frequencia_mhz": "931.913–7370", "altura_antena_m": 50.0, "entidade": "RADIO SANTOS LTDA", "municipio": "Guarujá", "uf": "SP"}, "geometry": {"type": "Point", "coordinates": [-46.2558333, -23.9822222]}},
{"type": "Feature", "id": "geral-5941717", "properties": {"estacao_id": "5941717", "estacoes_no_local": 1, "servico": "051 - SERVIÇO ESPECIAL DE RADIOCHAMADA", "frequencia_mhz": "931.913", "altura_antena_m": 74.0, "entidade": "SAT NET ALARMES LTDA", "municipio": "Santo André", "uf": "SP"}, "geometry": {"type": "Point", "coordinates": [-46.5219444, -23.6419444]}},
{"type": "Feature", "id": "geral-379964627", "properties": {"estacao_id": "379964627", "estacoes_no_local": 1, "servico": "051 - SERVIÇO ESPECIAL DE RADIOCHAMADA", "frequencia_mhz": "931.913", "altura_antena_m": 25.0, "entidade": "SAT NET ALARMES LTDA", "municipio": "São Paulo", "uf": "SP"}, "geometry": {"type": "Point", "coordinates": [-46.7077778, -23.4155556]}},
{"type": "Feature", "id": "geral-505799413", "properties": {"estacao_id": "505799413", "estacoes_no_local": 1, "servico": "051 - SERVIÇO ESPECIAL DE RADIOCHAMADA", "frequencia_mhz": "931.913", "altura_antena_m": 25.0, "entidade": "SAT NET ALARMES LTDA", "municipio": "São Vicente", "uf": "SP"}, "geometry": {"type": "Point", "coordinates": [-46.4577778, -23.9830556]}},
{"type": "Feature", "id": "geral-708518", "properties": {"estacao_id": "708518", "estacoes_no_local": 1, "servico": "051 - SERVIÇO ESPECIAL DE RADIOCHAMADA", "frequencia_mhz": "931.913", "altura_antena_m": 15.0, "entidade": "SAT NET ALARMES LTDA", "municipio": "Mogi das Cruzes", "uf": "SP"}, "geometry": {"type": "Point", "coordinates": [-46.2011111, -23.4819444]}},
{"type": "Feature", "id": "geral-4449398", "properties": {"estacao_id": "4449398", "estacoes_no_local": 1, "servico": "051 - SERVIÇO ESPECIAL DE RADIOCHAMADA", "frequencia_mhz": "931.913", "altura_antena_m": 65.0, "entidade": "SAT NET ALARMES LTDA", "municipio": "Barueri", "uf": "SP"}, "geometry": {"type": "Point", "coordinates": [-46.8469444, -23.4952778]}},
{"type": "Feature", "id": "geral-5367611", "properties": {"estacao_id": "5367611", "estacoes_no_local": 1, "servico": "051 - SERVIÇO ESPECIAL DE RADIOCHAMADA", "frequencia_mhz": "931.913", "altura_antena_m": 74.0, "entidade": "SAT NET ALARMES LTDA", "municipio": "Guarulhos", "uf": "SP"}, "geometry": {"type": "Point", "coordinates": [-46.5177778, -23.4688889]}},
{"type": "Feature", "id": "geral-708542", "properties": {"estacao_id": "708542", "estacoes_no_local": 1, "servico": "051 - SERVIÇO ESPECIAL DE RADIOCHAMADA", "frequencia_mhz": "931.913", "altura_antena_m": 54.0, "entidade": "SAT NET ALARMES LTDA", "municipio": "Jundiaí", "uf": "SP"}, "geometry": {"type": "Point", "coordinates": [-46.8922222, -23.2075]}},
{"type": "Feature", "id": "geral-5941725", "properties": {"estacao_id": "5941725", "estacoes_no_local": 1, "servico": "051 - SERVIÇO ESPECIAL DE RADIOCHAMADA", "frequencia_mhz": "931.913", "altura_antena_m": 62.0, "entidade": "SAT NET ALARMES LTDA", "municipio": "Osasco", "uf": "SP"}, "geometry": {"type": "Point", "coordinates": [-46.7702778, -23.5461111]}},
{"type": "Feature", "id": "geral-708526", "properties": {"estacao_id": "708526", "estacoes_no_local": 1, "servico": "051 - SERVIÇO ESPECIAL DE RADIOCHAMADA", "frequencia_mhz": "931.913", "altura_antena_m": 15.0, "entidade": "SAT NET ALARMES LTDA", "municipio": "Santos", "uf": "SP"}, "geometry": {"type": "Point", "coordinates": [-46.3386111, -23.9352778]}},
{"type": "Feature", "id": "geral-5825059", "properties": {"estacao_id": "5825059", "estacoes_no_local": 1, "servico": "051 - SERVIÇO ESPECIAL DE RADIOCHAMADA", "frequencia_mhz": "931.913", "altura_antena_m": 50.0, "entidade": "SAT NET ALARMES LTDA", "municipio": "São Bernardo do Campo", "uf": "SP"}, "geometry": {"type": "Point", "coordinates": [-46.5561111, -23.7094444]}},
{"type": "Feature", "id": "geral-505798522", "properties": {"estacao_id": "505798522", "estacoes_no_local": 1, "servico": "051 - SERVIÇO ESPECIAL DE RADIOCHAMADA", "frequencia_mhz": "931.913", "altura_antena_m": 14.0, "entidade": "SAT NET ALARMES LTDA", "municipio": "São José dos Campos", "uf": "SP"}, "geometry": {"type": "Point", "coordinates": [-45.9063889, -23.1541667]}},
{"type": "Feature", "id": "geral-813958", "properties": {"estacao_id": "813958", "estacoes_no_local": 1, "servico": "051 - SERVIÇO ESPECIAL DE RADIOCHAMADA", "frequencia_mhz": "931.913", "altura_antena_m": 47.0, "entidade": "SAT NET ALARMES LTDA", "municipio": "São Paulo", "uf": "SP"}, "geometry": {"type": "Point", "coordinates": [-46.4744444, -23.5341667]}},
{"type": "Feature", "id": "geral-5941741", "properties": {"estacao_id": "5941741", "estacoes_no_local": 1, "servico": "051 - SERVIÇO ESPECIAL DE RADIOCHAMADA", "frequencia_mhz": "931.913", "altura_antena_m": 81.0, "entidade": "SAT NET ALARMES LTDA", "municipio": "São Paulo", "uf": "SP"}, "geometry": {"type": "Point", "coordinates": [-46.6336111, -23.5466667]}},
{"type": "Feature", "id": "geral-4449380", "properties": {"estacao_id": "4449380", "estacoes_no_local": 1, "servico": "051 - SERVIÇO ESPECIAL DE RADIOCHAMADA", "frequencia_mhz": "931.913", "altura_antena_m": 60.0, "entidade": "SAT NET ALARMES LTDA", "municipio": "São Paulo", "uf": "SP"}, "geometry": {"type": "Point", "coordinates": [-46.6611111, -23.6472222]}},
{"type": "Feature", "id": "geral-5367620", "properties": {"estacao_id": "5367620", "estacoes_no_local": 1, "servico": "051 - SERVIÇO ESPECIAL DE RADIOCHAMADA", "frequencia_mhz": "931.913", "altura_antena_m": 75.0, "entidade": "SAT NET ALARMES LTDA", "municipio": "São Paulo", "uf": "SP"}, "geometry": {"type": "Point", "coordinates": [-46.7322222, -23.6169444]}},
{"type": "Feature", "id": "geral-4048245", "properties": {"estacao_id": "4048245", "estacoes_no_local": 1, "servico": "051 - SERVIÇO ESPECIAL DE RADIOCHAMADA", "frequencia_mhz": "931.913", "altura_antena_m": 88.0, "entidade": "SAT NET ALARMES LTDA", "municipio": "São Paulo", "uf": "SP"}, "geometry": {"type": "Point", "coordinates": [-46.6511111, -23.5655556]}},
{"type": "Feature", "id": "geral-4048261", "properties": {"estacao_id": "4048261", "estacoes_no_local": 1, "servico": "051 - SERVIÇO ESPECIAL DE RADIOCHAMADA", "frequencia_mhz": "931.913", "altura_antena_m": 73.0, "entidade": "SAT NET ALARMES LTDA", "municipio": "São Paulo", "uf": "SP"}, "geometry": {"type": "Point", "coordinates": [-46.6, -23.4816667]}},
{"type": "Feature", "id": "geral-505799146", "properties": {"estacao_id": "505799146", "estacoes_no_local": 1, "servico": "051 - SERVIÇO ESPECIAL DE RADIOCHAMADA", "frequencia_mhz": "931.913", "altura_antena_m": 12.0, "entidade": "SAT NET ALARMES LTDA", "municipio": "São Paulo", "uf": "SP"}, "geometry": {"type": "Point", "coordinates": [-46.4088889, -23.53]}},
{"type": "Feature", "id": "geral-684663015", "properties": {"estacao_id": "684663015", "estacoes_no_local": 1, "servico": "051 - SERVIÇO ESPECIAL DE RADIOCHAMADA", "frequencia_mhz": "929.538", "altura_antena_m": 3.0, "entidade": "BOX 3 VIDEO PUBLICIDADE E PRODUCOES LTDA.", "municipio": "São Paulo", "uf": "SP"}, "geometry": {"type": "Point", "coordinates": [-46.7158333, -23.5872222]}},
{"type": "Feature", "id": "geral-1866060", "properties": {"estacao_id": "1866060", "estacoes_no_local": 1, "servico": "033 - Radioenlaces Associados ao Serviço de Rádiotaxi", "frequencia_mhz": "456.9", "altura_antena_m": 31.0, "entidade": "TIC TIC EMPRESA DE TAXIS LTDA", "municipio": "São Paulo", "uf": "SP"}, "geometry": {"type": "Point", "coordinates": [-46.6333333, -23.35]}},
{"type": "Feature", "id": "geral-1866079", "properties": {"estacao_id": "1866079", "estacoes_no_local": 1, "servico": "033 - Radioenlaces Associados ao Serviço de Rádiotaxi", "frequencia_mhz": "456.9", "altura_antena_m": 28.0, "entidade": "TIC TIC EMPRESA DE TAXIS LTDA", "municipio": "São Paulo", "uf": "SP"}, "geometry": {"type": "Point", "coordinates": [-46.6886111, -23.4166667]}},
{"type": "Feature", "id": "geral-1891030", "properties": {"estacao_id": "1891030", "estacoes_no_local": 3, "servico": "033 - Radioenlaces Associados ao Serviço de Rádiotaxi", "frequencia_mhz": "464.175–469.1", "altura_antena_m": 8.0, "entidade": "ASSOCIACAO DOS CONDUTORES AUTONOMOS DE TAXIS DE SANTOS-RADIO TAXI", "municipio": "Santos", "uf": "SP"}, "geometry": {"type": "Point", "coordinates": [-46.3398194, -23.9369583]}},
{"type": "Feature", "id": "geral-1891022", "properties": {"estacao_id": "1891022", "estacoes_no_local": 2, "servico": "033 - Radioenlaces Associados ao Serviço de Rádiotaxi", "frequencia_mhz": "459.075–459.1", "altura_antena_m": 20.0, "entidade": "ASSOCIACAO DOS CONDUTORES AUTONOMOS DE TAXIS DE SANTOS-RADIO TAXI", "municipio": "Santos", "uf": "SP"}, "geometry": {"type": "Point", "coordinates": [-46.3235361, -23.9481056]}},
{"type": "Feature", "id": "geral-1430564", "properties": {"estacao_id": "1430564", "estacoes_no_local": 9, "servico": "033 - Radioenlaces Associados ao Serviço de Rádiotaxi/078 - Serviço de Radiotáxi Privado", "frequencia_mhz": "160.13–469.8", "altura_antena_m": 29.0, "entidade": "COOPERATIVA MISTA DE TRABALHO DOS MOTORISTAS AUTONOMOS DE TAXIS DO MUNICIPIO DE GUARULHOS", "municipio": "Guarulhos", "uf": "SP"}, "geometry": {"type": "Point", "coordinates": [-46.5252778, -23.4476389]}},
{"type": "Feature", "id": "geral-1430572", "properties": {"estacao_id": "1430572", "estacoes_no_local": 8, "servico": "033 - Radioenlaces Associados ao Serviço de Rádiotaxi/078 - Serviço de Radiotáxi Privado", "frequencia_mhz": "160.13–459.5", "altura_antena_m": 37.0, "entidade": "COOPERATIVA MISTA DE TRABALHO DOS MOTORISTAS AUTONOMOS DE TAXIS DO MUNICIPIO DE GUARULHOS", "municipio": "Mairiporã", "uf": "SP"}, "geometry": {"type": "Point", "coordinates": [-46.6652778, -23.4191667]}},
{"type": "Feature", "id": "geral-1004744410", "properties": {"estacao_id": "1004744410", "estacoes_no_local": 13, "servico": "033 - Radioenlaces Associados ao Serviço de Rádiotaxi/078 - Serviço de Radiotáxi Privado", "frequencia_mhz": "160.13–459.8", "altura_antena_m": 6.0, "entidade": "COOPERATIVA MISTA DE TRABALHO DOS MOTORISTAS AUTONOMOS DE TAXIS DO MUNICIPIO DE GUARULHOS", "municipio": "Guarulhos", "uf": "SP"}, "geometry": {"type": "Point", "coordinates": [-46.4831167, -23.4217944]}},
{"type": "Feature", "id": "geral-323650317", "properties": {"estacao_id": "323650317", "estacoes_no_local": 2, "servico": "033 - Radioenlaces Associados ao Serviço de Rádiotaxi/078 - Serviço de Radiotáxi Privado", "frequencia_mhz": "160.41–469.275", "altura_antena_m": 10.0, "entidade": "EMPRESA DE TAXI RM LTDA", "municipio": "São Paulo", "uf": "SP"}, "geometry": {"type": "Point", "coordinates": [-46.7425833, -23.5963056]}},
{"type": "Feature", "id": "geral-323650325", "properties": {"estacao_id": "323650325", "estacoes_no_local": 10, "servico": "033 - Radioenlaces Associados ao Serviço de Rádiotaxi/078 - Serviço de Radiotáxi Privado", "frequencia_mhz": "160.41–469.275", "altura_antena_m": 63.0, "entidade": "EMPRESA DE TAXI RM LTDA", "municipio": "Mairiporã", "uf": "SP"}, "geometry": {"type": "Point", "coordinates": [-46.6656667, -23.4221111]}},
{"type": "Feature", "id": "geral-688262082", "properties": {"estacao_id": "688262082", "estacoes_no_local": 2, "servico": "033 - Radioenlaces Associados ao Serviço de Rádiotaxi/078 - Serviço de Radiotáxi Privado", "frequencia_mhz": "160.41–469.613", "altura_antena_m": 70.0, "entidade": "EMPRESA DE TAXI RM LTDA", "municipio": "São Paulo", "uf": "SP"}, "geometry": {"type": "Point", "coordinates": [-46.6158333, -23.5552778]}},
{"type": "Feature", "id": "geral-688264883", "properties": {"estacao_id": "688264883", "estacoes_no_local": 1, "servico": "033 - Radioenlaces Associados ao Serviço de Rádiotaxi", "frequencia_mhz": "469.613", "altura_antena_m": 15.0, "entidade": "EMPRESA DE TAXI RM LTDA", "municipio": "São Paulo", "uf": "SP"}, "geometry": {"type": "Point", "coordinates": [-46.7427778, -23.5961111]}},
{"type": "Feature", "id": "geral-3935558", "properties": {"estacao_id": "3935558", "estacoes_no_local": 3, "servico": "033 - Radioenlaces Associados ao Serviço de Rádiotaxi", "frequencia_mhz": "454.663–464.663", "altura_antena_m": 30.0, "entidade": "COOPERATIVA DOS CONDUTORES AUTÔNOMOS DE VEICULOS RODOVIARIOS DO GRANDE ABC", "municipio": "Santo André", "uf": "SP"}, "geometry": {"type": "Point", "coordinates": [-46.5391667, -23.6722222]}},
{"type": "Feature", "id": "geral-3935566", "properties": {"estacao_id": "3935566", "estacoes_no_local": 2, "servico": "033 - Radioenlaces Associados ao Serviço de Rádiotaxi", "frequencia_mhz": "459.738–464.663", "altura_antena_m": 13.0, "entidade": "COOPERATIVA DOS CONDUTORES AUTÔNOMOS DE VEICULOS RODOVIARIOS DO GRANDE ABC", "municipio": "Santo André", "uf": "SP"}, "geometry": {"type": "Point", "coordinates": [-46.5138889, -23.7058333]}},
{"type": "Feature", "id": "geral-692227458", "properties": {"estacao_id": "692227458", "estacoes_no_local": 2, "servico": "033 - Radioenlaces Associados ao Serviço de Rádiotaxi/078 - Serviço de Radiotáxi Privado", "frequencia_mhz": "38.96–459.663", "altura_antena_m": 24.0, "entidade": "COOPERATIVA DOS CONDUTORES AUTÔNOMOS DE VEICULOS RODOVIARIOS DO GRANDE ABC", "municipio": "Mauá", "uf": "SP"}, "geometry": {"type": "Point", "coordinates": [-46.4233333, -23.645]}},
{"type": "Feature", "id": "geral-786080", "properties": {"estacao_id": "786080", "estacoes_no_local": 2, "servico": "033 - Radioenlaces Associados ao Serviço de Rádiotaxi/078 - Serviço de Radiotáxi Privado", "frequencia_mhz": "159.51–469.038", "altura_antena_m": 40.0, "entidade": "SIND. COND. AUTONOMOS VEIC. RODOV. P. GRANDE MONGAGUA I.P.I.", "municipio": "Praia Grande", "uf": "SP"}, "geometry": {"type": "Point", "coordinates": [-46.5194444, -24.0347222]}},
{"type": "Feature", "id": "geral-441808891", "properties": {"estacao_id": "441808891", "estacoes_no_local": 3, "servico": "033 - Radioenlaces Associados ao Serviço de Rádiotaxi/078 - Serviço de Radiotáxi Privado", "frequencia_mhz": "159.51–459.038", "altura_antena_m": 17.0, "entidade": "SIND. COND. AUTONOMOS VEIC. RODOV. P. GRANDE MONGAGUA I.P.I.", "municipio": "Praia Grande", "uf": "SP"}, "geometry": {"type": "Point", "coordinates": [-46.4208333, -24.0125]}},
{"type": "Feature", "id": "geral-691254370", "properties": {"estacao_id": "691254370", "estacoes_no_local": 2, "servico": "033 - Radioenlaces Associados ao Serviço de Rádiotaxi", "frequencia_mhz": "469.275–469.875", "altura_antena_m": 15.0, "entidade": "COOPERATIVA MISTA T M AUT TAXIS E S P LTDA RADIO TAXI", "municipio": "Mairiporã", "uf": "SP"}, "geometry": {"type": "Point", "coordinates": [-46.6658333, -23.42]}},
{"type": "Feature", "id": "geral-2636581", "properties": {"estacao_id": "2636581", "estacoes_no_local": 13, "servico": "033 - Radioenlaces Associados ao Serviço de Rádiotaxi/078 - Serviço de Radiotáxi Privado", "frequencia_mhz": "38.76–469.425", "altura_antena_m": 28.0, "entidade": "ASSOC. MOTORISTAS AUT. RADIO TAXI ZONA NORTE SUL OESTE LESTE DE SP", "municipio": "São Paulo", "uf": "SP"}, "geometry": {"type": "Point", "coordinates": [-46.7019444, -23.4180556]}},
{"type": "Feature", "id": "geral-691254419", "properties": {"estacao_id": "691254419", "estacoes_no_local": 1, "servico": "033 - Radioenlaces Associados ao Serviço de Rádiotaxi", "frequencia_mhz": "469.725", "altura_antena_m": 10.0, "entidade": "COOPERATIVA MISTA T M AUT TAXIS E S P LTDA RADIO TAXI", "municipio": "São Paulo", "uf": "SP"}, "geometry": {"type": "Point", "coordinates": [-46.7119444, -23.4222222]}},
{"type": "Feature", "id": "geral-506241742", "properties": {"estacao_id": "506241742", "estacoes_no_local": 6, "servico": "033 - Radioenlaces Associados ao Serviço de Rádiotaxi", "frequencia_mhz": "469.175–469.9", "altura_antena_m": 50.0, "entidade": "COOPERATIVA MISTA T M AUT TAXIS E S P LTDA RADIO TAXI", "municipio": "São Paulo", "uf": "SP"}, "geometry": {"type": "Point", "coordinates": [-46.6494444, -23.5666667]}},
{"type": "Feature", "id": "geral-506241718", "properties": {"estacao_id": "506241718", "estacoes_no_local": 7, "servico": "033 - Radioenlaces Associados ao Serviço de Rádiotaxi", "frequencia_mhz": "469.175–469.9", "altura_antena_m": 112.0, "entidade": "COOPERATIVA MISTA T M AUT TAXIS E S P LTDA RADIO TAXI", "municipio": "São Paulo", "uf": "SP"}, "geometry": {"type": "Point", "coordinates": [-46.6361111, -23.6005556]}},
{"type": "Feature", "id": "geral-511464525", "properties": {"estacao_id": "511464525", "estacoes_no_local": 6, "servico": "033 - Radioenlaces Associados ao Serviço de Rádiotaxi/078 - Serviço de Radiotáxi Privado", "frequencia_mhz": "164.77–462.675", "altura_antena_m": 23.0, "entidade": "COOPERATIVA UNITAXI DE SAO PAULO", "municipio": "São Paulo", "uf": "SP"}, "geometry": {"type": "Point", "coordinates": [-46.6794444, -23.5494444]}},
{"type": "Feature", "id": "geral-442409133", "properties": {"estacao_id": "442409133", "estacoes_no_local": 12, "servico": "033 - Radioenlaces Associados ao Serviço de Rádiotaxi/078 - Serviço de Radiotáxi Privado", "frequencia_mhz": "34.48–469.3", "altura_antena_m": 22.0, "entidade": "ASSOCIACAO DE TAXISTAS CHAME TAXI", "municipio": "São Paulo", "uf": "SP"}, "geometry": {"type": "Point", "coordinates": [-46.7183333, -23.4525]}},
{"type": "Feature", "id": "geral-684978024", "properties": {"estacao_id": "684978024", "estacoes_no_local": 3, "servico": "033 - Radioenlaces Associados ao Serviço de Rádiotaxi", "frequencia_mhz": "453.087–463.35", "altura_antena_m": 71.0, "entidade": "ASSOCIACAO SUPER TAXI DOS TAXISTAS AUTONOMOS DE RADIO TAXI", "municipio": "São Paulo", "uf": "SP"}, "geometry": {"type": "Point", "coordinates": [-46.6572222, -23.5636111]}},
{"type": "Feature", "id": "geral-2738155", "properties": {"estacao_id": "2738155", "estacoes_no_local": 8, "servico": "033 - Radioenlaces Associados ao Serviço de Rádiotaxi/078 - Serviço de Radiotáxi Privado", "frequencia_mhz": "164.73–452.712", "altura_antena_m": 28.0, "entidade": "ASSOCIACAO DE TAXISTAS CHAME TAXI", "municipio": "São Paulo", "uf": "SP"}, "geometry": {"type": "Point", "coordinates": [-46.7475, -23.5802778]}},
{"type": "Feature", "id": "geral-631400494", "properties": {"estacao_id": "631400494", "estacoes_no_local": 10, "servico": "033 - Radioenlaces Associados ao Serviço de Rádiotaxi/078 - Serviço de Radiotáxi Privado", "frequencia_mhz": "34.48–459.45", "altura_antena_m": 30.0, "entidade": "AP TAXI ASSOCIACAO PAULISTANA DE TAXISTAS", "municipio": "Mairiporã", "uf": "SP"}, "geometry": {"type": "Point", "coordinates": [-46.665, -23.4216667]}},
{"type": "Feature", "id": "geral-443213135", "properties": {"estacao_id": "443213135", "estacoes_no_local": 2, "servico": "033 - Radioenlaces Associados ao Serviço de Rádiotaxi/079 - Serviço de Radiotáxi Especializado", "frequencia_mhz": "35.02–39.72", "altura_antena_m": 15.0, "entidade": "EXPO-TAXI COMUM RADIO LTDA - ME", "municipio": "São Paulo", "uf": "SP"}, "geometry": {"type": "Point", "coordinates": [-46.6672222, -23.555]}},
{"type": "Feature", "id": "geral-577100645", "properties": {"estacao_id": "577100645", "estacoes_no_local": 12, "servico": "033 - Radioenlaces Associados ao Serviço de Rádiotaxi/078 - Serviço de Radiotáxi Privado/079 - Serviço de Radiotáxi Especializado", "frequencia_mhz": "34.52–469.65", "altura_antena_m": 25.0, "entidade": "ASSOCIACAO DOS MOTORISTAS AUTON RADIO TAXI COMUM DE SP", "municipio": "São Paulo", "uf": "SP"}, "geometry": {"type": "Point", "coordinates": [-46.7069444, -23.4161111]}},
{"type": "Feature", "id": "geral-631446273", "properties": {"estacao_id": "631446273", "estacoes_no_local": 8, "servico": "033 - Radioenlaces Associados ao Serviço de Rádiotaxi/078 - Serviço de Radiotáxi Privado", "frequencia_mhz": "34.48–453.663", "altura_antena_m": 23.0, "entidade": "ASSOCIACAO DOS TAXISTAS E RADIO TAXIS MUNIC SAO PAULO", "municipio": "São Paulo", "uf": "SP"}, "geometry": {"type": "Point", "coordinates": [-46.6563889, -23.4744444]}},
{"type": "Feature", "id": "geral-641048890", "properties": {"estacao_id": "641048890", "estacoes_no_local": 4, "servico": "033 - Radioenlaces Associados ao Serviço de Rádiotaxi/078 - Serviço de Radiotáxi Privado", "frequencia_mhz": "160.37–459.962", "altura_antena_m": 23.0, "entidade": "ASSOC. MOTORISTAS AUT. RADIO TAXI ZONA NORTE SUL OESTE LESTE DE SP", "municipio": "Embu das Artes", "uf": "SP"}, "geometry": {"type": "Point", "coordinates": [-46.8566667, -23.6391667]}},
{"type": "Feature", "id": "geral-2734311", "properties": {"estacao_id": "2734311", "estacoes_no_local": 21, "servico": "033 - Radioenlaces Associados ao Serviço de Rádiotaxi/078 - Serviço de Radiotáxi Privado", "frequencia_mhz": "159.49–463.15", "altura_antena_m": 30.0, "entidade": "COOPERATIVA UNIAO SERV DOS TAXISTAS AUTONOMOS DE S.P", "municipio": "São Paulo", "uf": "SP"}, "geometry": {"type": "Point", "coordinates": [-46.6386111, -23.6066667]}},
{"type": "Feature", "id": "geral-637134141", "properties": {"estacao_id": "637134141", "estacoes_no_local": 5, "servico": "033 - Radioenlaces Associados ao Serviço de Rádiotaxi/078 - Serviço de Radiotáxi Privado", "frequencia_mhz": "160.09–459.2", "altura_antena_m": 87.0, "entidade": "ASSOCIACAO SAO PAULO DE TAXI", "municipio": "São Paulo", "uf": "SP"}, "geometry": {"type": "Point", "coordinates": [-46.6575, -23.5611111]}},
{"type": "Feature", "id": "geral-659050331", "properties": {"estacao_id": "659050331", "estacoes_no_local": 3, "servico": "033 - Radioenlaces Associados ao Serviço de Rádiotaxi", "frequencia_mhz": "451.087–459.2", "altura_antena_m": 23.0, "entidade": "ASSOCIACAO SAO PAULO DE TAXI", "municipio": "São Paulo", "uf": "SP"}, "geometry": {"type": "Point", "coordinates": [-46.6155556, -23.6344444]}},
{"type": "Feature", "id": "geral-3939987", "properties": {"estacao_id": "3939987", "estacoes_no_local": 17, "servico": "033 - Radioenlaces Associados ao Serviço de Rádiotaxi/078 - Serviço de Radiotáxi Privado/079 - Serviço de Radiotáxi Especializado", "frequencia_mhz": "34.52–469.65", "altura_antena_m": 15.4, "entidade": "ASSOCIACAO DOS MOTORISTAS AUTON RADIO TAXI COMUM DE SP", "municipio": "São Paulo", "uf": "SP"}, "geometry": {"type": "Point", "coordinates": [-46.7072778, -23.5690833]}},
{"type": "Feature", "id": "geral-441988806", "properties": {"estacao_id": "441988806", "estacoes_no_local": 11, "servico": "033 - Radioenlaces Associados ao Serviço de Rádiotaxi/078 - Serviço de Radiotáxi Privado/079 - Serviço de Radiotáxi Especializado", "frequencia_mhz": "34.52–469.525", "altura_antena_m": 25.0, "entidade": "ASSOCIACAO DOS MOTORISTAS AUTON RADIO TAXI COMUM DE SP", "municipio": "São Paulo", "uf": "SP"}, "geometry": {"type": "Point", "coordinates": [-46.6136111, -23.5963889]}},
{"type": "Feature", "id": "geral-2061287", "properties": {"estacao_id": "2061287", "estacoes_no_local": 16, "servico": "033 - Radioenlaces Associados ao Serviço de Rádiotaxi/078 - Serviço de Radiotáxi Privado", "frequencia_mhz": "159.61–469.3", "altura_antena_m": 40.0, "entidade": "ASSOCIACAO DOS TAXISTAS PRIME", "municipio": "São Paulo", "uf": "SP"}, "geometry": {"type": "Point", "coordinates": [-46.6141667, -23.6358333]}},
{"type": "Feature", "id": "geral-1818872", "properties": {"estacao_id": "1818872", "estacoes_no_local": 4, "servico": "033 - Radioenlaces Associados ao Serviço de Rádiotaxi/078 - Serviço de Radiotáxi Privado", "frequencia_mhz": "39.28–464.538", "altura_antena_m": 37.0, "entidade": "OURO TAXI - ASSOCIACAO DE RADIOTAXISTAS AUTONOMOS DE SAO PAULO", "municipio": "São Paulo", "uf": "SP"}, "geometry": {"type": "Point", "coordinates": [-46.6358333, -23.6055556]}},
{"type": "Feature", "id": "geral-682648655", "properties": {"estacao_id": "682648655", "estacoes_no_local": 7, "servico": "033 - Radioenlaces Associados ao Serviço de Rádiotaxi/078 - Serviço de Radiotáxi Privado/079 - Serviço de Radiotáxi Especializado", "frequencia_mhz": "159.65–464.538", "altura_antena_m": 30.0, "entidade": "OURO TAXI - ASSOCIACAO DE RADIOTAXISTAS AUTONOMOS DE SAO PAULO", "municipio": "Guarulhos", "uf": "SP"}, "geometry": {"type": "Point", "coordinates": [-46.5205556, -23.3530556]}},
{"type": "Feature", "id": "geral-1008801981", "properties": {"estacao_id": "1008801981", "estacoes_no_local": 10, "servico": "033 - Radioenlaces Associados ao Serviço de Rádiotaxi/078 - Serviço de Radiotáxi Privado", "frequencia_mhz": "39–459.863", "altura_antena_m": 20.0, "entidade": "ASSOCIACAO ONDA AZUL RADIO TAXI DOS MOTORISTAS DE SANTOS", "municipio": "Santos", "uf": "SP"}, "geometry": {"type": "Point", "coordinates": [-46.2966111, -23.9746944]}},
{"type": "Feature", "id": "geral-1935585", "properties": {"estacao_id": "1935585", "estacoes_no_local": 4, "servico": "033 - Radioenlaces Associados ao Serviço de Rádiotaxi/078 - Serviço de Radiotáxi Privado", "frequencia_mhz": "39–469.863", "altura_antena_m": 15.0, "entidade": "ASSOCIACAO ONDA AZUL RADIO TAXI DOS MOTORISTAS DE SANTOS", "municipio": "Santos", "uf": "SP"}, "geometry": {"type": "Point", "coordinates": [-46.3516667, -23.9392222]}},
{"type": "Feature", "id": "geral-4289072", "properties": {"estacao_id": "4289072", "estacoes_no_local": 16, "servico": "033 - Radioenlaces Associados ao Serviço de Rádiotaxi/078 - Serviço de Radiotáxi Privado/079 - Serviço de Radiotáxi Especializado", "frequencia_mhz": "39.72–469.5", "altura_antena_m": 100.0, "entidade": "ASSOC. MOTORISTAS AUT. RADIO TAXI ZONA NORTE SUL OESTE LESTE DE SP", "municipio": "São Paulo", "uf": "SP"}, "geometry": {"type": "Point", "coordinates": [-46.5636111, -23.5908333]}},
{"type": "Feature", "id": "geral-684912945", "properties": {"estacao_id": "684912945", "estacoes_no_local": 4, "servico": "033 - Radioenlaces Associados ao Serviço de Rádiotaxi/078 - Serviço de Radiotáxi Privado", "frequencia_mhz": "160.27–469.5", "altura_antena_m": 28.0, "entidade": "ASSOC. MOTORISTAS AUT. RADIO TAXI ZONA NORTE SUL OESTE LESTE DE SP", "municipio": "São Paulo", "uf": "SP"}, "geometry": {"type": "Point", "coordinates": [-46.6441667, -23.6322222]}},
{"type": "Feature", "id": "geral-441513379", "properties": {"estacao_id": "441513379", "estacoes_no_local": 11, "servico": "033 - Radioenlaces Associados ao Serviço de Rádiotaxi/078 - Serviço de Radiotáxi Privado/079 - Serviço de Radiotáxi Especializado", "frequencia_mhz": "38.42–453.087", "altura_antena_m": 14.0, "entidade": "ASSOCIACAO SUPER TAXI DOS TAXISTAS AUTONOMOS DE RADIO TAXI", "municipio": "São Paulo", "uf": "SP"}, "geometry": {"type": "Point", "coordinates": [-46.6777778, -23.4786111]}},
{"type": "Feature", "id": "geral-441513360", "properties": {"estacao_id": "441513360", "estacoes_no_local": 7, "servico": "033 - Radioenlaces Associados ao Serviço de Rádiotaxi/078 - Serviço de Radiotáxi Privado/079 - Serviço de Radiotáxi Especializado", "frequencia_mhz": "38.42–463.35", "altura_antena_m": 810.0, "entidade": "ASSOCIACAO SUPER TAXI DOS TAXISTAS AUTONOMOS DE RADIO TAXI", "municipio": "São Paulo", "uf": "SP"}, "geometry": {"type": "Point", "coordinates": [-46.6772222, -23.4780556]}},
{"type": "Feature", "id": "geral-686704355", "properties": {"estacao_id": "686704355", "estacoes_no_local": 3, "servico": "033 - Radioenlaces Associados ao Serviço de Rádiotaxi", "frequencia_mhz": "459.137–467.988", "altura_antena_m": 60.0, "entidade": "GILMAR LOGÍSTICA E TRANSPORTES LTDA", "municipio": "São Paulo", "uf": "SP"}, "geometry": {"type": "Point", "coordinates": [-46.6336111, -23.5894444]}},
{"type": "Feature", "id": "geral-325132640", "properties": {"estacao_id": "325132640", "estacoes_no_local": 3, "servico": "033 - Radioenlaces Associados ao Serviço de Rádiotaxi/079 - Serviço de Radiotáxi Especializado", "frequencia_mhz": "159.71–459.837", "altura_antena_m": 12.0, "entidade": "TELETAXI COMUM RADIO TAXI S/C LTDA - ME", "municipio": "São Paulo", "uf": "SP"}, "geometry": {"type": "Point", "coordinates": [-46.6361111, -23.6205556]}},
{"type": "Feature", "id": "geral-161411", "properties": {"estacao_id": "161411", "estacoes_no_local": 5, "servico": "033 - Radioenlaces Associados ao Serviço de Rádiotaxi/079 - Serviço de Radiotáxi Especializado", "frequencia_mhz": "159.71–469.837", "altura_antena_m": 66.0, "entidade": "TELETAXI COMUM RADIO TAXI S/C LTDA - ME", "municipio": "São Paulo", "uf": "SP"}, "geometry": {"type": "Point", "coordinates": [-46.6941667, -23.5441667]}},
{"type": "Feature", "id": "geral-684777762", "properties": {"estacao_id": "684777762", "estacoes_no_local": 4, "servico": "033 - Radioenlaces Associados ao Serviço de Rádiotaxi/079 - Serviço de Radiotáxi Especializado", "frequencia_mhz": "164.71–459.337", "altura_antena_m": 12.0, "entidade": "TELETAXI COMUM RADIO TAXI S/C LTDA - ME", "municipio": "Itapecerica da Serra", "uf": "SP"}, "geometry": {"type": "Point", "coordinates": [-46.8511111, -23.7013889]}},
{"type": "Feature", "id": "geral-698141083", "properties": {"estacao_id": "698141083", "estacoes_no_local": 2, "servico": "033 - Radioenlaces Associados ao Serviço de Rádiotaxi/079 - Serviço de Radiotáxi Especializado", "frequencia_mhz": "169.23–469.337", "altura_antena_m": 23.0, "entidade": "TELETAXI COMUM RADIO TAXI S/C LTDA - ME", "municipio": "Embu das Artes", "uf": "SP"}, "geometry": {"type": "Point", "coordinates": [-46.8563889, -23.6391667]}},
{"type": "Feature", "id": "geral-162515", "properties": {"estacao_id": "162515", "estacoes_no_local": 7, "servico": "033 - Radioenlaces Associados ao Serviço de Rádiotaxi/078 - Serviço de Radiotáxi Privado/079 - Serviço de Radiotáxi Especializado", "frequencia_mhz": "39.44–462.988", "altura_antena_m": 20.0, "entidade": "ASSOCIACAO DELTA - COMUM RADIO TAXI", "municipio": "São Paulo", "uf": "SP"}, "geometry": {"type": "Point", "coordinates": [-46.6352778, -23.6180556]}},
{"type": "Feature", "id": "geral-688185860", "properties": {"estacao_id": "688185860", "estacoes_no_local": 1, "servico": "033 - Radioenlaces Associados ao Serviço de Rádiotaxi", "frequencia_mhz": "469.738", "altura_antena_m": 9.0, "entidade": "COOPERATIVA DOS MOTORISTAS DE TAXI DE COTIA COOPERTIA", "municipio": "Cotia", "uf": "SP"}, "geometry": {"type": "Point", "coordinates": [-46.9436111, -23.6069444]}},
{"type": "Feature", "id": "geral-686915852", "properties": {"estacao_id": "686915852", "estacoes_no_local": 2, "servico": "033 - Radioenlaces Associados ao Serviço de Rádiotaxi/078 - Serviço de Radiotáxi Privado", "frequencia_mhz": "160.03–469.738", "altura_antena_m": 19.0, "entidade": "COOPERATIVA DOS MOTORISTAS DE TAXI DE COTIA COOPERTIA", "municipio": "Embu das Artes", "uf": "SP"}, "geometry": {"type": "Point", "coordinates": [-46.8558333, -23.6388889]}},
{"type": "Feature", "id": "geral-3835456", "properties": {"estacao_id": "3835456", "estacoes_no_local": 5, "servico": "033 - Radioenlaces Associados ao Serviço de Rádiotaxi/078 - Serviço de Radiotáxi Privado", "frequencia_mhz": "243.875–459.65", "altura_antena_m": 10.0, "entidade": "COOPERATIVA DOS TAXISTAS DE BARUERI", "municipio": "Barueri", "uf": "SP"}, "geometry": {"type": "Point", "coordinates": [-46.8491667, -23.4952778]}},
{"type": "Feature", "id": "geral-1000014476", "properties": {"estacao_id": "1000014476", "estacoes_no_local": 2, "servico": "033 - Radioenlaces Associados ao Serviço de Rádiotaxi/078 - Serviço de Radiotáxi Privado", "frequencia_mhz": "243.875–469.65", "altura_antena_m": 18.0, "entidade": "COOPERATIVA DOS TAXISTAS DE BARUERI", "municipio": "Barueri", "uf": "SP"}, "geometry": {"type": "Point", "coordinates": [-46.9077778, -23.4975]}},
{"type": "Feature", "id": "geral-688969372", "properties": {"estacao_id": "688969372", "estacoes_no_local": 3, "servico": "033 - Radioenlaces Associados ao Serviço de Rádiotaxi", "frequencia_mhz": "451.462–462.387", "altura_antena_m": 12.0, "entidade": "VICTORIA COMUM RADIO TAXI EIRELI", "municipio": "São Paulo", "uf": "SP"}, "geometry": {"type": "Point", "coordinates": [-46.6561111, -23.5036111]}},
{"type": "Feature", "id": "geral-1000032997", "properties": {"estacao_id": "1000032997", "estacoes_no_local": 4, "servico": "033 - Radioenlaces Associados ao Serviço de Rádiotaxi/078 - Serviço de Radiotáxi Privado", "frequencia_mhz": "34.5–464.35", "altura_antena_m": 35.0, "entidade": "ITALTAXI E TURISMO LTDA", "municipio": "São Paulo", "uf": "SP"}, "geometry": {"type": "Point", "coordinates": [-46.6327778, -23.6308333]}},
{"type": "Feature", "id": "geral-1939980", "properties": {"estacao_id": "1939980", "estacoes_no_local": 2, "servico": "033 - Radioenlaces Associados ao Serviço de Rádiotaxi/078 - Serviço de Radiotáxi Privado", "frequencia_mhz": "257.575–464.35", "altura_antena_m": 32.0, "entidade": "ITALTAXI E TURISMO LTDA", "municipio": "Mairiporã", "uf": "SP"}, "geometry": {"type": "Point", "coordinates": [-46.5833333, -23.3333333]}},
{"type": "Feature", "id": "geral-442924240", "properties": {"estacao_id": "442924240", "estacoes_no_local": 4, "servico": "033 - Radioenlaces Associados ao Serviço de Rádiotaxi/078 - Serviço de Radiotáxi Privado", "frequencia_mhz": "34.5–464.35", "altura_antena_m": 25.0, "entidade": "ITALTAXI E TURISMO LTDA", "municipio": "São Paulo", "uf": "SP"}, "geometry": {"type": "Point", "coordinates": [-46.6027778, -23.6222222]}},
{"type": "Feature", "id": "geral-684907704", "properties": {"estacao_id": "684907704", "estacoes_no_local": 3, "servico": "033 - Radioenlaces Associados ao Serviço de Rádiotaxi/078 - Serviço de Radiotáxi Privado", "frequencia_mhz": "38.32–452.4", "altura_antena_m": 18.0, "entidade": "COOPERATIVA DOS TAXISTAS DO GRANDE ABC", "municipio": "São Bernardo do Campo", "uf": "SP"}, "geometry": {"type": "Point", "coordinates": [-46.5386111, -23.6986111]}},
{"type": "Feature", "id": "geral-689810865", "properties": {"estacao_id": "689810865", "estacoes_no_local": 2, "servico": "033 - Radioenlaces Associados ao Serviço de Rádiotaxi/078 - Serviço de Radiotáxi Privado", "frequencia_mhz": "38.32–457.4", "altura_antena_m": 16.0, "entidade": "COOPERATIVA DOS TAXISTAS DO GRANDE ABC", "municipio": "Santo André", "uf": "SP"}, "geometry": {"type": "Point", "coordinates": [-46.4975, -23.6958333]}},
{"type": "Feature", "id": "geral-689987919", "properties": {"estacao_id": "689987919", "estacoes_no_local": 1, "servico": "033 - Radioenlaces Associados ao Serviço de Rádiotaxi", "frequencia_mhz": "454.363", "altura_antena_m": 25.0, "entidade": "SILA CAR LOCADORA LTDA", "municipio": "São Paulo", "uf": "SP"}, "geometry": {"type": "Point", "coordinates": [-46.6327778, -23.6319444]}},
{"type": "Feature", "id": "geral-1941488", "properties": {"estacao_id": "1941488", "estacoes_no_local": 3, "servico": "033 - Radioenlaces Associados ao Serviço de Rádiotaxi/078 - Serviço de Radiotáxi Privado", "frequencia_mhz": "34.5–454.363", "altura_antena_m": 40.0, "entidade": "ITALTAXI E TURISMO LTDA", "municipio": "Mairiporã", "uf": "SP"}, "geometry": {"type": "Point", "coordinates": [-46.6666667, -23.4188889]}},
{"type": "Feature", "id": "geral-691075433", "properties": {"estacao_id": "691075433", "estacoes_no_local": 1, "servico": "033 - Radioenlaces Associados ao Serviço de Rádiotaxi", "frequencia_mhz": "454.962", "altura_antena_m": 15.0, "entidade": "GILMAR LOGÍSTICA E TRANSPORTES LTDA", "municipio": "São Paulo", "uf": "SP"}, "geometry": {"type": "Point", "coordinates": [-46.6972222, -23.5655556]}},
{"type": "Feature", "id": "geral-1830546", "properties": {"estacao_id": "1830546", "estacoes_no_local": 13, "servico": "033 - Radioenlaces Associados ao Serviço de Rádiotaxi/078 - Serviço de Radiotáxi Privado", "frequencia_mhz": "152.53–459.462", "altura_antena_m": 60.0, "entidade": "COOP COND AUTO DE VEICULOS RODOV DA BAIXADA SANTISTA", "municipio": "Santos", "uf": "SP"}, "geometry": {"type": "Point", "coordinates": [-46.3202778, -23.9530556]}},
{"type": "Feature", "id": "geral-693038926", "properties": {"estacao_id": "693038926", "estacoes_no_local": 4, "servico": "033 - Radioenlaces Associados ao Serviço de Rádiotaxi/078 - Serviço de Radiotáxi Privado", "frequencia_mhz": "152.53–469.462", "altura_antena_m": 30.0, "entidade": "COOP COND AUTO DE VEICULOS RODOV DA BAIXADA SANTISTA", "municipio": "Santos", "uf": "SP"}, "geometry": {"type": "Point", "coordinates": [-46.3408333, -23.9355556]}},
{"type": "Feature", "id": "geral-323393837", "properties": {"estacao_id": "323393837", "estacoes_no_local": 3, "servico": "033 - Radioenlaces Associados ao Serviço de Rádiotaxi/078 - Serviço de Radiotáxi Privado", "frequencia_mhz": "257.625–459.45", "altura_antena_m": 12.0, "entidade": "AP TAXI ASSOCIACAO PAULISTANA DE TAXISTAS", "municipio": "São Paulo", "uf": "SP"}, "geometry": {"type": "Point", "coordinates": [-46.6555556, -23.5083333]}},
{"type": "Feature", "id": "geral-598685570", "properties": {"estacao_id": "598685570", "estacoes_no_local": 8, "servico": "033 - Radioenlaces Associados ao Serviço de Rádiotaxi/078 - Serviço de Radiotáxi Privado", "frequencia_mhz": "38.76–469.775", "altura_antena_m": 25.0, "entidade": "COOPERATIVA DE TRANSPORTE ZONA LESTE RADIOTAXI - COOPERLESTE TAXI", "municipio": "São Paulo", "uf": "SP"}, "geometry": {"type": "Point", "coordinates": [-46.5241667, -23.5197222]}},
{"type": "Feature", "id": "geral-683226720", "properties": {"estacao_id": "683226720", "estacoes_no_local": 4, "servico": "033 - Radioenlaces Associados ao Serviço de Rádiotaxi/078 - Serviço de Radiotáxi Privado", "frequencia_mhz": "164.63–469.775", "altura_antena_m": 24.0, "entidade": "COOPERATIVA DE TRANSPORTE ZONA LESTE RADIOTAXI - COOPERLESTE TAXI", "municipio": "Mairiporã", "uf": "SP"}, "geometry": {"type": "Point", "coordinates": [-46.6663889, -23.4202778]}},
{"type": "Feature", "id": "geral-690715650", "properties": {"estacao_id": "690715650", "estacoes_no_local": 2, "servico": "033 - Radioenlaces Associados ao Serviço de Rádiotaxi/078 - Serviço de Radiotáxi Privado", "frequencia_mhz": "169.35–459.1", "altura_antena_m": 70.0, "entidade": "COOPERATIVA DE TRANSPORTE ZONA LESTE RADIOTAXI - COOPERLESTE TAXI", "municipio": "São Paulo", "uf": "SP"}, "geometry": {"type": "Point", "coordinates": [-46.6563889, -23.5555556]}},
{"type": "Feature", "id": "geral-3769437", "properties": {"estacao_id": "3769437", "estacoes_no_local": 6, "servico": "033 - Radioenlaces Associados ao Serviço de Rádiotaxi/078 - Serviço de Radiotáxi Privado", "frequencia_mhz": "159.73–459.038", "altura_antena_m": 26.0, "entidade": "COOPERVILLE-COOPERATIVA DE RADIO TAXI SANTANA DE PARNAIBA", "municipio": "Santana de Parnaíba", "uf": "SP"}, "geometry": {"type": "Point", "coordinates": [-46.8725861, -23.4647778]}},
{"type": "Feature", "id": "geral-697471810", "properties": {"estacao_id": "697471810", "estacoes_no_local": 2, "servico": "033 - Radioenlaces Associados ao Serviço de Rádiotaxi/078 - Serviço de Radiotáxi Privado", "frequencia_mhz": "159.73–469.038", "altura_antena_m": 17.0, "entidade": "COOPERVILLE-COOPERATIVA DE RADIO TAXI SANTANA DE PARNAIBA", "municipio": "Barueri", "uf": "SP"}, "geometry": {"type": "Point", "coordinates": [-46.8891667, -23.5033333]}},
{"type": "Feature", "id": "geral-698108450", "properties": {"estacao_id": "698108450", "estacoes_no_local": 1, "servico": "033 - Radioenlaces Associados ao Serviço de Rádiotaxi", "frequencia_mhz": "384.9", "altura_antena_m": 10.0, "entidade": "ATASP RADIO TAXI LTDA ME", "municipio": "São Paulo", "uf": "SP"}, "geometry": {"type": "Point", "coordinates": [-46.6766667, -23.5863889]}},
{"type": "Feature", "id": "geral-691063508", "properties": {"estacao_id": "691063508", "estacoes_no_local": 4, "servico": "033 - Radioenlaces Associados ao Serviço de Rádiotaxi/078 - Serviço de Radiotáxi Privado/079 - Serviço de Radiotáxi Especializado", "frequencia_mhz": "159.35–394.9", "altura_antena_m": 30.0, "entidade": "ASSOCIACAO DOS TAXISTAS PRIME", "municipio": "Mairiporã", "uf": "SP"}, "geometry": {"type": "Point", "coordinates": [-46.6655556, -23.4219444]}},
{"type": "Feature", "id": "geral-506246221", "properties": {"estacao_id": "506246221", "estacoes_no_local": 10, "servico": "033 - Radioenlaces Associados ao Serviço de Rádiotaxi/078 - Serviço de Radiotáxi Privado/079 - Serviço de Radiotáxi Especializado", "frequencia_mhz": "158.71–394.9", "altura_antena_m": 74.5, "entidade": "ASSOCIACAO DOS TAXISTAS PRIME", "municipio": "São Paulo", "uf": "SP"}, "geometry": {"type": "Point", "coordinates": [-46.7330556, -23.6216667]}},
{"type": "Feature", "id": "geral-1255088", "properties": {"estacao_id": "1255088", "estacoes_no_local": 1, "servico": "060 - SERVIÇO LIMITADO PRIVADO DE RADIOCHAMADA-SLPR", "frequencia_mhz": "25.275", "altura_antena_m": 15.0, "entidade": "TORO INDUSTRIA E COMERCIO LTDA", "municipio": "Diadema", "uf": "SP"}, "geometry": {"type": "Point", "coordinates": [-46.6308333, -23.7169444]}},
{"type": "Feature", "id": "geral-1077120", "properties": {"estacao_id": "1077120", "estacoes_no_local": 1, "servico": "060 - SERVIÇO LIMITADO PRIVADO DE RADIOCHAMADA-SLPR", "frequencia_mhz": "25.425", "altura_antena_m": 10.0, "entidade": "INDUSTRIA AUTO METALURGICA S/A", "municipio": "São Paulo", "uf": "SP"}, "geometry": {"type": "Point", "coordinates": [-46.5855556, -23.6441667]}},
{"type": "Feature", "id": "geral-1458388", "properties": {"estacao_id": "1458388", "estacoes_no_local": 1, "servico": "060 - SERVIÇO LIMITADO PRIVADO DE RADIOCHAMADA-SLPR", "frequencia_mhz": "25.475", "altura_antena_m": 20.0, "entidade": "MORGAN GUARANTY TRUST COMPANY OF NEW YORK", "municipio": "São Paulo", "uf": "SP"}, "geometry": {"type": "Point", "coordinates": [-46.6475, -23.5683333]}},
{"type": "Feature", "id": "geral-577093797", "properties": {"estacao_id": "577093797", "estacoes_no_local": 1, "servico": "060 - SERVIÇO LIMITADO PRIVADO DE RADIOCHAMADA-SLPR", "frequencia_mhz": "25.375", "altura_antena_m": 7.1, "entidade": "NOVARTIS BIOCIENCIAS SA", "municipio": "Taboão da Serra", "uf": "SP"}, "geometry": {"type": "Point", "coordinates": [-46.8135556, -23.6366111]}},
{"type": "Feature", "id": "geral-689943857", "properties": {"estacao_id": "689943857", "estacoes_no_local": 1, "servico": "060 - SERVIÇO LIMITADO PRIVADO DE RADIOCHAMADA-SLPR", "frequencia_mhz": "25.375", "altura_antena_m": 5.0, "entidade": "NOVARTIS BIOCIENCIAS SA", "municipio": "Taboão da Serra", "uf": "SP"}, "geometry": {"type": "Point", "coordinates": [-46.8134167, -23.6361944]}},
{"type": "Feature", "id": "geral-682623970", "properties": {"estacao_id": "682623970", "estacoes_no_local": 1, "servico": "060 - SERVIÇO LIMITADO PRIVADO DE RADIOCHAMADA-SLPR", "frequencia_mhz": "25.375", "altura_antena_m": 5.0, "entidade": "ABB Power Grids Brasil Ltda", "municipio": "Guarulhos", "uf": "SP"}, "geometry": {"type": "Point", "coordinates": [-46.4965, -23.4590278]}},
{"type": "Feature", "id": "geral-683468901", "properties": {"estacao_id": "683468901", "estacoes_no_local": 1, "servico": "060 - SERVIÇO LIMITADO PRIVADO DE RADIOCHAMADA-SLPR", "frequencia_mhz": "25.375", "altura_antena_m": 20.0, "entidade": "AMICO SAÚDE LTDA.", "municipio": "São Paulo", "uf": "SP"}, "geometry": {"type": "Point", "coordinates": [-46.6394444, -23.5797222]}},
{"type": "Feature", "id": "geral-687568790", "properties": {"estacao_id": "687568790", "estacoes_no_local": 1, "servico": "060 - SERVIÇO LIMITADO PRIVADO DE RADIOCHAMADA-SLPR", "frequencia_mhz": "25.375", "altura_antena_m": 6.8, "entidade": "SOCIEDADE BENEF ISRAELITABRAS HOSPITAL ALBERT EINSTEIN", "municipio": "Barueri", "uf": "SP"}, "geometry": {"type": "Point", "coordinates": [-46.8527778, -23.4938972]}},
{"type": "Feature", "id": "geral-687569567", "properties": {"estacao_id": "687569567", "estacoes_no_local": 1, "servico": "060 - SERVIÇO LIMITADO PRIVADO DE RADIOCHAMADA-SLPR", "frequencia_mhz": "25.375", "altura_antena_m": 6.5, "entidade": "SOCIEDADE BENEF ISRAELITABRAS HOSPITAL ALBERT EINSTEIN", "municipio": "São Paulo", "uf": "SP"}, "geometry": {"type": "Point", "coordinates": [-46.6689, -23.5730556]}},
{"type": "Feature", "id": "geral-683472607", "properties": {"estacao_id": "683472607", "estacoes_no_local": 1, "servico": "060 - SERVIÇO LIMITADO PRIVADO DE RADIOCHAMADA-SLPR", "frequencia_mhz": "25.375", "altura_antena_m": 5.0, "entidade": "SOCIEDADE BENEF ISRAELITABRAS HOSPITAL ALBERT EINSTEIN", "municipio": "São Paulo", "uf": "SP"}, "geometry": {"type": "Point", "coordinates": [-46.716, -23.6005]}},
{"type": "Feature", "id": "geral-683583670", "properties": {"estacao_id": "683583670", "estacoes_no_local": 1, "servico": "060 - SERVIÇO LIMITADO PRIVADO DE RADIOCHAMADA-SLPR", "frequencia_mhz": "25.375", "altura_antena_m": 20.0, "entidade": "SOCIEDADE BENEF ISRAELITABRAS HOSPITAL ALBERT EINSTEIN", "municipio": "São Paulo", "uf": "SP"}, "geometry": {"type": "Point", "coordinates": [-46.7150556, -23.6003056]}},
{"type": "Feature", "id": "geral-692048235", "properties": {"estacao_id": "692048235", "estacoes_no_local": 2, "servico": "060 - SERVIÇO LIMITADO PRIVADO DE RADIOCHAMADA-SLPR", "frequencia_mhz": "25.375", "altura_antena_m": 2.0, "entidade": "SOCIEDADE BENEF ISRAELITABRAS HOSPITAL ALBERT EINSTEIN", "municipio": "São Paulo", "uf": "SP"}, "geometry": {"type": "Point", "coordinates": [-46.7156389, -23.5998056]}},
{"type": "Feature", "id": "geral-692048251", "properties": {"estacao_id": "692048251", "estacoes_no_local": 1, "servico": "060 - SERVIÇO LIMITADO PRIVADO DE RADIOCHAMADA-SLPR", "frequencia_mhz": "25.375", "altura_antena_m": 1.0, "entidade": "SOCIEDADE BENEF ISRAELITABRAS HOSPITAL ALBERT EINSTEIN", "municipio": "São Paulo", "uf": "SP"}, "geometry": {"type": "Point", "coordinates": [-46.7156389, -23.6664722]}},
{"type": "Feature", "id": "geral-696303191", "properties": {"estacao_id": "696303191", "estacoes_no_local": 1, "servico": "060 - SERVIÇO LIMITADO PRIVADO DE RADIOCHAMADA-SLPR", "frequencia_mhz": "25.375", "altura_antena_m": 2.0, "entidade": "SOCIEDADE BENEF ISRAELITABRAS HOSPITAL ALBERT EINSTEIN", "municipio": "São Paulo", "uf": "SP"}, "geometry": {"type": "Point", "coordinates": [-46.7147333, -23.6005694]}},
{"type": "Feature", "id": "geral-696303230", "properties": {"estacao_id": "696303230", "estacoes_no_local": 1, "servico": "060 - SERVIÇO LIMITADO PRIVADO DE RADIOCHAMADA-SLPR", "frequencia_mhz": "25.375", "altura_antena_m": 2.0, "entidade": "SOCIEDADE BENEF ISRAELITABRAS HOSPITAL ALBERT EINSTEIN", "municipio": "São Paulo", "uf": "SP"}, "geometry": {"type": "Point", "coordinates": [-46.7155639, -23.6008417]}},
{"type": "Feature", "id": "geral-696303248", "properties": {"estacao_id": "696303248", "estacoes_no_local": 1, "servico": "060 - SERVIÇO LIMITADO PRIVADO DE RADIOCHAMADA-SLPR", "frequencia_mhz": "25.375", "altura_antena_m": 2.0, "entidade": "SOCIEDADE BENEF ISRAELITABRAS HOSPITAL ALBERT EINSTEIN", "municipio": "São Paulo", "uf": "SP"}, "geometry": {"type": "Point", "coordinates": [-46.7152944, -23.6]}},
{"type": "Feature", "id": "geral-684048388", "properties": {"estacao_id": "684048388", "estacoes_no_local": 1, "servico": "060 - SERVIÇO LIMITADO PRIVADO DE RADIOCHAMADA-SLPR", "frequencia_mhz": "467.7", "altura_antena_m": 20.0, "entidade": "CASA DE SAUDE SANTOS SA", "municipio": "Santos", "uf": "SP"}, "geometry": {"type": "Point", "coordinates": [-46.3236111, -23.9616667]}},
{"type": "Feature", "id": "geral-684071045", "properties": {"estacao_id": "684071045", "estacoes_no_local": 1, "servico": "060 - SERVIÇO LIMITADO PRIVADO DE RADIOCHAMADA-SLPR", "frequencia_mhz": "25.375", "altura_antena_m": 4.0, "entidade": "FIACAO FIDES LTDA", "municipio": "Jundiaí", "uf": "SP"}, "geometry": {"type": "Point", "coordinates": [-46.9166667, -23.1708333]}},
{"type": "Feature", "id": "geral-684176076", "properties": {"estacao_id": "684176076", "estacoes_no_local": 1, "servico": "060 - SERVIÇO LIMITADO PRIVADO DE RADIOCHAMADA-SLPR", "frequencia_mhz": "451.575", "altura_antena_m": 2.5, "entidade": "CLINICA DE ONCOLOGIA MEDICA S/C LTDA", "municipio": "São Paulo", "uf": "SP"}, "geometry": {"type": "Point", "coordinates": [-46.6702778, -23.5758333]}},
{"type": "Feature", "id": "geral-684176009", "properties": {"estacao_id": "684176009", "estacoes_no_local": 1, "servico": "060 - SERVIÇO LIMITADO PRIVADO DE RADIOCHAMADA-SLPR", "frequencia_mhz": "451.575", "altura_antena_m": 5.0, "entidade": "INSTITUTO SAO JOSE", "municipio": "São José dos Campos", "uf": "SP"}, "geometry": {"type": "Point", "coordinates": [-45.9022222, -23.2]}},
{"type": "Feature", "id": "geral-684177625", "properties": {"estacao_id": "684177625", "estacoes_no_local": 1, "servico": "060 - SERVIÇO LIMITADO PRIVADO DE RADIOCHAMADA-SLPR", "frequencia_mhz": "25.375", "altura_antena_m": 20.0, "entidade": "SOCIEDADE BENEFICENTE ALEMA", "municipio": "São Paulo", "uf": "SP"}, "geometry": {"type": "Point", "coordinates": [-46.7352778, -23.5808333]}},
{"type": "Feature", "id": "geral-684177749", "properties": {"estacao_id": "684177749", "estacoes_no_local": 1, "servico": "060 - SERVIÇO LIMITADO PRIVADO DE RADIOCHAMADA-SLPR", "frequencia_mhz": "25.375", "altura_antena_m": 14.0, "entidade": "SHELLMAR EMBALAGEM MODERNA LTDA", "municipio": "São Bernardo do Campo", "uf": "SP"}, "geometry": {"type": "Point", "coordinates": [-46.8522222, -23.5719444]}},
{"type": "Feature", "id": "geral-684177994", "properties": {"estacao_id": "684177994", "estacoes_no_local": 1, "servico": "060 - SERVIÇO LIMITADO PRIVADO DE RADIOCHAMADA-SLPR", "frequencia_mhz": "456.575", "altura_antena_m": 4.0, "entidade": "TARKETT BRASIL REVESTIMENTOS LTDA", "municipio": "Jacareí", "uf": "SP"}, "geometry": {"type": "Point", "coordinates": [-45.9511111, -23.2716667]}},
{"type": "Feature", "id": "geral-684178052", "properties": {"estacao_id": "684178052", "estacoes_no_local": 1, "servico": "060 - SERVIÇO LIMITADO PRIVADO DE RADIOCHAMADA-SLPR", "frequencia_mhz": "456.575", "altura_antena_m": 6.0, "entidade": "KODAK BRASILEIRA COMERCIO DE PRODUTOS PARA IMAGEM E SERVICOS LTDA", "municipio": "São José dos Campos", "uf": "SP"}, "geometry": {"type": "Point", "coordinates": [-45.9211111, -23.2411111]}},
{"type": "Feature", "id": "geral-684203677", "properties": {"estacao_id": "684203677", "estacoes_no_local": 2, "servico": "060 - SERVIÇO LIMITADO PRIVADO DE RADIOCHAMADA-SLPR", "frequencia_mhz": "25.375", "altura_antena_m": 25.0, "entidade": "BASF SA", "municipio": "Jacareí", "uf": "SP"}, "geometry": {"type": "Point", "coordinates": [-45.99, -23.3152778]}},
{"type": "Feature", "id": "geral-684424860", "properties": {"estacao_id": "684424860", "estacoes_no_local": 1, "servico": "060 - SERVIÇO LIMITADO PRIVADO DE RADIOCHAMADA-SLPR", "frequencia_mhz": "25.375", "altura_antena_m": 90.0, "entidade": "CONDOMINIO DO EDIFICIO PAULISTA WALL STREET RESIDENCE", "municipio": "São Paulo", "uf": "SP"}, "geometry": {"type": "Point", "coordinates": [-46.6536111, -23.5605556]}},
{"type": "Feature", "id": "geral-684425181", "properties": {"estacao_id": "684425181", "estacoes_no_local": 1, "servico": "060 - SERVIÇO LIMITADO PRIVADO DE RADIOCHAMADA-SLPR", "frequencia_mhz": "25.375", "altura_antena_m": 15.0, "entidade": "THISSENKRUPP METALURGICA CAMPO LIMPO LTDA.", "municipio": "Campo Limpo Paulista", "uf": "SP"}, "geometry": {"type": "Point", "coordinates": [-46.7666667, -23.2]}},
{"type": "Feature", "id": "geral-684490293", "properties": {"estacao_id": "684490293", "estacoes_no_local": 1, "servico": "060 - SERVIÇO LIMITADO PRIVADO DE RADIOCHAMADA-SLPR", "frequencia_mhz": "25.375", "altura_antena_m": 41.0, "entidade": "AMC SEVICOS EDUCACIONAIS SC LTDA", "municipio": "São Paulo", "uf": "SP"}, "geometry": {"type": "Point", "coordinates": [-46.5972222, -23.5522222]}},
{"type": "Feature", "id": "geral-684490854", "properties": {"estacao_id": "684490854", "estacoes_no_local": 1, "servico": "060 - SERVIÇO LIMITADO PRIVADO DE RADIOCHAMADA-SLPR", "frequencia_mhz": "25.375", "altura_antena_m": 12.0, "entidade": "CLARIANT S.A", "municipio": "Suzano", "uf": "SP"}, "geometry": {"type": "Point", "coordinates": [-46.2883333, -23.5336111]}},
{"type": "Feature", "id": "geral-684503395", "properties": {"estacao_id": "684503395", "estacoes_no_local": 1, "servico": "060 - SERVIÇO LIMITADO PRIVADO DE RADIOCHAMADA-SLPR", "frequencia_mhz": "467.7", "altura_antena_m": 1.5, "entidade": "CONDOMINIO EDIFICIO MASTER TOWER IBIRAPUERA", "municipio": "São Paulo", "uf": "SP"}, "geometry": {"type": "Point", "coordinates": [-46.6636111, -23.6058333]}},
{"type": "Feature", "id": "geral-1000504066", "properties": {"estacao_id": "1000504066", "estacoes_no_local": 1, "servico": "060 - SERVIÇO LIMITADO PRIVADO DE RADIOCHAMADA-SLPR", "frequencia_mhz": "25.375", "altura_antena_m": 18.4, "entidade": "SOCIEDADE BENEFICENTE SAO CAMILO", "municipio": "São Paulo", "uf": "SP"}, "geometry": {"type": "Point", "coordinates": [-46.6120556, -23.5831944]}},
{"type": "Feature", "id": "geral-1007124870", "properties": {"estacao_id": "1007124870", "estacoes_no_local": 1, "servico": "060 - SERVIÇO LIMITADO PRIVADO DE RADIOCHAMADA-SLPR", "frequencia_mhz": "25.375", "altura_antena_m": 1.6, "entidade": "SOCIEDADE BENEFICENTE SAO CAMILO", "municipio": "São Paulo", "uf": "SP"}, "geometry": {"type": "Point", "coordinates": [-46.6118028, -23.5832556]}},
{"type": "Feature", "id": "geral-684567032", "properties": {"estacao_id": "684567032", "estacoes_no_local": 1, "servico": "060 - SERVIÇO LIMITADO PRIVADO DE RADIOCHAMADA-SLPR", "frequencia_mhz": "25.375", "altura_antena_m": 5.0, "entidade": "THYSSENKRUPP MOLAS LTDA", "municipio": "São Paulo", "uf": "SP"}, "geometry": {"type": "Point", "coordinates": [-46.5875, -23.6411111]}},
{"type": "Feature", "id": "geral-1001715613", "properties": {"estacao_id": "1001715613", "estacoes_no_local": 2, "servico": "060 - SERVIÇO LIMITADO PRIVADO DE RADIOCHAMADA-SLPR", "frequencia_mhz": "25.375", "altura_antena_m": 46.0, "entidade": "HOSPITAL 9 DE JULHO S A", "municipio": "São Paulo", "uf": "SP"}, "geometry": {"type": "Point", "coordinates": [-46.6552778, -23.5597222]}},
{"type": "Feature", "id": "geral-1000402220", "properties": {"estacao_id": "1000402220", "estacoes_no_local": 1, "servico": "060 - SERVIÇO LIMITADO PRIVADO DE RADIOCHAMADA-SLPR", "frequencia_mhz": "25.375", "altura_antena_m": 16.5, "entidade": "ASSOCIAÇÃO DE BENEFICENCIA E FILANTROPIA SAO CRISTOVAO", "municipio": "São Paulo", "uf": "SP"}, "geometry": {"type": "Point", "coordinates": [-46.5857972, -23.5692222]}},
{"type": "Feature", "id": "geral-684575094", "properties": {"estacao_id": "684575094", "estacoes_no_local": 1, "servico": "060 - SERVIÇO LIMITADO PRIVADO DE RADIOCHAMADA-SLPR", "frequencia_mhz": "456.575", "altura_antena_m": 2.5, "entidade": "HOSPITAL METROPOLITANO S/A", "municipio": "São Paulo", "uf": "SP"}, "geometry": {"type": "Point", "coordinates": [-46.6963889, -23.5297222]}},
{"type": "Feature", "id": "geral-684611961", "properties": {"estacao_id": "684611961", "estacoes_no_local": 1, "servico": "060 - SERVIÇO LIMITADO PRIVADO DE RADIOCHAMADA-SLPR", "frequencia_mhz": "451.575", "altura_antena_m": 28.0, "entidade": "BANCO SAFRA S.A.", "municipio": "São Paulo", "uf": "SP"}, "geometry": {"type": "Point", "coordinates": [-46.705, -23.5777778]}},
{"type": "Feature", "id": "geral-684621134", "properties": {"estacao_id": "684621134", "estacoes_no_local": 1, "servico": "060 - SERVIÇO LIMITADO PRIVADO DE RADIOCHAMADA-SLPR", "frequencia_mhz": "467.7", "altura_antena_m": 3.0, "entidade": "HOSPITAL NOSSA SENHORA DA PENHA S/A", "municipio": "São Paulo", "uf": "SP"}, "geometry": {"type": "Point", "coordinates": [-46.5497222, -23.5277778]}},
{"type": "Feature", "id": "geral-684642557", "properties": {"estacao_id": "684642557", "estacoes_no_local": 1, "servico": "060 - SERVIÇO LIMITADO PRIVADO DE RADIOCHAMADA-SLPR", "frequencia_mhz": "456.575", "altura_antena_m": 2.0, "entidade": "INTERMEDICA SIATEMA DE SAUDE S/A.", "municipio": "São Paulo", "uf": "SP"}, "geometry": {"type": "Point", "coordinates": [-46.5830556, -23.5111111]}},
{"type": "Feature", "id": "geral-684687143", "properties": {"estacao_id": "684687143", "estacoes_no_local": 1, "servico": "060 - SERVIÇO LIMITADO PRIVADO DE RADIOCHAMADA-SLPR", "frequencia_mhz": "451.575", "altura_antena_m": 6.0, "entidade": "SOL INVEST - HOTEL JARAGUA LTDA", "municipio": "São Paulo", "uf": "SP"}, "geometry": {"type": "Point", "coordinates": [-46.6430556, -23.5519444]}},
{"type": "Feature", "id": "geral-684687089", "properties": {"estacao_id": "684687089", "estacoes_no_local": 1, "servico": "060 - SERVIÇO LIMITADO PRIVADO DE RADIOCHAMADA-SLPR", "frequencia_mhz": "451.575", "altura_antena_m": 2.0, "entidade": "HOSPITAL DAS CLINICAS DA FACULDADE DE MEDICINA DA UNIVERSIDADE DE SAO PAULO", "municipio": "São Paulo", "uf": "SP"}, "geometry": {"type": "Point", "coordinates": [-46.6669444, -23.5569444]}},
{"type": "Feature", "id": "geral-684687119", "properties": {"estacao_id": "684687119", "estacoes_no_local": 1, "servico": "060 - SERVIÇO LIMITADO PRIVADO DE RADIOCHAMADA-SLPR", "frequencia_mhz": "451.575", "altura_antena_m": 25.0, "entidade": "HOSPITAL DAS CLINICAS DA FACULDADE DE MEDICINA DA UNIVERSIDADE DE SAO PAULO", "municipio": "São Paulo", "uf": "SP"}, "geometry": {"type": "Point", "coordinates": [-46.6697222, -23.5575]}},
{"type": "Feature", "id": "geral-684687054", "properties": {"estacao_id": "684687054", "estacoes_no_local": 1, "servico": "060 - SERVIÇO LIMITADO PRIVADO DE RADIOCHAMADA-SLPR", "frequencia_mhz": "451.575", "altura_antena_m": 2.0, "entidade": "SOCIEDADE BRASILEIRA E JAPONESA DE BENEFICIENCIA SANTA CRUZ", "municipio": "São Paulo", "uf": "SP"}, "geometry": {"type": "Point", "coordinates": [-46.6325, -23.5961111]}},
{"type": "Feature", "id": "geral-684765292", "properties": {"estacao_id": "684765292", "estacoes_no_local": 1, "servico": "060 - SERVIÇO LIMITADO PRIVADO DE RADIOCHAMADA-SLPR", "frequencia_mhz": "456.575", "altura_antena_m": 2.0, "entidade": "POLICLIN S/A SERVIÇOS MÉDICO HOSPITALARES", "municipio": "São José dos Campos", "uf": "SP"}, "geometry": {"type": "Point", "coordinates": [-45.8938889, -23.1952778]}},
{"type": "Feature", "id": "geral-3579573", "properties": {"estacao_id": "3579573", "estacoes_no_local": 62, "servico": "060 - SERVIÇO LIMITADO PRIVADO DE RADIOCHAMADA-SLPR/253 - AUXILIAR RADIODIF.- COM. DE ORDENS INTERNAS", "frequencia_mhz": "450.038–462.7", "altura_antena_m": 19.8, "entidade": "TVSBT CANAL 4 DE SAO PAULO S/A", "municipio": "Osasco", "uf": "SP"}, "geometry": {"type": "Point", "coordinates": [-46.7780556, -23.475]}},
{"type": "Feature", "id": "geral-684810786", "properties": {"estacao_id": "684810786", "estacoes_no_local": 1, "servico": "060 - SERVIÇO LIMITADO PRIVADO DE RADIOCHAMADA-SLPR", "frequencia_mhz": "456.575", "altura_antena_m": 6.2, "entidade": "NSCA COMERCIO DE ARTIGOS DO VESTUARIO LTDA", "municipio": "São Paulo", "uf": "SP"}, "geometry": {"type": "Point", "coordinates": [-46.6688889, -23.5897222]}},
{"type": "Feature", "id": "geral-684822946", "properties": {"estacao_id": "684822946", "estacoes_no_local": 1, "servico": "060 - SERVIÇO LIMITADO PRIVADO DE RADIOCHAMADA-SLPR", "frequencia_mhz": "462.7", "altura_antena_m": 2.3, "entidade": "CONDOMINIO EDIFICIO INTERNACIONAL TRADE CENTER RESIDENCE & SERVICE", "municipio": "São Paulo", "uf": "SP"}, "geometry": {"type": "Point", "coordinates": [-46.6883333, -23.5955556]}},
{"type": "Feature", "id": "geral-684822970", "properties": {"estacao_id": "684822970", "estacoes_no_local": 1, "servico": "060 - SERVIÇO LIMITADO PRIVADO DE RADIOCHAMADA-SLPR", "frequencia_mhz": "467.7", "altura_antena_m": 1.0, "entidade": "EDIFICIO SAO PAULO OFFICE PARK", "municipio": "São Paulo", "uf": "SP"}, "geometry": {"type": "Point", "coordinates": [-46.7080556, -23.6319444]}},
{"type": "Feature", "id": "geral-684875586", "properties": {"estacao_id": "684875586", "estacoes_no_local": 1, "servico": "060 - SERVIÇO LIMITADO PRIVADO DE RADIOCHAMADA-SLPR", "frequencia_mhz": "451.575", "altura_antena_m": 10.0, "entidade": "L'HOTEL LTDA", "municipio": "São Paulo", "uf": "SP"}, "geometry": {"type": "Point", "coordinates": [-46.6513889, -23.5638889]}},
{"type": "Feature", "id": "geral-699787912", "properties": {"estacao_id": "699787912", "estacoes_no_local": 1, "servico": "060 - SERVIÇO LIMITADO PRIVADO DE RADIOCHAMADA-SLPR", "frequencia_mhz": "25.375", "altura_antena_m": 43.0, "entidade": "SOC BENEFICIENTE DE SENHORAS HOSPITAL SIRIO LIBANES", "municipio": "São Paulo", "uf": "SP"}, "geometry": {"type": "Point", "coordinates": [-46.6528333, -23.5573333]}},
{"type": "Feature", "id": "geral-684921600", "properties": {"estacao_id": "684921600", "estacoes_no_local": 1, "servico": "060 - SERVIÇO LIMITADO PRIVADO DE RADIOCHAMADA-SLPR", "frequencia_mhz": "25.375", "altura_antena_m": 18.0, "entidade": "SOC BENEFICIENTE DE SENHORAS HOSPITAL SIRIO LIBANES", "municipio": "São Paulo", "uf": "SP"}, "geometry": {"type": "Point", "coordinates": [-46.6538889, -23.5566667]}},
{"type": "Feature", "id": "geral-691876169", "properties": {"estacao_id": "691876169", "estacoes_no_local": 1, "servico": "060 - SERVIÇO LIMITADO PRIVADO DE RADIOCHAMADA-SLPR", "frequencia_mhz": "25.375", "entidade": "SOC BENEFICIENTE DE SENHORAS HOSPITAL SIRIO LIBANES", "municipio": "São Paulo", "uf": "SP"}, "geometry": {"type": "Point", "coordinates": [-46.6551389, -23.5578611]}},
{"type": "Feature", "id": "geral-1001637086", "properties": {"estacao_id": "1001637086", "estacoes_no_local": 4, "servico": "060 - SERVIÇO LIMITADO PRIVADO DE RADIOCHAMADA-SLPR", "frequencia_mhz": "25.375", "altura_antena_m": 34.0, "entidade": "SOC BENEFICIENTE DE SENHORAS HOSPITAL SIRIO LIBANES", "municipio": "São Paulo", "uf": "SP"}, "geometry": {"type": "Point", "coordinates": [-46.6540278, -23.5576944]}},
{"type": "Feature", "id": "geral-1000158923", "properties": {"estacao_id": "1000158923", "estacoes_no_local": 5, "servico": "060 - SERVIÇO LIMITADO PRIVADO DE RADIOCHAMADA-SLPR", "frequencia_mhz": "25.375", "altura_antena_m": 37.5, "entidade": "SOC BENEFICIENTE DE SENHORAS HOSPITAL SIRIO LIBANES", "municipio": "São Paulo", "uf": "SP"}, "geometry": {"type": "Point", "coordinates": [-46.6531111, -23.5574167]}},
{"type": "Feature", "id": "geral-1002004877", "properties": {"estacao_id": "1002004877", "estacoes_no_local": 2, "servico": "060 - SERVIÇO LIMITADO PRIVADO DE RADIOCHAMADA-SLPR", "frequencia_mhz": "25.375", "altura_antena_m": 0.4, "entidade": "SOC BENEFICIENTE DE SENHORAS HOSPITAL SIRIO LIBANES", "municipio": "São Paulo", "uf": "SP"}, "geometry": {"type": "Point", "coordinates": [-46.6543167, -23.5577333]}},
{"type": "Feature", "id": "geral-1001637035", "properties": {"estacao_id": "1001637035", "estacoes_no_local": 1, "servico": "060 - SERVIÇO LIMITADO PRIVADO DE RADIOCHAMADA-SLPR", "frequencia_mhz": "25.375", "altura_antena_m": 65.0, "entidade": "SOC BENEFICIENTE DE SENHORAS HOSPITAL SIRIO LIBANES", "municipio": "São Paulo", "uf": "SP"}, "geometry": {"type": "Point", "coordinates": [-46.6536667, -23.5571944]}},
{"type": "Feature", "id": "geral-1003317194", "properties": {"estacao_id": "1003317194", "estacoes_no_local": 2, "servico": "060 - SERVIÇO LIMITADO PRIVADO DE RADIOCHAMADA-SLPR", "frequencia_mhz": "25.375", "altura_antena_m": 3.7, "entidade": "SOC BENEFICIENTE DE SENHORAS HOSPITAL SIRIO LIBANES", "municipio": "São Paulo", "uf": "SP"}, "geometry": {"type": "Point", "coordinates": [-46.6534722, -23.5575556]}},
{"type": "Feature", "id": "geral-685081460", "properties": {"estacao_id": "685081460", "estacoes_no_local": 1, "servico": "060 - SERVIÇO LIMITADO PRIVADO DE RADIOCHAMADA-SLPR", "frequencia_mhz": "25.375", "altura_antena_m": 23.0, "entidade": "UNIVERSIDADE DE SÃO PAULO - HOSPITAL UNIVERSITARIO", "municipio": "São Paulo", "uf": "SP"}, "geometry": {"type": "Point", "coordinates": [-46.7408333, -23.5644444]}},
{"type": "Feature", "id": "geral-691614482", "properties": {"estacao_id": "691614482", "estacoes_no_local": 1, "servico": "060 - SERVIÇO LIMITADO PRIVADO DE RADIOCHAMADA-SLPR", "frequencia_mhz": "25.375", "entidade": "UNIVERSIDADE DE SÃO PAULO - HOSPITAL UNIVERSITARIO", "municipio": "São Paulo", "uf": "SP"}, "geometry": {"type": "Point", "coordinates": [-46.7406389, -23.5651389]}},
{"type": "Feature", "id": "geral-685026892", "properties": {"estacao_id": "685026892", "estacoes_no_local": 1, "servico": "060 - SERVIÇO LIMITADO PRIVADO DE RADIOCHAMADA-SLPR", "frequencia_mhz": "467.7", "altura_antena_m": 6.0, "entidade": "POSADAS DO BRASIL EMPREENDIMENTOS HOTELEIROS LTDA.", "municipio": "Guarulhos", "uf": "SP"}, "geometry": {"type": "Point", "coordinates": [-46.4891667, -23.4494444]}},
{"type": "Feature", "id": "geral-685053717", "properties": {"estacao_id": "685053717", "estacoes_no_local": 1, "servico": "060 - SERVIÇO LIMITADO PRIVADO DE RADIOCHAMADA-SLPR", "frequencia_mhz": "451.575", "altura_antena_m": 12.0, "entidade": "REICHHOLD DO BRASIL LTDA.", "municipio": "Mogi das Cruzes", "uf": "SP"}, "geometry": {"type": "Point", "coordinates": [-46.2352778, -23.5313889]}},
{"type": "Feature", "id": "geral-687587409", "properties": {"estacao_id": "687587409", "estacoes_no_local": 1, "servico": "060 - SERVIÇO LIMITADO PRIVADO DE RADIOCHAMADA-SLPR", "frequencia_mhz": "462.7", "altura_antena_m": 2.0, "entidade": "RESTAURANTE TOURNEGRILL LTDA.", "municipio": "São Paulo", "uf": "SP"}, "geometry": {"type": "Point", "coordinates": [-46.6456111, -23.5720556]}},
{"type": "Feature", "id": "geral-687608767", "properties": {"estacao_id": "687608767", "estacoes_no_local": 1, "servico": "060 - SERVIÇO LIMITADO PRIVADO DE RADIOCHAMADA-SLPR", "frequencia_mhz": "451.575", "altura_antena_m": 2.0, "entidade": "LA LUBINA COMERCIAL LTDA.", "municipio": "São Paulo", "uf": "SP"}, "geometry": {"type": "Point", "coordinates": [-46.6695, -23.5656944]}},
{"type": "Feature", "id": "geral-687587433", "properties": {"estacao_id": "687587433", "estacoes_no_local": 1, "servico": "060 - SERVIÇO LIMITADO PRIVADO DE RADIOCHAMADA-SLPR", "frequencia_mhz": "462.7", "altura_antena_m": 2.0, "entidade": "RESTAURANTE SANTA GERTRUDES LTDA.", "municipio": "São Paulo", "uf": "SP"}, "geometry": {"type": "Point", "coordinates": [-46.6842222, -23.5828056]}},
{"type": "Feature", "id": "geral-687217490", "properties": {"estacao_id": "687217490", "estacoes_no_local": 2, "servico": "060 - SERVIÇO LIMITADO PRIVADO DE RADIOCHAMADA-SLPR", "frequencia_mhz": "25.375–467.7", "altura_antena_m": 29.0, "entidade": "HOSPITAL SANTA PAULA S/A", "municipio": "São Paulo", "uf": "SP"}, "geometry": {"type": "Point", "coordinates": [-46.6758333, -23.6056389]}},
{"type": "Feature", "id": "geral-688138225", "properties": {"estacao_id": "688138225", "estacoes_no_local": 1, "servico": "060 - SERVIÇO LIMITADO PRIVADO DE RADIOCHAMADA-SLPR", "frequencia_mhz": "25.375", "altura_antena_m": 66.0, "entidade": "CONDOMINIO DO EDIFICIO BERRINI PLAZA", "municipio": "São Paulo", "uf": "SP"}, "geometry": {"type": "Point", "coordinates": [-46.695, -23.6088889]}},
{"type": "Feature", "id": "geral-686842170", "properties": {"estacao_id": "686842170", "estacoes_no_local": 1, "servico": "060 - SERVIÇO LIMITADO PRIVADO DE RADIOCHAMADA-SLPR", "frequencia_mhz": "462.7", "altura_antena_m": 13.0, "entidade": "SERVICO FEDERAL DE PROCESSAMENTO DE DADOS (SERPRO)", "municipio": "São Paulo", "uf": "SP"}, "geometry": {"type": "Point", "coordinates": [-46.7075, -23.6738889]}},
{"type": "Feature", "id": "geral-687410355", "properties": {"estacao_id": "687410355", "estacoes_no_local": 1, "servico": "060 - SERVIÇO LIMITADO PRIVADO DE RADIOCHAMADA-SLPR", "frequencia_mhz": "25.375", "altura_antena_m": 6.0, "entidade": "SERVIÇO SOCIAL DA CONSTRUÇÃO CIVIL DO ESTADO DE SÃO PAULO - SECONCI-SP", "municipio": "Itapecerica da Serra", "uf": "SP"}, "geometry": {"type": "Point", "coordinates": [-46.8472222, -23.6997222]}},
{"type": "Feature", "id": "geral-700023992", "properties": {"estacao_id": "700023992", "estacoes_no_local": 1, "servico": "060 - SERVIÇO LIMITADO PRIVADO DE RADIOCHAMADA-SLPR", "frequencia_mhz": "25.375", "altura_antena_m": 7.6, "entidade": "LEPE INDUSTRIA E COMERCIO LTDA", "municipio": "Guarulhos", "uf": "SP"}, "geometry": {"type": "Point", "coordinates": [-46.5202889, -23.4780611]}},
{"type": "Feature", "id": "geral-687978610", "properties": {"estacao_id": "687978610", "estacoes_no_local": 1, "servico": "060 - SERVIÇO LIMITADO PRIVADO DE RADIOCHAMADA-SLPR", "frequencia_mhz": "451.575", "altura_antena_m": 2.0, "entidade": "UNIQUE - SERVIÇOS DE HOTELARIA E ALIMENTAÇÃO, COMERCIO E PARTICIPAÇÕES S/A", "municipio": "São Paulo", "uf": "SP"}, "geometry": {"type": "Point", "coordinates": [-46.6669167, -23.5817222]}},
{"type": "Feature", "id": "geral-688206123", "properties": {"estacao_id": "688206123", "estacoes_no_local": 1, "servico": "060 - SERVIÇO LIMITADO PRIVADO DE RADIOCHAMADA-SLPR", "frequencia_mhz": "25.375", "altura_antena_m": 45.0, "entidade": "Associacao Beneficente Siria", "municipio": "São Paulo", "uf": "SP"}, "geometry": {"type": "Point", "coordinates": [-46.6436389, -23.5728611]}},
{"type": "Feature", "id": "geral-688206131", "properties": {"estacao_id": "688206131", "estacoes_no_local": 1, "servico": "060 - SERVIÇO LIMITADO PRIVADO DE RADIOCHAMADA-SLPR", "frequencia_mhz": "25.375", "entidade": "Associacao Beneficente Siria", "municipio": "São Paulo", "uf": "SP"}, "geometry": {"type": "Point", "coordinates": [-46.6435, -23.5733333]}},
{"type": "Feature", "id": "geral-689500513", "properties": {"estacao_id": "689500513", "estacoes_no_local": 1, "servico": "060 - SERVIÇO LIMITADO PRIVADO DE RADIOCHAMADA-SLPR", "frequencia_mhz": "25.375", "altura_antena_m": 38.0, "entidade": "Associacao Beneficente Siria", "municipio": "São Paulo", "uf": "SP"}, "geometry": {"type": "Point", "coordinates": [-46.6442778, -23.5737222]}},
{"type": "Feature", "id": "geral-699535921", "properties": {"estacao_id": "699535921", "estacoes_no_local": 1, "servico": "060 - SERVIÇO LIMITADO PRIVADO DE RADIOCHAMADA-SLPR", "frequencia_mhz": "25.375", "entidade": "Associacao Beneficente Siria", "municipio": "São Paulo", "uf": "SP"}, "geometry": {"type": "Point", "coordinates": [-46.6445556, -23.5728611]}},
{"type": "Feature", "id": "geral-1007417983", "properties": {"estacao_id": "1007417983", "estacoes_no_local": 1, "servico": "060 - SERVIÇO LIMITADO PRIVADO DE RADIOCHAMADA-SLPR", "frequencia_mhz": "25.375", "altura_antena_m": 2.6, "entidade": "Associacao Beneficente Siria", "municipio": "São Paulo", "uf": "SP"}, "geometry": {"type": "Point", "coordinates": [-46.6428639, -23.5731139]}},
{"type": "Feature", "id": "geral-688103588", "properties": {"estacao_id": "688103588", "estacoes_no_local": 1, "servico": "060 - SERVIÇO LIMITADO PRIVADO DE RADIOCHAMADA-SLPR", "frequencia_mhz": "25.375", "altura_antena_m": 42.0, "entidade": "Fundacao Antonio Prudente", "municipio": "São Paulo", "uf": "SP"}, "geometry": {"type": "Point", "coordinates": [-46.6380556, -23.5652778]}},
{"type": "Feature", "id": "geral-695357867", "properties": {"estacao_id": "695357867", "estacoes_no_local": 1, "servico": "060 - SERVIÇO LIMITADO PRIVADO DE RADIOCHAMADA-SLPR", "frequencia_mhz": "25.375", "altura_antena_m": 10.4, "entidade": "Fundacao Antonio Prudente", "municipio": "São Paulo", "uf": "SP"}, "geometry": {"type": "Point", "coordinates": [-46.6347222, -23.5657778]}},
{"type": "Feature", "id": "geral-688020437", "properties": {"estacao_id": "688020437", "estacoes_no_local": 1, "servico": "060 - SERVIÇO LIMITADO PRIVADO DE RADIOCHAMADA-SLPR", "frequencia_mhz": "456.575", "altura_antena_m": 17.0, "entidade": "SOCIEDADE ASSISTENCIAL BANDEIRANTES", "municipio": "São Paulo", "uf": "SP"}, "geometry": {"type": "Point", "coordinates": [-46.6341889, -23.5575028]}},
{"type": "Feature", "id": "geral-687986516", "properties": {"estacao_id": "687986516", "estacoes_no_local": 1, "servico": "060 - SERVIÇO LIMITADO PRIVADO DE RADIOCHAMADA-SLPR", "frequencia_mhz": "467.7", "altura_antena_m": 2.0, "entidade": "CONDOMINIO EDIFICIO CONVENTION CENTER BERRINI", "municipio": "São Paulo", "uf": "SP"}, "geometry": {"type": "Point", "coordinates": [-46.6963889, -23.6225278]}},
{"type": "Feature", "id": "geral-688041167", "properties": {"estacao_id": "688041167", "estacoes_no_local": 1, "servico": "060 - SERVIÇO LIMITADO PRIVADO DE RADIOCHAMADA-SLPR", "frequencia_mhz": "456.575", "altura_antena_m": 2.5, "entidade": "AMESP SAUDE LTDA", "municipio": "São Paulo", "uf": "SP"}, "geometry": {"type": "Point", "coordinates": [-46.7082778, -23.5781944]}},
{"type": "Feature", "id": "geral-688455930", "properties": {"estacao_id": "688455930", "estacoes_no_local": 1, "servico": "060 - SERVIÇO LIMITADO PRIVADO DE RADIOCHAMADA-SLPR", "frequencia_mhz": "25.375", "altura_antena_m": 26.0, "entidade": "RHODIA POLIAMIDA E ESPECIALIDADES LTDA", "municipio": "Santo André", "uf": "SP"}, "geometry": {"type": "Point", "coordinates": [-46.5205583, -23.6533528]}},
{"type": "Feature", "id": "geral-688455980", "properties": {"estacao_id": "688455980", "estacoes_no_local": 1, "servico": "060 - SERVIÇO LIMITADO PRIVADO DE RADIOCHAMADA-SLPR", "frequencia_mhz": "467.7", "altura_antena_m": 8.0, "entidade": "RHODIA POLIAMIDA E ESPECIALIDADES LTDA", "municipio": "Santo André", "uf": "SP"}, "geometry": {"type": "Point", "coordinates": [-46.5225139, -23.6533528]}},
{"type": "Feature", "id": "geral-688478646", "properties": {"estacao_id": "688478646", "estacoes_no_local": 1, "servico": "060 - SERVIÇO LIMITADO PRIVADO DE RADIOCHAMADA-SLPR", "frequencia_mhz": "451.575", "altura_antena_m": 1.5, "entidade": "EDITORA ABRIL S/A", "municipio": "Osasco", "uf": "SP"}, "geometry": {"type": "Point", "coordinates": [-46.8025, -23.5516667]}},
{"type": "Feature", "id": "geral-689290993", "properties": {"estacao_id": "689290993", "estacoes_no_local": 1, "servico": "060 - SERVIÇO LIMITADO PRIVADO DE RADIOCHAMADA-SLPR", "frequencia_mhz": "25.375", "altura_antena_m": 20.5, "entidade": "SOCIEDADE HOSPITAL SAMARITANO", "municipio": "São Paulo", "uf": "SP"}, "geometry": {"type": "Point", "coordinates": [-46.6618, -23.5389833]}},
{"type": "Feature", "id": "geral-688547052", "properties": {"estacao_id": "688547052", "estacoes_no_local": 1, "servico": "060 - SERVIÇO LIMITADO PRIVADO DE RADIOCHAMADA-SLPR", "frequencia_mhz": "467.7", "altura_antena_m": 10.0, "entidade": "CONDOMINIO EDIFICIO CAESAR TOWERS PAULISTA", "municipio": "São Paulo", "uf": "SP"}, "geometry": {"type": "Point", "coordinates": [-46.656, -23.5601389]}},
{"type": "Feature", "id": "geral-688679811", "properties": {"estacao_id": "688679811", "estacoes_no_local": 1, "servico": "060 - SERVIÇO LIMITADO PRIVADO DE RADIOCHAMADA-SLPR", "frequencia_mhz": "25.375", "altura_antena_m": 33.0, "entidade": "REDE D'OR SAO LUIZ S.A.", "municipio": "Santo André", "uf": "SP"}, "geometry": {"type": "Point", "coordinates": [-46.5316389, -23.6678611]}},
{"type": "Feature", "id": "geral-688907423", "properties": {"estacao_id": "688907423", "estacoes_no_local": 1, "servico": "060 - SERVIÇO LIMITADO PRIVADO DE RADIOCHAMADA-SLPR", "frequencia_mhz": "25.375", "altura_antena_m": 4.7, "entidade": "EDIFICIO DOUBLE SPACE FARIA LIMA", "municipio": "São Paulo", "uf": "SP"}, "geometry": {"type": "Point", "coordinates": [-46.6805694, -23.5911167]}},
{"type": "Feature", "id": "geral-1000021456", "properties": {"estacao_id": "1000021456", "estacoes_no_local": 1, "servico": "060 - SERVIÇO LIMITADO PRIVADO DE RADIOCHAMADA-SLPR", "frequencia_mhz": "25.375", "altura_antena_m": 14.1, "entidade": "HOSPITAL E MATERNIDADE NOSSA SENHORA DE LOURDES S/A", "municipio": "São Paulo", "uf": "SP"}, "geometry": {"type": "Point", "coordinates": [-46.6430556, -23.6439167]}},
{"type": "Feature", "id": "geral-688942890", "properties": {"estacao_id": "688942890", "estacoes_no_local": 1, "servico": "060 - SERVIÇO LIMITADO PRIVADO DE RADIOCHAMADA-SLPR", "frequencia_mhz": "25.375", "altura_antena_m": 10.0, "entidade": "HOSPITAL CARLOS CHAGAS S A", "municipio": "Guarulhos", "uf": "SP"}, "geometry": {"type": "Point", "coordinates": [-46.5288333, -23.471]}},
{"type": "Feature", "id": "geral-688994431", "properties": {"estacao_id": "688994431", "estacoes_no_local": 1, "servico": "060 - SERVIÇO LIMITADO PRIVADO DE RADIOCHAMADA-SLPR", "frequencia_mhz": "25.375", "altura_antena_m": 32.0, "entidade": "HOSPITAL E MATERNIDADE SANTA JOANA S/A", "municipio": "São Paulo", "uf": "SP"}, "geometry": {"type": "Point", "coordinates": [-46.6386111, -23.5744444]}},
{"type": "Feature", "id": "geral-689108117", "properties": {"estacao_id": "689108117", "estacoes_no_local": 1, "servico": "060 - SERVIÇO LIMITADO PRIVADO DE RADIOCHAMADA-SLPR", "frequencia_mhz": "25.375", "altura_antena_m": 79.0, "entidade": "CONDOMINIO DO EDIFICIO ANTARES FLAT SERVICE", "municipio": "São Paulo", "uf": "SP"}, "geometry": {"type": "Point", "coordinates": [-46.6941722, -23.6016722]}},
{"type": "Feature", "id": "geral-689526989", "properties": {"estacao_id": "689526989", "estacoes_no_local": 1, "servico": "060 - SERVIÇO LIMITADO PRIVADO DE RADIOCHAMADA-SLPR", "frequencia_mhz": "25.375", "altura_antena_m": 15.0, "entidade": "HOSPITAL E MATERNIDADE SANTA MARINA LTDA", "municipio": "São Paulo", "uf": "SP"}, "geometry": {"type": "Point", "coordinates": [-46.6536944, -23.6571111]}},
{"type": "Feature", "id": "geral-689656068", "properties": {"estacao_id": "689656068", "estacoes_no_local": 1, "servico": "060 - SERVIÇO LIMITADO PRIVADO DE RADIOCHAMADA-SLPR", "frequencia_mhz": "25.375", "altura_antena_m": 17.3, "entidade": "LUA NOVA IND. COM. DE PRODUTOS ALIMENTICIOS LTDA", "municipio": "Guarulhos", "uf": "SP"}, "geometry": {"type": "Point", "coordinates": [-46.3702222, -23.4318056]}},
{"type": "Feature", "id": "geral-689656033", "properties": {"estacao_id": "689656033", "estacoes_no_local": 1, "servico": "060 - SERVIÇO LIMITADO PRIVADO DE RADIOCHAMADA-SLPR", "frequencia_mhz": "25.375", "altura_antena_m": 6.4, "entidade": "LUA NOVA IND. COM. DE PRODUTOS ALIMENTICIOS LTDA", "municipio": "São Paulo", "uf": "SP"}, "geometry": {"type": "Point", "coordinates": [-46.4951667, -23.5284444]}},
{"type": "Feature", "id": "geral-1000040531", "properties": {"estacao_id": "1000040531", "estacoes_no_local": 1, "servico": "060 - SERVIÇO LIMITADO PRIVADO DE RADIOCHAMADA-SLPR", "frequencia_mhz": "25.375", "altura_antena_m": 36.5, "entidade": "REAL E BENEMERITA ASSOCIACAO PORTUGUESA DE BENEFICENCIA", "municipio": "São Paulo", "uf": "SP"}, "geometry": {"type": "Point", "coordinates": [-46.6417222, -23.5680556]}},
{"type": "Feature", "id": "geral-1008765705", "properties": {"estacao_id": "1008765705", "estacoes_no_local": 4, "servico": "060 - SERVIÇO LIMITADO PRIVADO DE RADIOCHAMADA-SLPR", "frequencia_mhz": "25.375", "altura_antena_m": 5.0, "entidade": "REAL E BENEMERITA ASSOCIACAO PORTUGUESA DE BENEFICENCIA", "municipio": "São Paulo", "uf": "SP"}, "geometry": {"type": "Point", "coordinates": [-46.6411389, -23.5671389]}},
{"type": "Feature", "id": "geral-1002590423", "properties": {"estacao_id": "1002590423", "estacoes_no_local": 1, "servico": "060 - SERVIÇO LIMITADO PRIVADO DE RADIOCHAMADA-SLPR", "frequencia_mhz": "25.375", "altura_antena_m": 6.0, "entidade": "REAL E BENEMERITA ASSOCIACAO PORTUGUESA DE BENEFICENCIA", "municipio": "São Paulo", "uf": "SP"}, "geometry": {"type": "Point", "coordinates": [-46.64175, -23.5665278]}},
{"type": "Feature", "id": "geral-1008765586", "properties": {"estacao_id": "1008765586", "estacoes_no_local": 1, "servico": "060 - SERVIÇO LIMITADO PRIVADO DE RADIOCHAMADA-SLPR", "frequencia_mhz": "25.375", "altura_antena_m": 9.3, "entidade": "REAL E BENEMERITA ASSOCIACAO PORTUGUESA DE BENEFICENCIA", "municipio": "São Paulo", "uf": "SP"}, "geometry": {"type": "Point", "coordinates": [-46.6417222, -23.5671111]}},
{"type": "Feature", "id": "geral-1008765616", "properties": {"estacao_id": "1008765616", "estacoes_no_local": 1, "servico": "060 - SERVIÇO LIMITADO PRIVADO DE RADIOCHAMADA-SLPR", "frequencia_mhz": "25.375", "altura_antena_m": 10.0, "entidade": "REAL E BENEMERITA ASSOCIACAO PORTUGUESA DE BENEFICENCIA", "municipio": "São Paulo", "uf": "SP"}, "geometry": {"type": "Point", "coordinates": [-46.6413333, -23.5676667]}},
{"type": "Feature", "id": "geral-691411360", "properties": {"estacao_id": "691411360", "estacoes_no_local": 1, "servico": "060 - SERVIÇO LIMITADO PRIVADO DE RADIOCHAMADA-SLPR", "frequencia_mhz": "25.375", "altura_antena_m": 10.0, "entidade": "EDIFICIO MELIA CONFORT HIGIENOPOLIS", "municipio": "São Paulo", "uf": "SP"}, "geometry": {"type": "Point", "coordinates": [-46.6561111, -23.5447222]}},
{"type": "Feature", "id": "geral-691009007", "properties": {"estacao_id": "691009007", "estacoes_no_local": 1, "servico": "060 - SERVIÇO LIMITADO PRIVADO DE RADIOCHAMADA-SLPR", "frequencia_mhz": "462.7", "altura_antena_m": 10.0, "entidade": "SAUDE ABC SERVICOS MEDICO HOSPITALARES LTDA.", "municipio": "São Paulo", "uf": "SP"}, "geometry": {"type": "Point", "coordinates": [-46.6727778, -23.6194444]}},
{"type": "Feature", "id": "geral-691560315", "properties": {"estacao_id": "691560315", "estacoes_no_local": 1, "servico": "060 - SERVIÇO LIMITADO PRIVADO DE RADIOCHAMADA-SLPR", "frequencia_mhz": "25.375", "altura_antena_m": 5.0, "entidade": "NESTLE BRASIL LTDA", "municipio": "São Paulo", "uf": "SP"}, "geometry": {"type": "Point", "coordinates": [-46.6960833, -23.6080833]}},
{"type": "Feature", "id": "geral-690526059", "properties": {"estacao_id": "690526059", "estacoes_no_local": 1, "servico": "060 - SERVIÇO LIMITADO PRIVADO DE RADIOCHAMADA-SLPR", "frequencia_mhz": "25.375", "altura_antena_m": 15.4, "entidade": "KIMBERLY -CLARK BRASIL INDUSTRIA E COMERCIO DE PRODUTOS DE HIGIENE LTDA", "municipio": "Mogi das Cruzes", "uf": "SP"}, "geometry": {"type": "Point", "coordinates": [-46.2443889, -23.4486944]}},
{"type": "Feature", "id": "geral-691232245", "properties": {"estacao_id": "691232245", "estacoes_no_local": 1, "servico": "060 - SERVIÇO LIMITADO PRIVADO DE RADIOCHAMADA-SLPR", "frequencia_mhz": "25.375", "altura_antena_m": 15.0, "entidade": "HOSPITAL ALEMAO OSWALDO CRUZ", "municipio": "São Paulo", "uf": "SP"}, "geometry": {"type": "Point", "coordinates": [-46.6434167, -23.5695278]}},
{"type": "Feature", "id": "geral-691232253", "properties": {"estacao_id": "691232253", "estacoes_no_local": 1, "servico": "060 - SERVIÇO LIMITADO PRIVADO DE RADIOCHAMADA-SLPR", "frequencia_mhz": "25.375", "altura_antena_m": 1.9, "entidade": "HOSPITAL ALEMAO OSWALDO CRUZ", "municipio": "São Paulo", "uf": "SP"}, "geometry": {"type": "Point", "coordinates": [-46.6433333, -23.5696111]}},
{"type": "Feature", "id": "geral-691232261", "properties": {"estacao_id": "691232261", "estacoes_no_local": 1, "servico": "060 - SERVIÇO LIMITADO PRIVADO DE RADIOCHAMADA-SLPR", "frequencia_mhz": "25.375", "entidade": "HOSPITAL ALEMAO OSWALDO CRUZ", "municipio": "São Paulo", "uf": "SP"}, "geometry": {"type": "Point", "coordinates": [-46.6428056, -23.5695556]}},
{"type": "Feature", "id": "geral-699101409", "properties": {"estacao_id": "699101409", "estacoes_no_local": 2, "servico": "060 - SERVIÇO LIMITADO PRIVADO DE RADIOCHAMADA-SLPR", "frequencia_mhz": "25.375", "altura_antena_m": 65.0, "entidade": "HOSPITAL ALEMAO OSWALDO CRUZ", "municipio": "São Paulo", "uf": "SP"}, "geometry": {"type": "Point", "coordinates": [-46.6429167, -23.5700556]}},
{"type": "Feature", "id": "geral-1002643942", "properties": {"estacao_id": "1002643942", "estacoes_no_local": 1, "servico": "060 - SERVIÇO LIMITADO PRIVADO DE RADIOCHAMADA-SLPR", "frequencia_mhz": "25.375", "entidade": "HOSPITAL ALEMAO OSWALDO CRUZ", "municipio": "São Paulo", "uf": "SP"}, "geometry": {"type": "Point", "coordinates": [-46.6433333, -23.5696944]}},
{"type": "Feature", "id": "geral-1003970947", "properties": {"estacao_id": "1003970947", "estacoes_no_local": 2, "servico": "060 - SERVIÇO LIMITADO PRIVADO DE RADIOCHAMADA-SLPR", "frequencia_mhz": "25.375", "altura_antena_m": 34.9, "entidade": "HOSPITAL ALEMAO OSWALDO CRUZ", "municipio": "São Paulo", "uf": "SP"}, "geometry": {"type": "Point", "coordinates": [-46.6385833, -23.5622778]}},
{"type": "Feature", "id": "geral-691240701", "properties": {"estacao_id": "691240701", "estacoes_no_local": 1, "servico": "060 - SERVIÇO LIMITADO PRIVADO DE RADIOCHAMADA-SLPR", "frequencia_mhz": "25.375", "altura_antena_m": 36.0, "entidade": "HOSPITAL ALVORADA TAGUATINGA LTDA", "municipio": "São Paulo", "uf": "SP"}, "geometry": {"type": "Point", "coordinates": [-46.6609167, -23.6015556]}},
{"type": "Feature", "id": "geral-691240728", "properties": {"estacao_id": "691240728", "estacoes_no_local": 1, "servico": "060 - SERVIÇO LIMITADO PRIVADO DE RADIOCHAMADA-SLPR", "frequencia_mhz": "25.375", "altura_antena_m": 8.3, "entidade": "HOSPITAL ALVORADA TAGUATINGA LTDA", "municipio": "São Paulo", "uf": "SP"}, "geometry": {"type": "Point", "coordinates": [-46.7099167, -23.6505278]}},
{"type": "Feature", "id": "geral-693053682", "properties": {"estacao_id": "693053682", "estacoes_no_local": 1, "servico": "060 - SERVIÇO LIMITADO PRIVADO DE RADIOCHAMADA-SLPR", "frequencia_mhz": "25.375", "altura_antena_m": 33.0, "entidade": "HOSPITAL ALVORADA TAGUATINGA LTDA", "municipio": "São Bernardo do Campo", "uf": "SP"}, "geometry": {"type": "Point", "coordinates": [-46.5550556, -23.6922778]}},
{"type": "Feature", "id": "geral-691464626", "properties": {"estacao_id": "691464626", "estacoes_no_local": 1, "servico": "060 - SERVIÇO LIMITADO PRIVADO DE RADIOCHAMADA-SLPR", "frequencia_mhz": "25.375", "altura_antena_m": 29.6, "entidade": "FUND INST DE MOLESTIAS DO APARELHO DIGESTIVO E DA NUTRI", "municipio": "São Paulo", "uf": "SP"}, "geometry": {"type": "Point", "coordinates": [-46.6516389, -23.5957222]}},
{"type": "Feature", "id": "geral-692391789", "properties": {"estacao_id": "692391789", "estacoes_no_local": 1, "servico": "060 - SERVIÇO LIMITADO PRIVADO DE RADIOCHAMADA-SLPR", "frequencia_mhz": "25.375", "altura_antena_m": 14.0, "entidade": "SOCIEDADE BENEFICENTE SAO CAMILO", "municipio": "São Paulo", "uf": "SP"}, "geometry": {"type": "Point", "coordinates": [-46.6274444, -23.4877778]}},
{"type": "Feature", "id": "geral-696221691", "properties": {"estacao_id": "696221691", "estacoes_no_local": 1, "servico": "060 - SERVIÇO LIMITADO PRIVADO DE RADIOCHAMADA-SLPR", "frequencia_mhz": "25.375", "altura_antena_m": 7.0, "entidade": "SOC BENEFICIENTE DE SENHORAS HOSPITAL SIRIO LIBANES", "municipio": "São Paulo", "uf": "SP"}, "geometry": {"type": "Point", "coordinates": [-46.6749167, -23.5853889]}},
{"type": "Feature", "id": "geral-696136627", "properties": {"estacao_id": "696136627", "estacoes_no_local": 1, "servico": "060 - SERVIÇO LIMITADO PRIVADO DE RADIOCHAMADA-SLPR", "frequencia_mhz": "25.375", "altura_antena_m": 20.0, "entidade": "BASF S.A", "municipio": "São Bernardo do Campo", "uf": "SP"}, "geometry": {"type": "Point", "coordinates": [-46.5797222, -23.7530556]}},
{"type": "Feature", "id": "geral-697156885", "properties": {"estacao_id": "697156885", "estacoes_no_local": 1, "servico": "060 - SERVIÇO LIMITADO PRIVADO DE RADIOCHAMADA-SLPR", "frequencia_mhz": "25.375", "altura_antena_m": 1.0, "entidade": "INTERMEDICA SISTEMA DE SAUDE S A", "municipio": "São Paulo", "uf": "SP"}, "geometry": {"type": "Point", "coordinates": [-46.6564111, -23.5575639]}},
{"type": "Feature", "id": "geral-697490700", "properties": {"estacao_id": "697490700", "estacoes_no_local": 1, "servico": "060 - SERVIÇO LIMITADO PRIVADO DE RADIOCHAMADA-SLPR", "frequencia_mhz": "25.375", "altura_antena_m": 27.5, "entidade": "NOVARTIS BIOCIENCIAS S/A", "municipio": "São Paulo", "uf": "SP"}, "geometry": {"type": "Point", "coordinates": [-46.6872222, -23.6280556]}},
{"type": "Feature", "id": "geral-1003346321", "properties": {"estacao_id": "1003346321", "estacoes_no_local": 3, "servico": "060 - SERVIÇO LIMITADO PRIVADO DE RADIOCHAMADA-SLPR", "frequencia_mhz": "25.375", "altura_antena_m": 32.0, "entidade": "ESHO-EMPRESA DE SERVICOS HOSPITALARES LTDA", "municipio": "São Paulo", "uf": "SP"}, "geometry": {"type": "Point", "coordinates": [-46.6422778, -23.5651111]}},
{"type": "Feature", "id": "geral-698572734", "properties": {"estacao_id": "698572734", "estacoes_no_local": 1, "servico": "060 - SERVIÇO LIMITADO PRIVADO DE RADIOCHAMADA-SLPR", "frequencia_mhz": "25.375", "altura_antena_m": 47.8, "entidade": "ESHO EMPRESA DE SERVIÇOS HOSPITALARES S.A.", "municipio": "São Paulo", "uf": "SP"}, "geometry": {"type": "Point", "coordinates": [-46.562, -23.5630833]}},
{"type": "Feature", "id": "geral-699100720", "properties": {"estacao_id": "699100720", "estacoes_no_local": 1, "servico": "060 - SERVIÇO LIMITADO PRIVADO DE RADIOCHAMADA-SLPR", "frequencia_mhz": "25.375", "altura_antena_m": 3.1, "entidade": "ESHO EMPRESA DE SERVIÇOS HOSPITALARES S.A.", "municipio": "São Paulo", "uf": "SP"}, "geometry": {"type": "Point", "coordinates": [-46.5620556, -23.5635833]}},
{"type": "Feature", "id": "geral-698572920", "properties": {"estacao_id": "698572920", "estacoes_no_local": 1, "servico": "060 - SERVIÇO LIMITADO PRIVADO DE RADIOCHAMADA-SLPR", "frequencia_mhz": "25.375", "altura_antena_m": 27.0, "entidade": "AMICO SAÚDE LTDA", "municipio": "Mogi das Cruzes", "uf": "SP"}, "geometry": {"type": "Point", "coordinates": [-46.198, -23.5288889]}},
{"type": "Feature", "id": "geral-698572793", "properties": {"estacao_id": "698572793", "estacoes_no_local": 1, "servico": "060 - SERVIÇO LIMITADO PRIVADO DE RADIOCHAMADA-SLPR", "frequencia_mhz": "25.375", "altura_antena_m": 26.0, "entidade": "AMICO SAUDE LTDA", "municipio": "São Paulo", "uf": "SP"}, "geometry": {"type": "Point", "coordinates": [-46.6970278, -23.5305556]}},
{"type": "Feature", "id": "geral-698572904", "properties": {"estacao_id": "698572904", "estacoes_no_local": 1, "servico": "060 - SERVIÇO LIMITADO PRIVADO DE RADIOCHAMADA-SLPR", "frequencia_mhz": "25.375", "altura_antena_m": 21.0, "entidade": "AMICO SAÚDE LTDA", "municipio": "Caieiras", "uf": "SP"}, "geometry": {"type": "Point", "coordinates": [-46.7462778, -23.36225]}},
{"type": "Feature", "id": "geral-698572670", "properties": {"estacao_id": "698572670", "estacoes_no_local": 1, "servico": "060 - SERVIÇO LIMITADO PRIVADO DE RADIOCHAMADA-SLPR", "frequencia_mhz": "25.375", "altura_antena_m": 22.0, "entidade": "HOSPITAL ALVORADA TAGUATINGA LTDA", "municipio": "São Paulo", "uf": "SP"}, "geometry": {"type": "Point", "coordinates": [-46.7080556, -23.5781667]}},
{"type": "Feature", "id": "geral-698775708", "properties": {"estacao_id": "698775708", "estacoes_no_local": 2, "servico": "060 - SERVIÇO LIMITADO PRIVADO DE RADIOCHAMADA-SLPR", "frequencia_mhz": "25.375", "altura_antena_m": 3.3, "entidade": "HILTON DO BRASIL LTDA", "municipio": "São Paulo", "uf": "SP"}, "geometry": {"type": "Point", "coordinates": [-46.6971111, -23.6114722]}},
{"type": "Feature", "id": "geral-698934270", "properties": {"estacao_id": "698934270", "estacoes_no_local": 1, "servico": "060 - SERVIÇO LIMITADO PRIVADO DE RADIOCHAMADA-SLPR", "frequencia_mhz": "25.375", "entidade": "AMICO SAUDE LTDA", "municipio": "São Paulo", "uf": "SP"}, "geometry": {"type": "Point", "coordinates": [-46.6405, -23.5812222]}},
{"type": "Feature", "id": "geral-698932994", "properties": {"estacao_id": "698932994", "estacoes_no_local": 1, "servico": "060 - SERVIÇO LIMITADO PRIVADO DE RADIOCHAMADA-SLPR", "frequencia_mhz": "25.375", "altura_antena_m": 16.5, "entidade": "AMICO SAUDE LTDA", "municipio": "São Paulo", "uf": "SP"}, "geometry": {"type": "Point", "coordinates": [-46.6405, -23.5812778]}},
{"type": "Feature", "id": "geral-1000134560", "properties": {"estacao_id": "1000134560", "estacoes_no_local": 1, "servico": "060 - SERVIÇO LIMITADO PRIVADO DE RADIOCHAMADA-SLPR", "frequencia_mhz": "25.375", "altura_antena_m": 8.5, "entidade": "SOCIEDADE BENEFICENTE SAO CAMILO", "municipio": "São Paulo", "uf": "SP"}, "geometry": {"type": "Point", "coordinates": [-46.6884722, -23.5338056]}},
{"type": "Feature", "id": "geral-1009458326", "properties": {"estacao_id": "1009458326", "estacoes_no_local": 1, "servico": "060 - SERVIÇO LIMITADO PRIVADO DE RADIOCHAMADA-SLPR", "frequencia_mhz": "25.375", "altura_antena_m": 39.0, "entidade": "SOCIEDADE BENEFICENTE SAO CAMILO", "municipio": "São Paulo", "uf": "SP"}, "geometry": {"type": "Point", "coordinates": [-46.688275, -23.5336778]}},
{"type": "Feature", "id": "geral-1010448665", "properties": {"estacao_id": "1010448665", "estacoes_no_local": 1, "servico": "060 - SERVIÇO LIMITADO PRIVADO DE RADIOCHAMADA-SLPR", "frequencia_mhz": "25.375", "entidade": "SOCIEDADE BENEFICENTE SAO CAMILO", "municipio": "São Paulo", "uf": "SP"}, "geometry": {"type": "Point", "coordinates": [-46.6889139, -23.5339583]}},
{"type": "Feature", "id": "geral-1010448703", "properties": {"estacao_id": "1010448703", "estacoes_no_local": 1, "servico": "060 - SERVIÇO LIMITADO PRIVADO DE RADIOCHAMADA-SLPR", "frequencia_mhz": "25.375", "altura_antena_m": 14.0, "entidade": "SOCIEDADE BENEFICENTE SAO CAMILO", "municipio": "São Paulo", "uf": "SP"}, "geometry": {"type": "Point", "coordinates": [-46.6890667, -23.5337667]}},
{"type": "Feature", "id": "geral-699732565", "properties": {"estacao_id": "699732565", "estacoes_no_local": 3, "servico": "060 - SERVIÇO LIMITADO PRIVADO DE RADIOCHAMADA-SLPR", "frequencia_mhz": "25.375", "altura_antena_m": 7.8, "entidade": "FUNDACAO ZERBINI", "municipio": "São Paulo", "uf": "SP"}, "geometry": {"type": "Point", "coordinates": [-46.6675, -23.5566944]}},
{"type": "Feature", "id": "geral-699934435", "properties": {"estacao_id": "699934435", "estacoes_no_local": 1, "servico": "060 - SERVIÇO LIMITADO PRIVADO DE RADIOCHAMADA-SLPR", "frequencia_mhz": "25.375", "altura_antena_m": 20.0, "entidade": "TEKLA INDUSTRIAL TEXTIL LTDA.", "municipio": "São Paulo", "uf": "SP"}, "geometry": {"type": "Point", "coordinates": [-46.5863889, -23.6416667]}},
{"type": "Feature", "id": "geral-1000589134", "properties": {"estacao_id": "1000589134", "estacoes_no_local": 1, "servico": "060 - SERVIÇO LIMITADO PRIVADO DE RADIOCHAMADA-SLPR", "frequencia_mhz": "25.375", "altura_antena_m": 53.0, "entidade": "ESHO EMPRESA DE SERVIÇOS HOSPITALARES S.A - UNIDADE HOSPITAL TOTALCOR", "municipio": "São Paulo", "uf": "SP"}, "geometry": {"type": "Point", "coordinates": [-46.6507778, -23.5674444]}},
{"type": "Feature", "id": "geral-1000703280", "properties": {"estacao_id": "1000703280", "estacoes_no_local": 1, "servico": "060 - SERVIÇO LIMITADO PRIVADO DE RADIOCHAMADA-SLPR", "frequencia_mhz": "25.375", "altura_antena_m": 25.1, "entidade": "REDE D OR SÃO LUIZ S.A.", "municipio": "São Paulo", "uf": "SP"}, "geometry": {"type": "Point", "coordinates": [-46.6732778, -23.5905]}},
{"type": "Feature", "id": "geral-1000763835", "properties": {"estacao_id": "1000763835", "estacoes_no_local": 1, "servico": "060 - SERVIÇO LIMITADO PRIVADO DE RADIOCHAMADA-SLPR", "frequencia_mhz": "25.375", "altura_antena_m": 35.0, "entidade": "HOSPITAL E MATERNIDADE SANTA JOANA S/A", "municipio": "São Paulo", "uf": "SP"}, "geometry": {"type": "Point", "coordinates": [-46.6497222, -23.5654722]}},
{"type": "Feature", "id": "geral-1001715664", "properties": {"estacao_id": "1001715664", "estacoes_no_local": 1, "servico": "060 - SERVIÇO LIMITADO PRIVADO DE RADIOCHAMADA-SLPR", "frequencia_mhz": "25.375", "entidade": "IMPAR SERVIÇOS HOSPITALARES S/A", "municipio": "São Paulo", "uf": "SP"}, "geometry": {"type": "Point", "coordinates": [-46.6553333, -23.5593611]}},
{"type": "Feature", "id": "geral-1002300697", "properties": {"estacao_id": "1002300697", "estacoes_no_local": 1, "servico": "060 - SERVIÇO LIMITADO PRIVADO DE RADIOCHAMADA-SLPR", "frequencia_mhz": "25.375", "altura_antena_m": 16.0, "entidade": "TITAN PNEUS DO BRASIL LTDA", "municipio": "São Paulo", "uf": "SP"}, "geometry": {"type": "Point", "coordinates": [-46.5968333, -23.5346389]}},
{"type": "Feature", "id": "geral-1003321272", "properties": {"estacao_id": "1003321272", "estacoes_no_local": 1, "servico": "060 - SERVIÇO LIMITADO PRIVADO DE RADIOCHAMADA-SLPR", "frequencia_mhz": "25.375", "altura_antena_m": 6.6, "entidade": "REAL E BENEMERITA ASSOCIACAO PORTUGUESA DE BENEFICENCIA", "municipio": "São Paulo", "uf": "SP"}, "geometry": {"type": "Point", "coordinates": [-46.6431944, -23.5674444]}},
{"type": "Feature", "id": "geral-1003321337", "properties": {"estacao_id": "1003321337", "estacoes_no_local": 3, "servico": "060 - SERVIÇO LIMITADO PRIVADO DE RADIOCHAMADA-SLPR", "frequencia_mhz": "25.375", "altura_antena_m": 2.5, "entidade": "REAL E BENEMERITA ASSOCIACAO PORTUGUESA DE BENEFICENCIA", "municipio": "São Paulo", "uf": "SP"}, "geometry": {"type": "Point", "coordinates": [-46.6429083, -23.5674167]}},
{"type": "Feature", "id": "geral-1003321493", "properties": {"estacao_id": "1003321493", "estacoes_no_local": 1, "servico": "060 - SERVIÇO LIMITADO PRIVADO DE RADIOCHAMADA-SLPR", "frequencia_mhz": "25.375", "altura_antena_m": 6.4, "entidade": "REAL E BENEMERITA ASSOCIACAO PORTUGUESA DE BENEFICENCIA", "municipio": "São Paulo", "uf": "SP"}, "geometry": {"type": "Point", "coordinates": [-46.6432222, -23.5674167]}},
{"type": "Feature", "id": "geral-1003843708", "properties": {"estacao_id": "1003843708", "estacoes_no_local": 1, "servico": "060 - SERVIÇO LIMITADO PRIVADO DE RADIOCHAMADA-SLPR", "frequencia_mhz": "25.375", "altura_antena_m": 15.0, "entidade": "CRUZ AZUL DE SAO PAULO", "municipio": "São Paulo", "uf": "SP"}, "geometry": {"type": "Point", "coordinates": [-46.6225833, -23.5659722]}},
{"type": "Feature", "id": "geral-1004564616", "properties": {"estacao_id": "1004564616", "estacoes_no_local": 1, "servico": "060 - SERVIÇO LIMITADO PRIVADO DE RADIOCHAMADA-SLPR", "frequencia_mhz": "25.375", "altura_antena_m": 30.0, "entidade": "HOSPITAL SAMARITANO DE SÃO PAULO LTDA", "municipio": "São Paulo", "uf": "SP"}, "geometry": {"type": "Point", "coordinates": [-46.6617278, -23.5390056]}},
{"type": "Feature", "id": "geral-1004441450", "properties": {"estacao_id": "1004441450", "estacoes_no_local": 1, "servico": "060 - SERVIÇO LIMITADO PRIVADO DE RADIOCHAMADA-SLPR", "frequencia_mhz": "25.375", "altura_antena_m": 2.5, "entidade": "PROMETEON TYRE GROUP INDUSTRIA BRASIL LTDA", "municipio": "Santo André", "uf": "SP"}, "geometry": {"type": "Point", "coordinates": [-46.5025, -23.6623333]}},
{"type": "Feature", "id": "geral-1004441557", "properties": {"estacao_id": "1004441557", "estacoes_no_local": 1, "servico": "060 - SERVIÇO LIMITADO PRIVADO DE RADIOCHAMADA-SLPR", "frequencia_mhz": "25.375", "altura_antena_m": 8.0, "entidade": "PROMETEON TYRE GROUP INDUSTRIA BRASIL LTDA", "municipio": "Santo André", "uf": "SP"}, "geometry": {"type": "Point", "coordinates": [-46.5001667, -23.6616972]}},
{"type": "Feature", "id": "geral-1004441573", "properties": {"estacao_id": "1004441573", "estacoes_no_local": 1, "servico": "060 - SERVIÇO LIMITADO PRIVADO DE RADIOCHAMADA-SLPR", "frequencia_mhz": "25.375", "altura_antena_m": 17.0, "entidade": "PROMETEON TYRE GROUP INDUSTRIA BRASIL LTDA", "municipio": "Santo André", "uf": "SP"}, "geometry": {"type": "Point", "coordinates": [-46.5043333, -23.6607222]}},
{"type": "Feature", "id": "geral-1004831649", "properties": {"estacao_id": "1004831649", "estacoes_no_local": 1, "servico": "060 - SERVIÇO LIMITADO PRIVADO DE RADIOCHAMADA-SLPR", "frequencia_mhz": "25.375", "altura_antena_m": 8.0, "entidade": "ESHO EMPRESA DE SERVICOS HOSPITALARES S.A.", "municipio": "Guarulhos", "uf": "SP"}, "geometry": {"type": "Point", "coordinates": [-46.5288333, -23.4710278]}},
{"type": "Feature", "id": "geral-1006007188", "properties": {"estacao_id": "1006007188", "estacoes_no_local": 1, "servico": "060 - SERVIÇO LIMITADO PRIVADO DE RADIOCHAMADA-SLPR", "frequencia_mhz": "25.375", "altura_antena_m": 52.0, "entidade": "HOSPITAL E MATERNIDADE SANTA JOANA S/A", "municipio": "São Paulo", "uf": "SP"}, "geometry": {"type": "Point", "coordinates": [-46.6469722, -23.5721389]}},
{"type": "Feature", "id": "geral-631446249", "properties": {"estacao_id": "631446249", "estacoes_no_local": 1, "servico": "076 - Serviço de Rede Privado", "entidade": "HOSPITAL ANA COSTA S/A", "municipio": "Santos", "uf": "SP"}, "geometry": {"type": "Point", "coordinates": [-46.3330556, -23.9577778]}},
{"type": "Feature", "id": "geral-631446478", "properties": {"estacao_id": "631446478", "estacoes_no_local": 1, "servico": "076 - Serviço de Rede Privado", "entidade": "HOSPITAL ANA COSTA S/A", "municipio": "Santos", "uf": "SP"}, "geometry": {"type": "Point", "coordinates": [-46.3327778, -23.9566667]}},
{"type": "Feature", "id": "geral-631446486", "properties": {"estacao_id": "631446486", "estacoes_no_local": 1, "servico": "076 - Serviço de Rede Privado", "entidade": "HOSPITAL ANA COSTA S/A", "municipio": "Santos", "uf": "SP"}, "geometry": {"type": "Point", "coordinates": [-46.3330556, -23.9561111]}},
{"type": "Feature", "id": "geral-687384184", "properties": {"estacao_id": "687384184", "estacoes_no_local": 1, "servico": "076 - Serviço de Rede Privado", "entidade": "HOSPITAL ANA COSTA S/A", "municipio": "Santos", "uf": "SP"}, "geometry": {"type": "Point", "coordinates": [-46.3330556, -23.9569444]}},
{"type": "Feature", "id": "geral-687384230", "properties": {"estacao_id": "687384230", "estacoes_no_local": 1, "servico": "076 - Serviço de Rede Privado", "entidade": "HOSPITAL ANA COSTA S/A", "municipio": "Santos", "uf": "SP"}, "geometry": {"type": "Point", "coordinates": [-46.3325, -23.9644444]}},
{"type": "Feature", "id": "geral-682625485", "properties": {"estacao_id": "682625485", "estacoes_no_local": 1, "servico": "076 - Serviço de Rede Privado", "entidade": "GLOBO COMUNICAÇÃO E PARTICIPAÇÕES S.A.", "municipio": "São Paulo", "uf": "SP"}, "geometry": {"type": "Point", "coordinates": [-46.7044444, -23.5680556]}},
{"type": "Feature", "id": "geral-3080471", "properties": {"estacao_id": "3080471", "estacoes_no_local": 11, "servico": "076 - Serviço de Rede Privado/251 - AUXILIAR RADIODIF.- TRANSMISS. DE PROGRAMAS", "frequencia_mhz": "6700–7120", "altura_antena_m": 40.1, "entidade": "GLOBO COMUNICAÇÃO E PARTICIPAÇÕES S.A.", "municipio": "São Paulo", "uf": "SP"}, "geometry": {"type": "Point", "coordinates": [-46.6975, -23.6147222]}},
{"type": "Feature", "id": "geral-1002589638", "properties": {"estacao_id": "1002589638", "estacoes_no_local": 98, "servico": "076 - Serviço de Rede Privado/251 - AUXILIAR RADIODIF.- TRANSMISS. DE PROGRAMAS/252 - AUXILIAR RADIODIF.- REPORTAGEM EXTERNA/253 - AUXILIAR RADIODIF.- COM. DE ORDENS INTERNAS", "frequencia_mhz": "153.31–7400", "altura_antena_m": 158.0, "entidade": "GLOBO COMUNICAÇÃO E PARTICIPAÇÕES S.A.", "municipio": "São Paulo", "uf": "SP"}, "geometry": {"type": "Point", "coordinates": [-46.6511111, -23.5647222]}},
{"type": "Feature", "id": "geral-4058208", "properties": {"estacao_id": "4058208", "estacoes_no_local": 12, "servico": "076 - Serviço de Rede Privado/251 - AUXILIAR RADIODIF.- TRANSMISS. DE PROGRAMAS/253 - AUXILIAR RADIODIF.- COM. DE ORDENS INTERNAS", "frequencia_mhz": "153.31–455.862", "altura_antena_m": 40.1, "entidade": "GLOBO COMUNICAÇÃO E PARTICIPAÇÕES S.A.", "municipio": "São Paulo", "uf": "SP"}, "geometry": {"type": "Point", "coordinates": [-46.7661111, -23.4580556]}},
{"type": "Feature", "id": "geral-682625531", "properties": {"estacao_id": "682625531", "estacoes_no_local": 1, "servico": "076 - Serviço de Rede Privado", "entidade": "GLOBO COMUNICAÇÃO E PARTICIPAÇÕES S.A.", "municipio": "São Paulo", "uf": "SP"}, "geometry": {"type": "Point", "coordinates": [-46.6658333, -23.5477778]}},
{"type": "Feature", "id": "geral-682625540", "properties": {"estacao_id": "682625540", "estacoes_no_local": 1, "servico": "076 - Serviço de Rede Privado", "entidade": "GLOBO COMUNICAÇÃO E PARTICIPAÇÕES S.A.", "municipio": "São Paulo", "uf": "SP"}, "geometry": {"type": "Point", "coordinates": [-46.7194444, -23.5977778]}},
{"type": "Feature", "id": "geral-682625566", "properties": {"estacao_id": "682625566", "estacoes_no_local": 1, "servico": "076 - Serviço de Rede Privado", "entidade": "GLOBO COMUNICAÇÃO E PARTICIPAÇÕES S.A.", "municipio": "São Paulo", "uf": "SP"}, "geometry": {"type": "Point", "coordinates": [-46.7238889, -23.6475]}},
{"type": "Feature", "id": "geral-682625574", "properties": {"estacao_id": "682625574", "estacoes_no_local": 1, "servico": "076 - Serviço de Rede Privado", "entidade": "GLOBO COMUNICAÇÃO E PARTICIPAÇÕES S.A.", "municipio": "São Paulo", "uf": "SP"}, "geometry": {"type": "Point", "coordinates": [-46.6455556, -23.5633333]}},
{"type": "Feature", "id": "geral-682625582", "properties": {"estacao_id": "682625582", "estacoes_no_local": 1, "servico": "076 - Serviço de Rede Privado", "entidade": "GLOBO COMUNICAÇÃO E PARTICIPAÇÕES S.A.", "municipio": "São Paulo", "uf": "SP"}, "geometry": {"type": "Point", "coordinates": [-46.6558333, -23.5777778]}},
{"type": "Feature", "id": "geral-691660611", "properties": {"estacao_id": "691660611", "estacoes_no_local": 1, "servico": "076 - Serviço de Rede Privado", "entidade": "GLOBO COMUNICAÇÃO E PARTICIPAÇÕES S.A.", "municipio": "São Paulo", "uf": "SP"}, "geometry": {"type": "Point", "coordinates": [-46.65, -23.5677778]}},
{"type": "Feature", "id": "geral-686892194", "properties": {"estacao_id": "686892194", "estacoes_no_local": 1, "servico": "076 - Serviço de Rede Privado", "entidade": "TV MAR LTDA", "municipio": "Santos", "uf": "SP"}, "geometry": {"type": "Point", "coordinates": [-46.3291667, -23.9586111]}},
{"type": "Feature", "id": "geral-4467841", "properties": {"estacao_id": "4467841", "estacoes_no_local": 2, "servico": "076 - Serviço de Rede Privado/251 - AUXILIAR RADIODIF.- TRANSMISS. DE PROGRAMAS", "frequencia_mhz": "951", "altura_antena_m": 32.0, "entidade": "RADIO HITS FM LTDA", "municipio": "Santos", "uf": "SP"}, "geometry": {"type": "Point", "coordinates": [-46.3352778, -23.9680556]}},
{"type": "Feature", "id": "geral-689932286", "properties": {"estacao_id": "689932286", "estacoes_no_local": 1, "servico": "076 - Serviço de Rede Privado", "entidade": "TV MAR LTDA", "municipio": "Santos", "uf": "SP"}, "geometry": {"type": "Point", "coordinates": [-46.3527778, -23.9608333]}},
{"type": "Feature", "id": "geral-689073984", "properties": {"estacao_id": "689073984", "estacoes_no_local": 1, "servico": "076 - Serviço de Rede Privado", "entidade": "EMPRESA DE COMUNICACAO PRM LTDA", "municipio": "Santos", "uf": "SP"}, "geometry": {"type": "Point", "coordinates": [-46.3327778, -23.9644444]}},
{"type": "Feature", "id": "geral-689074000", "properties": {"estacao_id": "689074000", "estacoes_no_local": 1, "servico": "076 - Serviço de Rede Privado", "entidade": "EMPRESA DE COMUNICACAO PRM LTDA", "municipio": "Santos", "uf": "SP"}, "geometry": {"type": "Point", "coordinates": [-46.3302778, -23.9580556]}},
{"type": "Feature", "id": "geral-691655677", "properties": {"estacao_id": "691655677", "estacoes_no_local": 1, "servico": "076 - Serviço de Rede Privado", "entidade": "FURNAS CENTRAIS ELETRICAS S A", "municipio": "São Paulo", "uf": "SP"}, "geometry": {"type": "Point", "coordinates": [-46.585, -23.4425]}},
{"type": "Feature", "id": "geral-691655685", "properties": {"estacao_id": "691655685", "estacoes_no_local": 1, "servico": "076 - Serviço de Rede Privado", "entidade": "FURNAS CENTRAIS ELETRICAS S A", "municipio": "Ibiúna", "uf": "SP"}, "geometry": {"type": "Point", "coordinates": [-47.1041667, -23.6675]}},
{"type": "Feature", "id": "geral-691655693", "properties": {"estacao_id": "691655693", "estacoes_no_local": 1, "servico": "076 - Serviço de Rede Privado", "entidade": "FURNAS CENTRAIS ELETRICAS S A", "municipio": "Mogi das Cruzes", "uf": "SP"}, "geometry": {"type": "Point", "coordinates": [-46.2733333, -23.71]}},
{"type": "Feature", "id": "geral-691655774", "properties": {"estacao_id": "691655774", "estacoes_no_local": 1, "servico": "076 - Serviço de Rede Privado", "entidade": "FURNAS CENTRAIS ELETRICAS S A", "municipio": "Mogi das Cruzes", "uf": "SP"}, "geometry": {"type": "Point", "coordinates": [-46.1672222, -23.5055556]}},
{"type": "Feature", "id": "geral-1008534223", "properties": {"estacao_id": "1008534223", "estacoes_no_local": 1, "servico": "076 - Serviço de Rede Privado", "entidade": "FURNAS CENTRAIS ELETRICAS S A", "municipio": "Mogi das Cruzes", "uf": "SP"}, "geometry": {"type": "Point", "coordinates": [-46.181625, -23.5492833]}},
{"type": "Feature", "id": "geral-1008534258", "properties": {"estacao_id": "1008534258", "estacoes_no_local": 1, "servico": "076 - Serviço de Rede Privado", "entidade": "FURNAS CENTRAIS ELETRICAS S A", "municipio": "Itaquaquecetuba", "uf": "SP"}, "geometry": {"type": "Point", "coordinates": [-46.3845083, -23.4545278]}},
{"type": "Feature", "id": "geral-695882708", "properties": {"estacao_id": "695882708", "estacoes_no_local": 1, "servico": "076 - Serviço de Rede Privado", "entidade": "NUCLEO DE INFORMACAO E COORDENACAO DO PONTO BR - NIC .BR", "municipio": "São Paulo", "uf": "SP"}, "geometry": {"type": "Point", "coordinates": [-46.6872222, -23.6013889]}},
{"type": "Feature", "id": "geral-695882724", "properties": {"estacao_id": "695882724", "estacoes_no_local": 1, "servico": "076 - Serviço de Rede Privado", "entidade": "NUCLEO DE INFORMACAO E COORDENACAO DO PONTO BR - NIC .BR", "municipio": "São Paulo", "uf": "SP"}, "geometry": {"type": "Point", "coordinates": [-46.7261111, -23.645]}},
{"type": "Feature", "id": "geral-1000629993", "properties": {"estacao_id": "1000629993", "estacoes_no_local": 1, "servico": "076 - Serviço de Rede Privado", "entidade": "MUNICÍPIO DE BARUERI", "municipio": "Barueri", "uf": "SP"}, "geometry": {"type": "Point", "coordinates": [-46.8812222, -23.5107417]}},
{"type": "Feature", "id": "geral-1000858380", "properties": {"estacao_id": "1000858380", "estacoes_no_local": 1, "servico": "076 - Serviço de Rede Privado", "entidade": "MUNICÍPIO DE BARUERI", "municipio": "Barueri", "uf": "SP"}, "geometry": {"type": "Point", "coordinates": [-46.8741528, -23.5117528]}},
{"type": "Feature", "id": "geral-1002049609", "properties": {"estacao_id": "1002049609", "estacoes_no_local": 1, "servico": "076 - Serviço de Rede Privado", "entidade": "COMPANHIA DE INFORMATICA DE JUNDIAI CIJUN", "municipio": "Jundiaí", "uf": "SP"}, "geometry": {"type": "Point", "coordinates": [-46.8997583, -23.171675]}},
{"type": "Feature", "id": "geral-1399128", "properties": {"estacao_id": "1399128", "estacoes_no_local": 18, "servico": "078 - Serviço de Radiotáxi Privado", "frequencia_mhz": "158.71–163.97", "altura_antena_m": 60.0, "entidade": "COOPERATIVA MISTA T M AUT TAXIS E S P LTDA RADIO TAXI", "municipio": "São Paulo", "uf": "SP"}, "geometry": {"type": "Point", "coordinates": [-46.6496111, -23.5665556]}},
{"type": "Feature", "id": "geral-691063516", "properties": {"estacao_id": "691063516", "estacoes_no_local": 1, "servico": "078 - Serviço de Radiotáxi Privado", "frequencia_mhz": "159.91", "altura_antena_m": 58.0, "entidade": "COOPERATIVA MISTA T M AUT TAXIS E S P LTDA RADIO TAXI", "municipio": "São Paulo", "uf": "SP"}, "geometry": {"type": "Point", "coordinates": [-46.6364028, -23.6006528]}},
{"type": "Feature", "id": "geral-691063524", "properties": {"estacao_id": "691063524", "estacoes_no_local": 1, "servico": "078 - Serviço de Radiotáxi Privado", "frequencia_mhz": "160.53", "altura_antena_m": 67.0, "entidade": "COOPERATIVA MISTA T M AUT TAXIS E S P LTDA RADIO TAXI", "municipio": "São Paulo", "uf": "SP"}, "geometry": {"type": "Point", "coordinates": [-46.7330833, -23.6216944]}},
{"type": "Feature", "id": "geral-691063532", "properties": {"estacao_id": "691063532", "estacoes_no_local": 1, "servico": "078 - Serviço de Radiotáxi Privado", "frequencia_mhz": "163.31", "altura_antena_m": 58.0, "entidade": "COOPERATIVA MISTA T M AUT TAXIS E S P LTDA RADIO TAXI", "municipio": "São Paulo", "uf": "SP"}, "geometry": {"type": "Point", "coordinates": [-46.6364167, -23.6006667]}},
{"type": "Feature", "id": "geral-691246190", "properties": {"estacao_id": "691246190", "estacoes_no_local": 1, "servico": "078 - Serviço de Radiotáxi Privado", "frequencia_mhz": "163.97", "altura_antena_m": 20.0, "entidade": "COOPERATIVA MISTA T M AUT TAXIS E S P LTDA RADIO TAXI", "municipio": "Mairiporã", "uf": "SP"}, "geometry": {"type": "Point", "coordinates": [-46.6655833, -23.4219722]}},
{"type": "Feature", "id": "geral-725951", "properties": {"estacao_id": "725951", "estacoes_no_local": 1, "servico": "078 - Serviço de Radiotáxi Privado", "frequencia_mhz": "152.29", "altura_antena_m": 1.5, "entidade": "LIGUE-TAXI - COOPERATIVA DE TRABALHO DOS TAXISTAS AUTONOMOS DE SAO PAULO", "municipio": "São Paulo", "uf": "SP"}, "geometry": {"type": "Point", "coordinates": [-46.6972222, -23.5411111]}},
{"type": "Feature", "id": "geral-641024428", "properties": {"estacao_id": "641024428", "estacoes_no_local": 10, "servico": "078 - Serviço de Radiotáxi Privado", "frequencia_mhz": "38.78–169.21", "altura_antena_m": 9.0, "entidade": "COOPERATIVA DE TRANSPORTE DOS CONDUTORES AUTONOMOS DE VEICULOS RODOVIARIOS DE SAO PAULO", "municipio": "São Paulo", "uf": "SP"}, "geometry": {"type": "Point", "coordinates": [-46.6429028, -23.6251667]}},
{"type": "Feature", "id": "geral-1891057", "properties": {"estacao_id": "1891057", "estacoes_no_local": 6, "servico": "078 - Serviço de Radiotáxi Privado", "frequencia_mhz": "159.43–160.59", "altura_antena_m": 14.0, "entidade": "ASSOCIACAO DOS CONDUTORES AUTONOMOS DE TAXIS DE SANTOS-RADIO TAXI", "municipio": "Santos", "uf": "SP"}, "geometry": {"type": "Point", "coordinates": [-46.3233333, -23.9480556]}},
{"type": "Feature", "id": "geral-1891049", "properties": {"estacao_id": "1891049", "estacoes_no_local": 2, "servico": "078 - Serviço de Radiotáxi Privado", "frequencia_mhz": "159.43–160.59", "altura_antena_m": 30.0, "entidade": "ASSOCIACAO DOS CONDUTORES AUTONOMOS DE TAXIS DE SANTOS-RADIO TAXI", "municipio": "Santos", "uf": "SP"}, "geometry": {"type": "Point", "coordinates": [-46.3394444, -23.9358333]}},
{"type": "Feature", "id": "geral-686205219", "properties": {"estacao_id": "686205219", "estacoes_no_local": 2, "servico": "078 - Serviço de Radiotáxi Privado", "frequencia_mhz": "159.43–160.59", "altura_antena_m": 15.0, "entidade": "ASSOCIACAO DOS CONDUTORES AUTONOMOS DE TAXIS DE SANTOS-RADIO TAXI", "municipio": "Santos", "uf": "SP"}, "geometry": {"type": "Point", "coordinates": [-46.3508333, -23.9391667]}},
{"type": "Feature", "id": "geral-509019", "properties": {"estacao_id": "509019", "estacoes_no_local": 2, "servico": "078 - Serviço de Radiotáxi Privado", "frequencia_mhz": "38.82", "altura_antena_m": 30.0, "entidade": "ASSOCIACAO RADIO-TAXI DE SAO VICENTE", "municipio": "São Vicente", "uf": "SP"}, "geometry": {"type": "Point", "coordinates": [-46.3872222, -23.955]}},
{"type": "Feature", "id": "geral-2607298", "properties": {"estacao_id": "2607298", "estacoes_no_local": 6, "servico": "078 - Serviço de Radiotáxi Privado", "frequencia_mhz": "38.96–462.725", "altura_antena_m": 38.0, "entidade": "COOPERATIVA DOS CONDUTORES AUTÔNOMOS DE VEICULOS RODOVIARIOS DO GRANDE ABC", "municipio": "Santo André", "uf": "SP"}, "geometry": {"type": "Point", "coordinates": [-46.5433333, -23.6761111]}},
{"type": "Feature", "id": "geral-337706", "properties": {"estacao_id": "337706", "estacoes_no_local": 2, "servico": "078 - Serviço de Radiotáxi Privado", "frequencia_mhz": "38.96–462.725", "altura_antena_m": 17.0, "entidade": "COOPERATIVA DOS CONDUTORES AUTÔNOMOS DE VEICULOS RODOVIARIOS DO GRANDE ABC", "municipio": "Santo André", "uf": "SP"}, "geometry": {"type": "Point", "coordinates": [-46.5161111, -23.7058333]}},
{"type": "Feature", "id": "geral-324221", "properties": {"estacao_id": "324221", "estacoes_no_local": 3, "servico": "078 - Serviço de Radiotáxi Privado", "frequencia_mhz": "39.04", "altura_antena_m": 20.0, "entidade": "COOPERATIVA DE TRANSPORTE DOS CONDUTORES DE RADIOTAXI DO MUNICIPIO DE GUARULHOS", "municipio": "Guarulhos", "uf": "SP"}, "geometry": {"type": "Point", "coordinates": [-46.5113889, -23.4247222]}},
{"type": "Feature", "id": "geral-4463080", "properties": {"estacao_id": "4463080", "estacoes_no_local": 2, "servico": "078 - Serviço de Radiotáxi Privado", "frequencia_mhz": "159.83", "altura_antena_m": 20.0, "entidade": "VILLE TAXI - TRANSPORTES E LOCACOES LTDA", "municipio": "Barueri", "uf": "SP"}, "geometry": {"type": "Point", "coordinates": [-46.8494444, -23.4977778]}},
{"type": "Feature", "id": "geral-693118636", "properties": {"estacao_id": "693118636", "estacoes_no_local": 1, "servico": "078 - Serviço de Radiotáxi Privado", "frequencia_mhz": "160.05", "altura_antena_m": 18.0, "entidade": "OURO TAXI - ASSOCIACAO DE RADIOTAXISTAS AUTONOMOS DE SAO PAULO", "municipio": "São Paulo", "uf": "SP"}, "geometry": {"type": "Point", "coordinates": [-46.7183333, -23.7688889]}},
{"type": "Feature", "id": "geral-576996963", "properties": {"estacao_id": "576996963", "estacoes_no_local": 2, "servico": "078 - Serviço de Radiotáxi Privado/079 - Serviço de Radiotáxi Especializado", "frequencia_mhz": "39.72–169.39", "altura_antena_m": 85.0, "entidade": "ASSOC. MOTORISTAS AUT. RADIO TAXI ZONA NORTE SUL OESTE LESTE DE SP", "municipio": "São Paulo", "uf": "SP"}, "geometry": {"type": "Point", "coordinates": [-46.6475, -23.5694444]}},
{"type": "Feature", "id": "geral-686898117", "properties": {"estacao_id": "686898117", "estacoes_no_local": 1, "servico": "078 - Serviço de Radiotáxi Privado", "frequencia_mhz": "164.77", "altura_antena_m": 77.0, "entidade": "COOPERATIVA UNITAXI DE SAO PAULO", "municipio": "São Paulo", "uf": "SP"}, "geometry": {"type": "Point", "coordinates": [-46.6572222, -23.5552778]}},
{"type": "Feature", "id": "geral-777307", "properties": {"estacao_id": "777307", "estacoes_no_local": 2, "servico": "078 - Serviço de Radiotáxi Privado", "frequencia_mhz": "160.09–160.25", "altura_antena_m": 35.0, "entidade": "ASSOCIACAO SAO PAULO DE TAXI", "municipio": "São Paulo", "uf": "SP"}, "geometry": {"type": "Point", "coordinates": [-46.6088889, -23.6341667]}},
{"type": "Feature", "id": "geral-2073080", "properties": {"estacao_id": "2073080", "estacoes_no_local": 2, "servico": "078 - Serviço de Radiotáxi Privado", "frequencia_mhz": "257.6", "altura_antena_m": 10.0, "entidade": "ASSOCIACAO DOS TAXISTAS AUTONOMOS TRANS-TAXI", "municipio": "Guarulhos", "uf": "SP"}, "geometry": {"type": "Point", "coordinates": [-46.5275, -23.435]}},
{"type": "Feature", "id": "geral-684608006", "properties": {"estacao_id": "684608006", "estacoes_no_local": 2, "servico": "078 - Serviço de Radiotáxi Privado", "frequencia_mhz": "159.47", "altura_antena_m": 20.0, "entidade": "ASSOCIOCAO DA RADIO TAXI DE JUNDIAI - ARTJUSP", "municipio": "Jundiaí", "uf": "SP"}, "geometry": {"type": "Point", "coordinates": [-46.8705278, -23.1818889]}},
{"type": "Feature", "id": "geral-684906201", "properties": {"estacao_id": "684906201", "estacoes_no_local": 2, "servico": "078 - Serviço de Radiotáxi Privado", "frequencia_mhz": "159.89", "altura_antena_m": 17.0, "entidade": "PONTUAL - ASSOCIAÇÃO DOS TAXISTAS AUTÔNOMOS DE SÃO PAULO", "municipio": "São Paulo", "uf": "SP"}, "geometry": {"type": "Point", "coordinates": [-46.625, -23.5791667]}},
{"type": "Feature", "id": "geral-686915844", "properties": {"estacao_id": "686915844", "estacoes_no_local": 2, "servico": "078 - Serviço de Radiotáxi Privado", "frequencia_mhz": "160.03", "altura_antena_m": 24.0, "entidade": "COOPERATIVA DOS MOTORISTAS DE TAXI DE COTIA COOPERTIA", "municipio": "Cotia", "uf": "SP"}, "geometry": {"type": "Point", "coordinates": [-46.9294444, -23.6102778]}},
{"type": "Feature", "id": "geral-688935001", "properties": {"estacao_id": "688935001", "estacoes_no_local": 2, "servico": "078 - Serviço de Radiotáxi Privado", "frequencia_mhz": "38.56", "altura_antena_m": 25.0, "entidade": "ASSOCIACAO DOS MOTORISTAS AUTONOMOS DO ABCD - MAXX RADIO TAXI", "municipio": "São Bernardo do Campo", "uf": "SP"}, "geometry": {"type": "Point", "coordinates": [-46.5566667, -23.7102778]}},
{"type": "Feature", "id": "geral-690116713", "properties": {"estacao_id": "690116713", "estacoes_no_local": 2, "servico": "078 - Serviço de Radiotáxi Privado", "frequencia_mhz": "39.36", "altura_antena_m": 17.0, "entidade": "LEVE TAXI - ASSOCIACAO DOS RADIOTAXISTAS DO ALTO TIETE", "municipio": "Suzano", "uf": "SP"}, "geometry": {"type": "Point", "coordinates": [-46.3127778, -23.5475]}},
{"type": "Feature", "id": "geral-698927630", "properties": {"estacao_id": "698927630", "estacoes_no_local": 2, "servico": "078 - Serviço de Radiotáxi Privado", "frequencia_mhz": "159.87", "altura_antena_m": 18.0, "entidade": "ASSOCIACAO DE RADIO TAXI DA ILHA DE SANTO AMARO", "municipio": "Guarujá", "uf": "SP"}, "geometry": {"type": "Point", "coordinates": [-46.2772222, -23.9877778]}},
{"type": "Feature", "id": "geral-1001067565", "properties": {"estacao_id": "1001067565", "estacoes_no_local": 2, "servico": "078 - Serviço de Radiotáxi Privado", "frequencia_mhz": "34.82", "altura_antena_m": 11.3, "entidade": "COOPERATIVA DOS TAXISTAS AUTONOMOS DA ZONA OESTE", "municipio": "Taboão da Serra", "uf": "SP"}, "geometry": {"type": "Point", "coordinates": [-46.7625, -23.5975]}},
{"type": "Feature", "id": "geral-1866095", "properties": {"estacao_id": "1866095", "estacoes_no_local": 2, "servico": "079 - Serviço de Radiotáxi Especializado", "frequencia_mhz": "39.74", "altura_antena_m": 16.0, "entidade": "TAXPRESS RADIO TAXI LTDA-EPP", "municipio": "São Paulo", "uf": "SP"}, "geometry": {"type": "Point", "coordinates": [-46.6541667, -23.5025]}},
{"type": "Feature", "id": "geral-1866087", "properties": {"estacao_id": "1866087", "estacoes_no_local": 1, "servico": "079 - Serviço de Radiotáxi Especializado", "frequencia_mhz": "39.74", "altura_antena_m": 15.0, "entidade": "TAXPRESS RADIO TAXI LTDA-EPP", "municipio": "São Paulo", "uf": "SP"}, "geometry": {"type": "Point", "coordinates": [-46.7144444, -23.4247222]}},
{"type": "Feature", "id": "geral-689424434", "properties": {"estacao_id": "689424434", "estacoes_no_local": 1, "servico": "079 - Serviço de Radiotáxi Especializado", "frequencia_mhz": "164.71", "altura_antena_m": 25.0, "entidade": "TELETAXI COMUM RADIO TAXI S/C LTDA - ME", "municipio": "Osasco", "uf": "SP"}, "geometry": {"type": "Point", "coordinates": [-46.7822222, -23.4625]}},
{"type": "Feature", "id": "geral-443211264", "properties": {"estacao_id": "443211264", "estacoes_no_local": 1, "servico": "079 - Serviço de Radiotáxi Especializado", "frequencia_mhz": "39.72", "altura_antena_m": 28.0, "entidade": "EXPO-TAXI COMUM RADIO LTDA - ME", "municipio": "São Paulo", "uf": "SP"}, "geometry": {"type": "Point", "coordinates": [-46.6361111, -23.9527778]}},
{"type": "Feature", "id": "geral-687981344", "properties": {"estacao_id": "687981344", "estacoes_no_local": 2, "servico": "079 - Serviço de Radiotáxi Especializado", "frequencia_mhz": "160.35", "altura_antena_m": 22.0, "entidade": "MARCTAXI SERVICOS DE RADIO TAXI LTDA - ME", "municipio": "Itaquaquecetuba", "uf": "SP"}, "geometry": {"type": "Point", "coordinates": [-46.3455556, -23.4688889]}},
{"type": "Feature", "id": "geral-688036325", "properties": {"estacao_id": "688036325", "estacoes_no_local": 2, "servico": "079 - Serviço de Radiotáxi Especializado", "frequencia_mhz": "38.36", "altura_antena_m": 14.0, "entidade": "ITA COMUM RÁDIO TÁXI S/C LTDA", "municipio": "São Paulo", "uf": "SP"}, "geometry": {"type": "Point", "coordinates": [-46.4575, -23.5463889]}},
{"type": "Feature", "id": "geral-688968139", "properties": {"estacao_id": "688968139", "estacoes_no_local": 6, "servico": "079 - Serviço de Radiotáxi Especializado", "frequencia_mhz": "38.34–169.29", "altura_antena_m": 15.0, "entidade": "VICTORIA COMUM RADIO TAXI EIRELI", "municipio": "São Paulo", "uf": "SP"}, "geometry": {"type": "Point", "coordinates": [-46.6197222, -23.6022222]}},
{"type": "Feature", "id": "geral-690650078", "properties": {"estacao_id": "690650078", "estacoes_no_local": 2, "servico": "079 - Serviço de Radiotáxi Especializado", "frequencia_mhz": "39.14", "altura_antena_m": 17.0, "entidade": "BRTÁXI COMUM RÁDIO TÁXI LTDA-ME", "municipio": "São Paulo", "uf": "SP"}, "geometry": {"type": "Point", "coordinates": [-46.6336111, -23.4758333]}},
{"type": "Feature", "id": "geral-1009290611", "properties": {"estacao_id": "1009290611", "estacoes_no_local": 1, "servico": "507 - Móvel Aeronáutico", "frequencia_mhz": "130.9", "altura_antena_m": 9.0, "entidade": "AZUL LINHAS AEREAS BRASILEIRAS S.A", "municipio": "São Paulo", "uf": "SP"}, "geometry": {"type": "Point", "coordinates": [-46.6611111, -23.625]}},
{"type": "Feature", "id": "geral-1006704938", "properties": {"estacao_id": "1006704938", "estacoes_no_local": 4, "servico": "507 - Móvel Aeronáutico", "frequencia_mhz": "130.9–136.975", "altura_antena_m": 8.5, "entidade": "AZUL LINHAS AEREAS BRASILEIRAS S.A", "municipio": "São José dos Campos", "uf": "SP"}, "geometry": {"type": "Point", "coordinates": [-45.8616667, -23.2252778]}},
{"type": "Feature", "id": "geral-1005188006", "properties": {"estacao_id": "1005188006", "estacoes_no_local": 2, "servico": "507 - Móvel Aeronáutico", "frequencia_mhz": "130.65–136.3", "altura_antena_m": 26.0, "entidade": "GOL LINHAS AEREAS S.A.", "municipio": "Guarulhos", "uf": "SP"}, "geometry": {"type": "Point", "coordinates": [-46.4697222, -23.4375]}},
{"type": "Feature", "id": "geral-1011665627", "properties": {"estacao_id": "1011665627", "estacoes_no_local": 1, "servico": "507 - Móvel Aeronáutico", "frequencia_mhz": "136.225", "altura_antena_m": 4.4, "entidade": "GOL LINHAS AEREAS S.A.", "municipio": "São Paulo", "uf": "SP"}, "geometry": {"type": "Point", "coordinates": [-46.6525, -23.6258333]}},
{"type": "Feature", "id": "geral-1011665635", "properties": {"estacao_id": "1011665635", "estacoes_no_local": 1, "servico": "507 - Móvel Aeronáutico", "frequencia_mhz": "136.35", "altura_antena_m": 12.0, "entidade": "GOL LINHAS AEREAS S.A.", "municipio": "São Paulo", "uf": "SP"}, "geometry": {"type": "Point", "coordinates": [-46.6558333, -23.6255556]}},
{"type": "Feature", "id": "geral-1011665643", "properties": {"estacao_id": "1011665643", "estacoes_no_local": 1, "servico": "507 - Móvel Aeronáutico", "frequencia_mhz": "136.475", "altura_antena_m": 7.0, "entidade": "GOL LINHAS AEREAS S.A.", "municipio": "São Paulo", "uf": "SP"}, "geometry": {"type": "Point", "coordinates": [-46.6522222, -23.6269444]}},
{"type": "Feature", "id": "geral-1011665651", "properties": {"estacao_id": "1011665651", "estacoes_no_local": 1, "servico": "507 - Móvel Aeronáutico", "frequencia_mhz": "136.475", "altura_antena_m": 12.0, "entidade": "GOL LINHAS AEREAS S.A.", "municipio": "São Paulo", "uf": "SP"}, "geometry": {"type": "Point", "coordinates": [-46.6594444, -23.6261111]}},
{"type": "Feature", "id": "geral-1005209445", "properties": {"estacao_id": "1005209445", "estacoes_no_local": 2, "servico": "507 - Móvel Aeronáutico", "frequencia_mhz": "131.4–131.7", "altura_antena_m": 20.0, "entidade": "KLM - CIA REAL HOLANDESA DE AVIACAO", "municipio": "Guarulhos", "uf": "SP"}, "geometry": {"type": "Point", "coordinates": [-46.4697222, -23.4383333]}},
{"type": "Feature", "id": "geral-1007415760", "properties": {"estacao_id": "1007415760", "estacoes_no_local": 9, "servico": "507 - Móvel Aeronáutico", "frequencia_mhz": "120.85–134.4", "altura_antena_m": 46.0, "entidade": "COMANDO DA AERONAUTICA", "municipio": "Salesópolis", "uf": "SP"}, "geometry": {"type": "Point", "coordinates": [-45.8644, -23.6308333]}},
{"type": "Feature", "id": "geral-1007525875", "properties": {"estacao_id": "1007525875", "estacoes_no_local": 4, "servico": "507 - Móvel Aeronáutico", "frequencia_mhz": "119.15–132.1", "altura_antena_m": 30.0, "entidade": "COMANDO DA AERONAUTICA", "municipio": "Guarulhos", "uf": "SP"}, "geometry": {"type": "Point", "coordinates": [-46.4698639, -23.4383139]}},
{"type": "Feature", "id": "geral-1007539060", "properties": {"estacao_id": "1007539060", "estacoes_no_local": 4, "servico": "507 - Móvel Aeronáutico", "frequencia_mhz": "118.7–133.35", "altura_antena_m": 20.0, "entidade": "COMANDO DA AERONAUTICA", "municipio": "São Paulo", "uf": "SP"}, "geometry": {"type": "Point", "coordinates": [-46.6345583, -23.5073861]}},
{"type": "Feature", "id": "geral-1007539116", "properties": {"estacao_id": "1007539116", "estacoes_no_local": 11, "servico": "507 - Móvel Aeronáutico", "frequencia_mhz": "118.65–135.8", "altura_antena_m": 50.0, "entidade": "COMANDO DA AERONAUTICA", "municipio": "Guarujá", "uf": "SP"}, "geometry": {"type": "Point", "coordinates": [-46.3054806, -23.9312194]}},
{"type": "Feature", "id": "geral-1007541358", "properties": {"estacao_id": "1007541358", "estacoes_no_local": 11, "servico": "507 - Móvel Aeronáutico", "frequencia_mhz": "118.5–134.15", "altura_antena_m": 35.0, "entidade": "COMANDO DA AERONAUTICA", "municipio": "São José dos Campos", "uf": "SP"}, "geometry": {"type": "Point", "coordinates": [-45.8617611, -23.2246472]}},
{"type": "Feature", "id": "geral-1007541420", "properties": {"estacao_id": "1007541420", "estacoes_no_local": 12, "servico": "507 - Móvel Aeronáutico", "frequencia_mhz": "118.35–135.75", "altura_antena_m": 40.0, "entidade": "COMANDO DA AERONAUTICA", "municipio": "São Paulo", "uf": "SP"}, "geometry": {"type": "Point", "coordinates": [-46.654025, -23.634525]}},
{"type": "Feature", "id": "geral-1007541447", "properties": {"estacao_id": "1007541447", "estacoes_no_local": 21, "servico": "507 - Móvel Aeronáutico", "frequencia_mhz": "118.05–134.9", "altura_antena_m": 40.0, "entidade": "COMANDO DA AERONAUTICA", "municipio": "São Paulo", "uf": "SP"}, "geometry": {"type": "Point", "coordinates": [-46.6594028, -23.6315611]}},
{"type": "Feature", "id": "geral-1007560360", "properties": {"estacao_id": "1007560360", "estacoes_no_local": 18, "servico": "507 - Móvel Aeronáutico", "frequencia_mhz": "119.25–135.75", "altura_antena_m": 70.0, "entidade": "COMANDO DA AERONAUTICA", "municipio": "São Roque", "uf": "SP"}, "geometry": {"type": "Point", "coordinates": [-47.0968389, -23.603025]}},
{"type": "Feature", "id": "geral-1006703516", "properties": {"estacao_id": "1006703516", "estacoes_no_local": 3, "servico": "507 - Móvel Aeronáutico", "frequencia_mhz": "131.55–136.975", "altura_antena_m": 10.0, "entidade": "COMANDO DA AERONAUTICA", "municipio": "Guarulhos", "uf": "SP"}, "geometry": {"type": "Point", "coordinates": [-46.4698056, -23.4383056]}},
{"type": "Feature", "id": "geral-1006703532", "properties": {"estacao_id": "1006703532", "estacoes_no_local": 3, "servico": "507 - Móvel Aeronáutico", "frequencia_mhz": "131.55–136.975", "altura_antena_m": 17.0, "entidade": "COMANDO DA AERONAUTICA", "municipio": "Guarulhos", "uf": "SP"}, "geometry": {"type": "Point", "coordinates": [-46.77125, -23.7294722]}},
{"type": "Feature", "id": "geral-1006681911", "properties": {"estacao_id": "1006681911", "estacoes_no_local": 3, "servico": "507 - Móvel Aeronáutico", "frequencia_mhz": "131.55–136.975", "altura_antena_m": 17.0, "entidade": "COMANDO DA AERONAUTICA", "municipio": "São Paulo", "uf": "SP"}, "geometry": {"type": "Point", "coordinates": [-46.6537778, -23.6248333]}},
{"type": "Feature", "id": "geral-1006681938", "properties": {"estacao_id": "1006681938", "estacoes_no_local": 3, "servico": "507 - Móvel Aeronáutico", "frequencia_mhz": "131.55–136.975", "altura_antena_m": 6.0, "entidade": "COMANDO DA AERONAUTICA", "municipio": "São Paulo", "uf": "SP"}, "geometry": {"type": "Point", "coordinates": [-46.6524722, -23.6267778]}},
{"type": "Feature", "id": "geral-1007830872", "properties": {"estacao_id": "1007830872", "estacoes_no_local": 1, "servico": "507 - Móvel Aeronáutico", "frequencia_mhz": "131.7", "altura_antena_m": 10.0, "entidade": "BRITISH AIRWAYS PLC", "municipio": "Guarulhos", "uf": "SP"}, "geometry": {"type": "Point", "coordinates": [-46.4861111, -23.425]}},
{"type": "Feature", "id": "geral-1006814687", "properties": {"estacao_id": "1006814687", "estacoes_no_local": 1, "servico": "507 - Móvel Aeronáutico", "frequencia_mhz": "131.15", "altura_antena_m": 10.0, "entidade": "AIR CANADA", "municipio": "Guarulhos", "uf": "SP"}, "geometry": {"type": "Point", "coordinates": [-46.4698583, -23.4383389]}},
{"type": "Feature", "id": "geral-1008315459", "properties": {"estacao_id": "1008315459", "estacoes_no_local": 1, "servico": "507 - Móvel Aeronáutico", "frequencia_mhz": "130.875", "altura_antena_m": 17.0, "entidade": "TAM LINHAS AEREAS S/A", "municipio": "São Paulo", "uf": "SP"}, "geometry": {"type": "Point", "coordinates": [-46.6579389, -23.6319806]}},
{"type": "Feature", "id": "geral-1009601900", "properties": {"estacao_id": "1009601900", "estacoes_no_local": 1, "servico": "507 - Móvel Aeronáutico", "frequencia_mhz": "130.475", "altura_antena_m": 17.0, "entidade": "TAM LINHAS AEREAS S/A", "municipio": "São Paulo", "uf": "SP"}, "geometry": {"type": "Point", "coordinates": [-46.6579778, -23.6319806]}},
{"type": "Feature", "id": "geral-1010175693", "properties": {"estacao_id": "1010175693", "estacoes_no_local": 1, "servico": "507 - Móvel Aeronáutico", "frequencia_mhz": "130.5", "altura_antena_m": 17.0, "entidade": "TAM LINHAS AEREAS S/A", "municipio": "São Paulo", "uf": "SP"}, "geometry": {"type": "Point", "coordinates": [-46.6580556, -23.6319806]}},
{"type": "Feature", "id": "geral-1007168835", "properties": {"estacao_id": "1007168835", "estacoes_no_local": 1, "servico": "507 - Móvel Aeronáutico", "frequencia_mhz": "130.075", "altura_antena_m": 45.0, "entidade": "SOCIEDADE BENEF ISRAELITABRAS HOSPITAL ALBERT EINSTEIN", "municipio": "São Paulo", "uf": "SP"}, "geometry": {"type": "Point", "coordinates": [-46.7151333, -23.60035]}},
{"type": "Feature", "id": "geral-1007394665", "properties": {"estacao_id": "1007394665", "estacoes_no_local": 2, "servico": "507 - Móvel Aeronáutico", "frequencia_mhz": "130–131.6", "altura_antena_m": 20.0, "entidade": "AMERICAN AIRLINES INC", "municipio": "Guarulhos", "uf": "SP"}, "geometry": {"type": "Point", "coordinates": [-46.4727778, -23.435]}},
{"type": "Feature", "id": "geral-1010535282", "properties": {"estacao_id": "1010535282", "estacoes_no_local": 2, "servico": "507 - Móvel Aeronáutico", "frequencia_mhz": "130.725–131.025", "altura_antena_m": 15.0, "entidade": "ICON TAXI AEREO LTDA", "municipio": "São Paulo", "uf": "SP"}, "geometry": {"type": "Point", "coordinates": [-46.6555, -23.6214306]}},
{"type": "Feature", "id": "geral-1008710064", "properties": {"estacao_id": "1008710064", "estacoes_no_local": 1, "servico": "507 - Móvel Aeronáutico", "frequencia_mhz": "136.375", "altura_antena_m": 9.0, "entidade": "TAM AVIAÇÃO EXECUTIVA E TAXI AEREO S/A", "municipio": "São Paulo", "uf": "SP"}, "geometry": {"type": "Point", "coordinates": [-46.6536111, -23.6358333]}},
{"type": "Feature", "id": "geral-1009253759", "properties": {"estacao_id": "1009253759", "estacoes_no_local": 1, "servico": "507 - Móvel Aeronáutico", "frequencia_mhz": "131.625", "altura_antena_m": 9.0, "entidade": "VOAR - COOPERATIVA DE USUARIOS DE AERONAVES EM REGIME DE PROPRIEDADE COMPARTILHADA", "municipio": "São Paulo", "uf": "SP"}, "geometry": {"type": "Point", "coordinates": [-46.7080083, -23.4162361]}},
{"type": "Feature", "id": "geral-1009939260", "properties": {"estacao_id": "1009939260", "estacoes_no_local": 3, "servico": "507 - Móvel Aeronáutico", "frequencia_mhz": "118.75–121.65", "altura_antena_m": 22.0, "entidade": "VOA SP SPE S.A.", "municipio": "Jundiaí", "uf": "SP"}, "geometry": {"type": "Point", "coordinates": [-46.9444444, -23.1822222]}},
{"type": "Feature", "id": "geral-1010246361", "properties": {"estacao_id": "1010246361", "estacoes_no_local": 2, "servico": "507 - Móvel Aeronáutico", "frequencia_mhz": "130.05–136.125", "altura_antena_m": 698.0, "entidade": "EMBRAER S.A.", "municipio": "São José dos Campos", "uf": "SP"}, "geometry": {"type": "Point", "coordinates": [-45.8542306, -23.2463389]}},
{"type": "Feature", "id": "geral-1010362248", "properties": {"estacao_id": "1010362248", "estacoes_no_local": 1, "servico": "507 - Móvel Aeronáutico", "frequencia_mhz": "131.175", "altura_antena_m": 3.8, "entidade": "JHSF ADMINISTRADORA DO CATARINA AEROPORTO EXECUTIVO S.A.", "municipio": "São Roque", "uf": "SP"}, "geometry": {"type": "Point", "coordinates": [-47.1756917, -23.4287611]}},
{"type": "Feature", "id": "geral-1010362264", "properties": {"estacao_id": "1010362264", "estacoes_no_local": 1, "servico": "507 - Móvel Aeronáutico", "frequencia_mhz": "131.8", "altura_antena_m": 3.8, "entidade": "JHSF ADMINISTRADORA DO CATARINA AEROPORTO EXECUTIVO S.A.", "municipio": "São Roque", "uf": "SP"}, "geometry": {"type": "Point", "coordinates": [-47.1758361, -23.4288722]}},
{"type": "Feature", "id": "geral-1010932087", "properties": {"estacao_id": "1010932087", "estacoes_no_local": 4, "servico": "507 - Móvel Aeronáutico", "frequencia_mhz": "130.05–136.125", "altura_antena_m": 21.0, "entidade": "EMBRAER S.A.", "municipio": "São José dos Campos", "uf": "SP"}, "geometry": {"type": "Point", "coordinates": [-45.8569139, -23.2295944]}},
{"type": "Feature", "id": "geral-1011583205", "properties": {"estacao_id": "1011583205", "estacoes_no_local": 1, "servico": "507 - Móvel Aeronáutico", "frequencia_mhz": "131.375", "altura_antena_m": 38.0, "entidade": "TOTAL LINHAS AEREAS S.A.", "municipio": "Guarulhos", "uf": "SP"}, "geometry": {"type": "Point", "coordinates": [-46.4730556, -23.4355556]}},
{"type": "Feature", "id": "geral-1004252959", "properties": {"estacao_id": "1004252959", "estacoes_no_local": 80, "servico": "604 - Móvel Marítimo", "frequencia_mhz": "156.3–156.875", "altura_antena_m": 30.0, "entidade": "PETROLEO BRASILEIRO S A PETROBRAS", "municipio": "Santos", "uf": "SP"}, "geometry": {"type": "Point", "coordinates": [-46.6514056, -23.5658556]}},
{"type": "Feature", "id": "geral-1004700838", "properties": {"estacao_id": "1004700838", "estacoes_no_local": 4, "servico": "604 - Móvel Marítimo", "frequencia_mhz": "156.55–161.75", "altura_antena_m": 15.0, "entidade": "PEROLA S.A.", "municipio": "Santos", "uf": "SP"}, "geometry": {"type": "Point", "coordinates": [-46.3136111, -23.945]}},
{"type": "Feature", "id": "geral-1009938905", "properties": {"estacao_id": "1009938905", "estacoes_no_local": 7, "servico": "604 - Móvel Marítimo", "frequencia_mhz": "156.3–156.8", "altura_antena_m": 5.8, "entidade": "PETROBRAS TRANSPORTE S.A - TRANSPETRO", "municipio": "Santos", "uf": "SP"}, "geometry": {"type": "Point", "coordinates": [-46.3682222, -23.9207222]}},
{"type": "Feature", "id": "geral-1009938913", "properties": {"estacao_id": "1009938913", "estacoes_no_local": 2, "servico": "604 - Móvel Marítimo", "frequencia_mhz": "161.975–162.025", "altura_antena_m": 24.0, "entidade": "PETROBRAS TRANSPORTE S.A - TRANSPETRO", "municipio": "Santos", "uf": "SP"}, "geometry": {"type": "Point", "coordinates": [-46.36625, -23.9260833]}},
{"type": "Feature", "id": "geral-1009945871", "properties": {"estacao_id": "1009945871", "estacoes_no_local": 21, "servico": "604 - Móvel Marítimo", "frequencia_mhz": "156.3–156.8", "altura_antena_m": 9.4, "entidade": "PETROBRAS TRANSPORTE S.A - TRANSPETRO", "municipio": "Santos", "uf": "SP"}, "geometry": {"type": "Point", "coordinates": [-46.3663333, -23.9261111]}},
{"type": "Feature", "id": "geral-1009945898", "properties": {"estacao_id": "1009945898", "estacoes_no_local": 7, "servico": "604 - Móvel Marítimo", "frequencia_mhz": "156.3–156.8", "altura_antena_m": 8.8, "entidade": "PETROBRAS TRANSPORTE S.A - TRANSPETRO", "municipio": "Santos", "uf": "SP"}, "geometry": {"type": "Point", "coordinates": [-46.3633333, -23.9194444]}},
{"type": "Feature", "id": "geral-1009946274", "properties": {"estacao_id": "1009946274", "estacoes_no_local": 7, "servico": "604 - Móvel Marítimo", "frequencia_mhz": "156.3–156.8", "altura_antena_m": 5.0, "entidade": "PETROBRAS TRANSPORTE S.A - TRANSPETRO", "municipio": "Santos", "uf": "SP"}, "geometry": {"type": "Point", "coordinates": [-46.3670278, -23.9184444]}},
{"type": "Feature", "id": "geral-1009946290", "properties": {"estacao_id": "1009946290", "estacoes_no_local": 7, "servico": "604 - Móvel Marítimo", "frequencia_mhz": "156.3–156.8", "altura_antena_m": 5.1, "entidade": "PETROBRAS TRANSPORTE S.A - TRANSPETRO", "municipio": "Santos", "uf": "SP"}, "geometry": {"type": "Point", "coordinates": [-46.3663611, -23.9221944]}},
{"type": "Feature", "id": "geral-1009946304", "properties": {"estacao_id": "1009946304", "estacoes_no_local": 7, "servico": "604 - Móvel Marítimo", "frequencia_mhz": "156.3–156.8", "altura_antena_m": 5.1, "entidade": "PETROBRAS TRANSPORTE S.A - TRANSPETRO", "municipio": "Santos", "uf": "SP"}, "geometry": {"type": "Point", "coordinates": [-46.3663611, -23.9223056]}},
{"type": "Feature", "id": "geral-1009946312", "properties": {"estacao_id": "1009946312", "estacoes_no_local": 7, "servico": "604 - Móvel Marítimo", "frequencia_mhz": "156.3–156.8", "altura_antena_m": 5.1, "entidade": "PETROBRAS TRANSPORTE S.A - TRANSPETRO", "municipio": "Santos", "uf": "SP"}, "geometry": {"type": "Point", "coordinates": [-46.3661667, -23.9223056]}},
{"type": "Feature", "id": "geral-1009946339", "properties": {"estacao_id": "1009946339", "estacoes_no_local": 14, "servico": "604 - Móvel Marítimo", "frequencia_mhz": "156.3–156.8", "altura_antena_m": 9.6, "entidade": "PETROBRAS TRANSPORTE S.A - TRANSPETRO", "municipio": "Santos", "uf": "SP"}, "geometry": {"type": "Point", "coordinates": [-46.3680833, -23.9208611]}},
{"type": "Feature", "id": "geral-1009946363", "properties": {"estacao_id": "1009946363", "estacoes_no_local": 7, "servico": "604 - Móvel Marítimo", "frequencia_mhz": "156.3–156.8", "altura_antena_m": 6.0, "entidade": "PETROBRAS TRANSPORTE S.A - TRANSPETRO", "municipio": "Santos", "uf": "SP"}, "geometry": {"type": "Point", "coordinates": [-46.3656944, -23.9255]}},
{"type": "Feature", "id": "geral-1009946371", "properties": {"estacao_id": "1009946371", "estacoes_no_local": 7, "servico": "604 - Móvel Marítimo", "frequencia_mhz": "156.3–156.8", "altura_antena_m": 5.0, "entidade": "PETROBRAS TRANSPORTE S.A - TRANSPETRO", "municipio": "Santos", "uf": "SP"}, "geometry": {"type": "Point", "coordinates": [-46.3658611, -23.9261944]}},
{"type": "Feature", "id": "geral-1009946398", "properties": {"estacao_id": "1009946398", "estacoes_no_local": 7, "servico": "604 - Móvel Marítimo", "frequencia_mhz": "156.3–156.8", "altura_antena_m": 4.6, "entidade": "PETROBRAS TRANSPORTE S.A - TRANSPETRO", "municipio": "Santos", "uf": "SP"}, "geometry": {"type": "Point", "coordinates": [-46.3659167, -23.9261389]}},
{"type": "Feature", "id": "geral-1009947270", "properties": {"estacao_id": "1009947270", "estacoes_no_local": 7, "servico": "604 - Móvel Marítimo", "frequencia_mhz": "156.3–156.8", "altura_antena_m": 4.7, "entidade": "PETROBRAS TRANSPORTE S.A - TRANSPETRO", "municipio": "Praia Grande", "uf": "SP"}, "geometry": {"type": "Point", "coordinates": [-46.49325, -24.0365833]}},
{"type": "Feature", "id": "geral-1009947300", "properties": {"estacao_id": "1009947300", "estacoes_no_local": 7, "servico": "604 - Móvel Marítimo", "frequencia_mhz": "156.3–156.8", "altura_antena_m": 6.0, "entidade": "PETROBRAS TRANSPORTE S.A - TRANSPETRO", "municipio": "Santos", "uf": "SP"}, "geometry": {"type": "Point", "coordinates": [-46.3662222, -23.9223611]}},
{"type": "Feature", "id": "geral-1009947378", "properties": {"estacao_id": "1009947378", "estacoes_no_local": 7, "servico": "604 - Móvel Marítimo", "frequencia_mhz": "156.3–156.8", "altura_antena_m": 4.1, "entidade": "PETROBRAS TRANSPORTE S.A - TRANSPETRO", "municipio": "Santos", "uf": "SP"}, "geometry": {"type": "Point", "coordinates": [-46.3678333, -23.9207778]}},
{"type": "Feature", "id": "geral-1009947416", "properties": {"estacao_id": "1009947416", "estacoes_no_local": 7, "servico": "604 - Móvel Marítimo", "frequencia_mhz": "156.3–156.8", "altura_antena_m": 5.4, "entidade": "PETROBRAS TRANSPORTE S.A - TRANSPETRO", "municipio": "Santos", "uf": "SP"}, "geometry": {"type": "Point", "coordinates": [-46.3646667, -23.9238889]}},
{"type": "Feature", "id": "geral-1009947440", "properties": {"estacao_id": "1009947440", "estacoes_no_local": 7, "servico": "604 - Móvel Marítimo", "frequencia_mhz": "156.3–156.8", "altura_antena_m": 4.5, "entidade": "PETROBRAS TRANSPORTE S.A - TRANSPETRO", "municipio": "Santos", "uf": "SP"}, "geometry": {"type": "Point", "coordinates": [-46.3733056, -23.9211111]}},
{"type": "Feature", "id": "geral-1009947459", "properties": {"estacao_id": "1009947459", "estacoes_no_local": 7, "servico": "604 - Móvel Marítimo", "frequencia_mhz": "156.3–156.8", "altura_antena_m": 3.9, "entidade": "PETROBRAS TRANSPORTE S.A - TRANSPETRO", "municipio": "Santos", "uf": "SP"}, "geometry": {"type": "Point", "coordinates": [-46.3661389, -23.9223611]}},
{"type": "Feature", "id": "geral-1009947491", "properties": {"estacao_id": "1009947491", "estacoes_no_local": 7, "servico": "604 - Móvel Marítimo", "frequencia_mhz": "156.3–156.8", "altura_antena_m": 4.8, "entidade": "PETROBRAS TRANSPORTE S.A - TRANSPETRO", "municipio": "Bertioga", "uf": "SP"}, "geometry": {"type": "Point", "coordinates": [-45.9570833, -23.7734722]}},
{"type": "Feature", "id": "geral-1004780181", "properties": {"estacao_id": "1004780181", "estacoes_no_local": 7, "servico": "604 - Móvel Marítimo", "frequencia_mhz": "156.425–156.8", "altura_antena_m": 16.0, "entidade": "IATE CLUBE DA BARRA DO UNA", "municipio": "São Sebastião", "uf": "SP"}, "geometry": {"type": "Point", "coordinates": [-45.7594444, -23.7552778]}},
{"type": "Feature", "id": "geral-1005764562", "properties": {"estacao_id": "1005764562", "estacoes_no_local": 164, "servico": "604 - Móvel Marítimo", "frequencia_mhz": "156.45–156.8", "altura_antena_m": 6.0, "entidade": "VOPAK BRASIL S.A.", "municipio": "Santos", "uf": "SP"}, "geometry": {"type": "Point", "coordinates": [-46.3727778, -23.9263889]}},
{"type": "Feature", "id": "geral-1005552166", "properties": {"estacao_id": "1005552166", "estacoes_no_local": 8, "servico": "604 - Móvel Marítimo", "frequencia_mhz": "156.375–156.975", "altura_antena_m": 13.0, "entidade": "BAIA DE SAO VICENTE IATE CLUBE", "municipio": "São Vicente", "uf": "SP"}, "geometry": {"type": "Point", "coordinates": [-46.3938889, -23.9827778]}},
{"type": "Feature", "id": "geral-1006036013", "properties": {"estacao_id": "1006036013", "estacoes_no_local": 7, "servico": "604 - Móvel Marítimo", "frequencia_mhz": "156.5–156.8", "altura_antena_m": 36.0, "entidade": "CONE SUL AGENCIA DE NAVEGACAO LTDA. - EPP", "municipio": "Santos", "uf": "SP"}, "geometry": {"type": "Point", "coordinates": [-46.3261111, -23.9338889]}},
{"type": "Feature", "id": "geral-1006655872", "properties": {"estacao_id": "1006655872", "estacoes_no_local": 12, "servico": "604 - Móvel Marítimo", "frequencia_mhz": "156.375–156.8", "altura_antena_m": 20.0, "entidade": "SAAM SMIT TOWAGE BRASIL S.A", "municipio": "Santos", "uf": "SP"}, "geometry": {"type": "Point", "coordinates": [-46.3091722, -23.9783472]}},
{"type": "Feature", "id": "geral-1006838306", "properties": {"estacao_id": "1006838306", "estacoes_no_local": 4, "servico": "604 - Móvel Marítimo", "frequencia_mhz": "156.375–156.8", "altura_antena_m": 18.0, "entidade": "MARINA PORTO DO SOL LTDA", "municipio": "Guarujá", "uf": "SP"}, "geometry": {"type": "Point", "coordinates": [-46.1455556, -23.8636111]}},
{"type": "Feature", "id": "geral-1006960993", "properties": {"estacao_id": "1006960993", "estacoes_no_local": 50, "servico": "604 - Móvel Marítimo", "frequencia_mhz": "156.225–157.35", "altura_antena_m": 15.0, "entidade": "IATE CLUBE DE SANTOS", "municipio": "Guarujá", "uf": "SP"}, "geometry": {"type": "Point", "coordinates": [-46.2844361, -23.98695]}},
{"type": "Feature", "id": "geral-1006934305", "properties": {"estacao_id": "1006934305", "estacoes_no_local": 3, "servico": "604 - Móvel Marítimo", "frequencia_mhz": "156.6–156.8", "altura_antena_m": 3.0, "entidade": "VITORIA TURISMO NAUTICO LTDA", "municipio": "São Sebastião", "uf": "SP"}, "geometry": {"type": "Point", "coordinates": [-45.9561111, -23.7894444]}},
{"type": "Feature", "id": "geral-1010719553", "properties": {"estacao_id": "1010719553", "estacoes_no_local": 5, "servico": "604 - Móvel Marítimo", "frequencia_mhz": "156.5–156.85", "altura_antena_m": 11.0, "entidade": "GARAGEM NAUTICA INDAIA LTDA - ME", "municipio": "Bertioga", "uf": "SP"}, "geometry": {"type": "Point", "coordinates": [-46.0436111, -23.8172222]}},
{"type": "Feature", "id": "geral-1011077318", "properties": {"estacao_id": "1011077318", "estacoes_no_local": 15, "servico": "604 - Móvel Marítimo", "frequencia_mhz": "156.375–156.8", "altura_antena_m": 6.0, "entidade": "MARINAS NACIONAIS COMERCIAL LTDA", "municipio": "Guarujá", "uf": "SP"}, "geometry": {"type": "Point", "coordinates": [-46.1558333, -23.8686111]}},
{"type": "Feature", "id": "geral-1011077334", "properties": {"estacao_id": "1011077334", "estacoes_no_local": 5, "servico": "604 - Móvel Marítimo", "frequencia_mhz": "156.375–156.8", "altura_antena_m": 18.0, "entidade": "MARINAS NACIONAIS COMERCIAL LTDA", "municipio": "Guarujá", "uf": "SP"}, "geometry": {"type": "Point", "coordinates": [-46.1488889, -23.8747222]}},
{"type": "Feature", "id": "geral-1011261194", "properties": {"estacao_id": "1011261194", "estacoes_no_local": 4, "servico": "604 - Móvel Marítimo", "frequencia_mhz": "156.425–156.8", "altura_antena_m": 5.0, "entidade": "PIER 26 GARAGEM NAUTICA LTDA", "municipio": "Guarujá", "uf": "SP"}, "geometry": {"type": "Point", "coordinates": [-46.2930556, -24.0027778]}},
{"type": "Feature", "id": "geral-1011700031", "properties": {"estacao_id": "1011700031", "estacoes_no_local": 4, "servico": "604 - Móvel Marítimo", "frequencia_mhz": "156.425–156.8", "altura_antena_m": 6.0, "entidade": "PIER 26 GARAGEM NAUTICA LTDA", "municipio": "Guarujá", "uf": "SP"}, "geometry": {"type": "Point", "coordinates": [-46.2927778, -24.0030556]}},
{"type": "Feature", "id": "geral-1011941730", "properties": {"estacao_id": "1011941730", "estacoes_no_local": 8, "servico": "604 - Móvel Marítimo", "frequencia_mhz": "156.375–156.8", "altura_antena_m": 12.0, "entidade": "BOREAL NAUTICA LTDA.", "municipio": "Guarujá", "uf": "SP"}, "geometry": {"type": "Point", "coordinates": [-46.2936111, -24.0038889]}},
{"type": "Feature", "id": "geral-3079910", "properties": {"estacao_id": "3079910", "estacoes_no_local": 5, "servico": "251 - AUXILIAR RADIODIF.- TRANSMISS. DE PROGRAMAS", "frequencia_mhz": "6730–7080", "altura_antena_m": 60.0, "entidade": "TVSBT CANAL 4 DE SAO PAULO S/A", "municipio": "São Paulo", "uf": "SP"}, "geometry": {"type": "Point", "coordinates": [-46.6463889, -23.5636111]}},
{"type": "Feature", "id": "geral-4592883", "properties": {"estacao_id": "4592883", "estacoes_no_local": 11, "servico": "251 - AUXILIAR RADIODIF.- TRANSMISS. DE PROGRAMAS", "frequencia_mhz": "3390–7130", "altura_antena_m": 15.0, "entidade": "TVSBT CANAL 4 DE SAO PAULO S/A", "municipio": "Osasco", "uf": "SP"}, "geometry": {"type": "Point", "coordinates": [-46.7772222, -23.4758333]}},
{"type": "Feature", "id": "geral-3079902", "properties": {"estacao_id": "3079902", "estacoes_no_local": 55, "servico": "251 - AUXILIAR RADIODIF.- TRANSMISS. DE PROGRAMAS/252 - AUXILIAR RADIODIF.- REPORTAGEM EXTERNA", "frequencia_mhz": "2305–6650", "altura_antena_m": 110.0, "entidade": "TVSBT CANAL 4 DE SAO PAULO S/A", "municipio": "São Paulo", "uf": "SP"}, "geometry": {"type": "Point", "coordinates": [-46.6818889, -23.5447222]}},
{"type": "Feature", "id": "geral-1002588100", "properties": {"estacao_id": "1002588100", "estacoes_no_local": 24, "servico": "251 - AUXILIAR RADIODIF.- TRANSMISS. DE PROGRAMAS/252 - AUXILIAR RADIODIF.- REPORTAGEM EXTERNA", "frequencia_mhz": "12751", "altura_antena_m": 43.0, "entidade": "TVSBT CANAL 4 DE SAO PAULO S/A", "municipio": "São Paulo", "uf": "SP"}, "geometry": {"type": "Point", "coordinates": [-46.7668333, -23.4588611]}},
{"type": "Feature", "id": "geral-295051", "properties": {"estacao_id": "295051", "estacoes_no_local": 14, "servico": "251 - AUXILIAR RADIODIF.- TRANSMISS. DE PROGRAMAS", "frequencia_mhz": "3450–12849", "altura_antena_m": 118.0, "entidade": "RADIO E TELEVISAO RECORD S.A", "municipio": "São Paulo", "uf": "SP"}, "geometry": {"type": "Point", "coordinates": [-46.6616667, -23.5247222]}},
{"type": "Feature", "id": "geral-295329", "properties": {"estacao_id": "295329", "estacoes_no_local": 30, "servico": "251 - AUXILIAR RADIODIF.- TRANSMISS. DE PROGRAMAS/252 - AUXILIAR RADIODIF.- REPORTAGEM EXTERNA", "frequencia_mhz": "3355–12420", "altura_antena_m": 30.0, "entidade": "FUNDACAO PADRE ANCHIETA CENTRO PAULISTA DE RADIO E TVS EDUCATIVAS", "municipio": "São Paulo", "uf": "SP"}, "geometry": {"type": "Point", "coordinates": [-46.7655556, -23.4547222]}},
{"type": "Feature", "id": "geral-3079511", "properties": {"estacao_id": "3079511", "estacoes_no_local": 5, "servico": "251 - AUXILIAR RADIODIF.- TRANSMISS. DE PROGRAMAS/253 - AUXILIAR RADIODIF.- COM. DE ORDENS INTERNAS", "frequencia_mhz": "455.113–12308", "altura_antena_m": 30.0, "entidade": "RADIO E TELEVISAO RECORD S.A", "municipio": "São Paulo", "uf": "SP"}, "geometry": {"type": "Point", "coordinates": [-46.6644444, -23.6097222]}},
{"type": "Feature", "id": "geral-3079520", "properties": {"estacao_id": "3079520", "estacoes_no_local": 46, "servico": "251 - AUXILIAR RADIODIF.- TRANSMISS. DE PROGRAMAS/252 - AUXILIAR RADIODIF.- REPORTAGEM EXTERNA", "frequencia_mhz": "2315–12476", "altura_antena_m": 126.8, "entidade": "RADIO E TELEVISAO RECORD S.A", "municipio": "São Paulo", "uf": "SP"}, "geometry": {"type": "Point", "coordinates": [-46.6566667, -23.5597222]}},
{"type": "Feature", "id": "geral-850144", "properties": {"estacao_id": "850144", "estacoes_no_local": 2, "servico": "251 - AUXILIAR RADIODIF.- TRANSMISS. DE PROGRAMAS", "frequencia_mhz": "7080–7120", "altura_antena_m": 19.2, "entidade": "CANAL BRASILEIRO DA INFORMACAO CBI LTDA", "municipio": "São Paulo", "uf": "SP"}, "geometry": {"type": "Point", "coordinates": [-46.6508333, -23.565]}},
{"type": "Feature", "id": "geral-3079635", "properties": {"estacao_id": "3079635", "estacoes_no_local": 6, "servico": "251 - AUXILIAR RADIODIF.- TRANSMISS. DE PROGRAMAS/252 - AUXILIAR RADIODIF.- REPORTAGEM EXTERNA", "frequencia_mhz": "2335–2355", "altura_antena_m": 133.4, "entidade": "CANAL BRASILEIRO DA INFORMACAO CBI LTDA", "municipio": "São Paulo", "uf": "SP"}, "geometry": {"type": "Point", "coordinates": [-46.6494444, -23.5658333]}},
{"type": "Feature", "id": "geral-1129953", "properties": {"estacao_id": "1129953", "estacoes_no_local": 39, "servico": "251 - AUXILIAR RADIODIF.- TRANSMISS. DE PROGRAMAS/252 - AUXILIAR RADIODIF.- REPORTAGEM EXTERNA/253 - AUXILIAR RADIODIF.- COM. DE ORDENS INTERNAS", "frequencia_mhz": "450.05–10656", "altura_antena_m": 999.9, "entidade": "REDE 21 COMUNICACOES S.A.", "municipio": "São Paulo", "uf": "SP"}, "geometry": {"type": "Point", "coordinates": [-46.6644444, -23.5547222]}},
{"type": "Feature", "id": "geral-3080293", "properties": {"estacao_id": "3080293", "estacoes_no_local": 5, "servico": "251 - AUXILIAR RADIODIF.- TRANSMISS. DE PROGRAMAS", "frequencia_mhz": "7040–7080", "altura_antena_m": 12.0, "entidade": "Radio e Televisão Bandeirantes S.A.", "municipio": "São Paulo", "uf": "SP"}, "geometry": {"type": "Point", "coordinates": [-46.7666667, -23.4580556]}},
{"type": "Feature", "id": "geral-1129848", "properties": {"estacao_id": "1129848", "estacoes_no_local": 29, "servico": "251 - AUXILIAR RADIODIF.- TRANSMISS. DE PROGRAMAS/253 - AUXILIAR RADIODIF.- COM. DE ORDENS INTERNAS", "frequencia_mhz": "153.01–13199", "altura_antena_m": 40.0, "entidade": "PIRA SOM E IMAGEM S.A", "municipio": "São Paulo", "uf": "SP"}, "geometry": {"type": "Point", "coordinates": [-46.7111111, -23.5944444]}},
{"type": "Feature", "id": "geral-4472349", "properties": {"estacao_id": "4472349", "estacoes_no_local": 1, "servico": "251 - AUXILIAR RADIODIF.- TRANSMISS. DE PROGRAMAS", "altura_antena_m": 119.0, "entidade": "Radio e Televisão Bandeirantes S.A.", "municipio": "São Paulo", "uf": "SP"}, "geometry": {"type": "Point", "coordinates": [-46.6544444, -23.5627778]}},
{"type": "Feature", "id": "geral-442407734", "properties": {"estacao_id": "442407734", "estacoes_no_local": 1, "servico": "251 - AUXILIAR RADIODIF.- TRANSMISS. DE PROGRAMAS", "frequencia_mhz": "12849", "altura_antena_m": 13.0, "entidade": "Radio e Televisão Bandeirantes S.A.", "municipio": "São Paulo", "uf": "SP"}, "geometry": {"type": "Point", "coordinates": [-46.665, -23.5716667]}},
{"type": "Feature", "id": "geral-3079970", "properties": {"estacao_id": "3079970", "estacoes_no_local": 115, "servico": "251 - AUXILIAR RADIODIF.- TRANSMISS. DE PROGRAMAS/252 - AUXILIAR RADIODIF.- REPORTAGEM EXTERNA", "frequencia_mhz": "947.5–12737.5", "altura_antena_m": 45.0, "entidade": "FUNDACAO PADRE ANCHIETA CENTRO PAULISTA DE RADIO E TVS EDUCATIVAS", "municipio": "São Paulo", "uf": "SP"}, "geometry": {"type": "Point", "coordinates": [-46.6941667, -23.5102778]}},
{"type": "Feature", "id": "geral-3079996", "properties": {"estacao_id": "3079996", "estacoes_no_local": 6, "servico": "251 - AUXILIAR RADIODIF.- TRANSMISS. DE PROGRAMAS", "frequencia_mhz": "1910–12787.5", "altura_antena_m": 15.0, "entidade": "FUNDACAO PADRE ANCHIETA CENTRO PAULISTA DE RADIO E TVS EDUCATIVAS", "municipio": "São Paulo", "uf": "SP"}, "geometry": {"type": "Point", "coordinates": [-46.6322222, -23.5308333]}},
{"type": "Feature", "id": "geral-3080005", "properties": {"estacao_id": "3080005", "estacoes_no_local": 8, "servico": "251 - AUXILIAR RADIODIF.- TRANSMISS. DE PROGRAMAS/253 - AUXILIAR RADIODIF.- COM. DE ORDENS INTERNAS", "frequencia_mhz": "450.937–7080", "altura_antena_m": 120.0, "entidade": "FUNDACAO PADRE ANCHIETA CENTRO PAULISTA DE RADIO E TVS EDUCATIVAS", "municipio": "São Paulo", "uf": "SP"}, "geometry": {"type": "Point", "coordinates": [-46.6802778, -23.5488889]}},
{"type": "Feature", "id": "geral-3080013", "properties": {"estacao_id": "3080013", "estacoes_no_local": 6, "servico": "251 - AUXILIAR RADIODIF.- TRANSMISS. DE PROGRAMAS", "frequencia_mhz": "6900", "altura_antena_m": 96.0, "entidade": "FUNDACAO PADRE ANCHIETA CENTRO PAULISTA DE RADIO E TVS EDUCATIVAS", "municipio": "São Paulo", "uf": "SP"}, "geometry": {"type": "Point", "coordinates": [-46.6463889, -23.5633333]}},
{"type": "Feature", "id": "geral-3080030", "properties": {"estacao_id": "3080030", "estacoes_no_local": 1, "servico": "251 - AUXILIAR RADIODIF.- TRANSMISS. DE PROGRAMAS", "altura_antena_m": 10.0, "entidade": "FUNDACAO PADRE ANCHIETA CENTRO PAULISTA DE RADIO E TVS EDUCATIVAS", "municipio": "São Paulo", "uf": "SP"}, "geometry": {"type": "Point", "coordinates": [-46.6125, -23.4730556]}},
{"type": "Feature", "id": "geral-3401359", "properties": {"estacao_id": "3401359", "estacoes_no_local": 7, "servico": "251 - AUXILIAR RADIODIF.- TRANSMISS. DE PROGRAMAS/253 - AUXILIAR RADIODIF.- COM. DE ORDENS INTERNAS", "frequencia_mhz": "164.55–7160", "altura_antena_m": 19.5, "entidade": "TV VALE DO PARAIBA LTDA", "municipio": "São José dos Campos", "uf": "SP"}, "geometry": {"type": "Point", "coordinates": [-45.8825, -23.1988889]}},
{"type": "Feature", "id": "geral-3401367", "properties": {"estacao_id": "3401367", "estacoes_no_local": 11, "servico": "251 - AUXILIAR RADIODIF.- TRANSMISS. DE PROGRAMAS", "frequencia_mhz": "6740–7160", "altura_antena_m": 66.4, "entidade": "TV VALE DO PARAIBA LTDA", "municipio": "São José dos Campos", "uf": "SP"}, "geometry": {"type": "Point", "coordinates": [-45.8905556, -23.1911111]}},
{"type": "Feature", "id": "geral-3401375", "properties": {"estacao_id": "3401375", "estacoes_no_local": 11, "servico": "251 - AUXILIAR RADIODIF.- TRANSMISS. DE PROGRAMAS/253 - AUXILIAR RADIODIF.- COM. DE ORDENS INTERNAS", "frequencia_mhz": "153.31–7120", "altura_antena_m": 22.7, "entidade": "TV VALE DO PARAIBA LTDA", "municipio": "São José dos Campos", "uf": "SP"}, "geometry": {"type": "Point", "coordinates": [-45.9061111, -23.1530556]}},
{"type": "Feature", "id": "geral-3576132", "properties": {"estacao_id": "3576132", "estacoes_no_local": 1, "servico": "251 - AUXILIAR RADIODIF.- TRANSMISS. DE PROGRAMAS", "frequencia_mhz": "949.5", "altura_antena_m": 40.6, "entidade": "ALPHA FM LTDA", "municipio": "Osasco", "uf": "SP"}, "geometry": {"type": "Point", "coordinates": [-46.7752778, -23.5447222]}},
{"type": "Feature", "id": "geral-355896850", "properties": {"estacao_id": "355896850", "estacoes_no_local": 17, "servico": "251 - AUXILIAR RADIODIF.- TRANSMISS. DE PROGRAMAS/252 - AUXILIAR RADIODIF.- REPORTAGEM EXTERNA", "frequencia_mhz": "153.17–959.5", "altura_antena_m": 144.0, "entidade": "ALPHA FM LTDA", "municipio": "São Paulo", "uf": "SP"}, "geometry": {"type": "Point", "coordinates": [-46.6591667, -23.5572222]}},
{"type": "Feature", "id": "geral-3576183", "properties": {"estacao_id": "3576183", "estacoes_no_local": 1, "servico": "251 - AUXILIAR RADIODIF.- TRANSMISS. DE PROGRAMAS", "altura_antena_m": 20.0, "entidade": "EMPRESA DE COMUNICACAO TRANSCONTINENTAL LTDA - EPP", "municipio": "Santos", "uf": "SP"}, "geometry": {"type": "Point", "coordinates": [-46.3528611, -23.9599722]}},
{"type": "Feature", "id": "geral-683735357", "properties": {"estacao_id": "683735357", "estacoes_no_local": 3, "servico": "251 - AUXILIAR RADIODIF.- TRANSMISS. DE PROGRAMAS", "frequencia_mhz": "938–951", "altura_antena_m": 17.0, "entidade": "EMPRESA DE COMUNICACAO TRANSCONTINENTAL LTDA - EPP", "municipio": "Guarujá", "uf": "SP"}, "geometry": {"type": "Point", "coordinates": [-46.2560556, -23.9821667]}},
{"type": "Feature", "id": "geral-1002527489", "properties": {"estacao_id": "1002527489", "estacoes_no_local": 1, "servico": "251 - AUXILIAR RADIODIF.- TRANSMISS. DE PROGRAMAS", "frequencia_mhz": "950.875", "altura_antena_m": 27.8, "entidade": "EMPRESA DE COMUNICACAO TRANSCONTINENTAL LTDA - EPP", "municipio": "Santos", "uf": "SP"}, "geometry": {"type": "Point", "coordinates": [-46.3311111, -23.9582778]}},
{"type": "Feature", "id": "geral-3576272", "properties": {"estacao_id": "3576272", "estacoes_no_local": 1, "servico": "251 - AUXILIAR RADIODIF.- TRANSMISS. DE PROGRAMAS", "altura_antena_m": 50.0, "entidade": "RADIO TERRA AM LTDA", "municipio": "Osasco", "uf": "SP"}, "geometry": {"type": "Point", "coordinates": [-46.7727778, -23.505]}},
{"type": "Feature", "id": "geral-3576370", "properties": {"estacao_id": "3576370", "estacoes_no_local": 1, "servico": "251 - AUXILIAR RADIODIF.- TRANSMISS. DE PROGRAMAS", "frequencia_mhz": "956.5", "altura_antena_m": 30.0, "entidade": "FM MUNDIAL LTDA", "municipio": "Jundiaí", "uf": "SP"}, "geometry": {"type": "Point", "coordinates": [-46.8833333, -23.1697222]}},
{"type": "Feature", "id": "geral-3576388", "properties": {"estacao_id": "3576388", "estacoes_no_local": 2, "servico": "251 - AUXILIAR RADIODIF.- TRANSMISS. DE PROGRAMAS", "altura_antena_m": 93.0, "entidade": "FM MUNDIAL LTDA", "municipio": "Jundiaí", "uf": "SP"}, "geometry": {"type": "Point", "coordinates": [-46.9633333, -23.2680556]}},
{"type": "Feature", "id": "geral-3576396", "properties": {"estacao_id": "3576396", "estacoes_no_local": 1, "servico": "251 - AUXILIAR RADIODIF.- TRANSMISS. DE PROGRAMAS", "frequencia_mhz": "949", "altura_antena_m": 23.0, "entidade": "RADIO EMISSORA ABC LTDA", "municipio": "Santo André", "uf": "SP"}, "geometry": {"type": "Point", "coordinates": [-46.5369444, -23.6766667]}},
{"type": "Feature", "id": "geral-3576400", "properties": {"estacao_id": "3576400", "estacoes_no_local": 1, "servico": "251 - AUXILIAR RADIODIF.- TRANSMISS. DE PROGRAMAS", "altura_antena_m": 28.0, "entidade": "RADIO EMISSORA ABC LTDA", "municipio": "Santo André", "uf": "SP"}, "geometry": {"type": "Point", "coordinates": [-46.5158333, -23.6444444]}},
{"type": "Feature", "id": "geral-3576434", "properties": {"estacao_id": "3576434", "estacoes_no_local": 1, "servico": "251 - AUXILIAR RADIODIF.- TRANSMISS. DE PROGRAMAS", "frequencia_mhz": "954", "altura_antena_m": 10.0, "entidade": "RADIO COMUNICAÇÃO BRASIL LTDA", "municipio": "Osasco", "uf": "SP"}, "geometry": {"type": "Point", "coordinates": [-46.8166667, -23.5402778]}},
{"type": "Feature", "id": "geral-3576442", "properties": {"estacao_id": "3576442", "estacoes_no_local": 2, "servico": "251 - AUXILIAR RADIODIF.- TRANSMISS. DE PROGRAMAS", "altura_antena_m": 20.0, "entidade": "RADIO COMUNICAÇÃO BRASIL LTDA", "municipio": "São Paulo", "uf": "SP"}, "geometry": {"type": "Point", "coordinates": [-46.5941667, -23.5141667]}},
{"type": "Feature", "id": "geral-3577619", "properties": {"estacao_id": "3577619", "estacoes_no_local": 1, "servico": "251 - AUXILIAR RADIODIF.- TRANSMISS. DE PROGRAMAS", "altura_antena_m": 26.0, "entidade": "FUNDACAO PADRE ANCHIETA CENTRO PAULISTA DE RADIO E TVS EDUCATIVAS", "municipio": "São Paulo", "uf": "SP"}, "geometry": {"type": "Point", "coordinates": [-46.5613889, -23.5116667]}},
{"type": "Feature", "id": "geral-236179", "properties": {"estacao_id": "236179", "estacoes_no_local": 1, "servico": "251 - AUXILIAR RADIODIF.- TRANSMISS. DE PROGRAMAS", "frequencia_mhz": "956", "altura_antena_m": 15.0, "entidade": "SUPER RADIO TUPI AM LTDA", "municipio": "São Paulo", "uf": "SP"}, "geometry": {"type": "Point", "coordinates": [-46.7066667, -23.5669444]}},
{"type": "Feature", "id": "geral-2349779", "properties": {"estacao_id": "2349779", "estacoes_no_local": 1, "servico": "251 - AUXILIAR RADIODIF.- TRANSMISS. DE PROGRAMAS", "altura_antena_m": 52.0, "entidade": "SUPER RADIO TUPI AM LTDA", "municipio": "Jundiaí", "uf": "SP"}, "geometry": {"type": "Point", "coordinates": [-46.9019444, -23.1838889]}},
{"type": "Feature", "id": "geral-2786290", "properties": {"estacao_id": "2786290", "estacoes_no_local": 5, "servico": "251 - AUXILIAR RADIODIF.- TRANSMISS. DE PROGRAMAS", "frequencia_mhz": "949.5–953.5", "altura_antena_m": 70.0, "entidade": "RADIO DELTA LTDA", "municipio": "Mairiporã", "uf": "SP"}, "geometry": {"type": "Point", "coordinates": [-46.5841667, -23.2972222]}},
{"type": "Feature", "id": "geral-355896915", "properties": {"estacao_id": "355896915", "estacoes_no_local": 2, "servico": "251 - AUXILIAR RADIODIF.- TRANSMISS. DE PROGRAMAS", "altura_antena_m": 70.0, "entidade": "RADIO TOP FM LTDA", "municipio": "Arujá", "uf": "SP"}, "geometry": {"type": "Point", "coordinates": [-46.2986111, -23.3925]}},
{"type": "Feature", "id": "geral-3569780", "properties": {"estacao_id": "3569780", "estacoes_no_local": 1, "servico": "251 - AUXILIAR RADIODIF.- TRANSMISS. DE PROGRAMAS", "frequencia_mhz": "959.5", "altura_antena_m": 18.0, "entidade": "RADIO EMISSORA DO GRANDE VALE LTDA.-EPP", "municipio": "São José dos Campos", "uf": "SP"}, "geometry": {"type": "Point", "coordinates": [-45.8841667, -23.1813889]}},
{"type": "Feature", "id": "geral-1177230", "properties": {"estacao_id": "1177230", "estacoes_no_local": 2, "servico": "251 - AUXILIAR RADIODIF.- TRANSMISS. DE PROGRAMAS", "altura_antena_m": 30.0, "entidade": "RADIO MUNDIAL DE SAO PAULO LTDA", "municipio": "Guarulhos", "uf": "SP"}, "geometry": {"type": "Point", "coordinates": [-46.4166667, -23.4333333]}},
{"type": "Feature", "id": "geral-3571904", "properties": {"estacao_id": "3571904", "estacoes_no_local": 1, "servico": "251 - AUXILIAR RADIODIF.- TRANSMISS. DE PROGRAMAS", "altura_antena_m": 25.0, "entidade": "Radio e Televisão Bandeirantes S.A.", "municipio": "São Paulo", "uf": "SP"}, "geometry": {"type": "Point", "coordinates": [-46.6005556, -23.6494444]}},
{"type": "Feature", "id": "geral-3572889", "properties": {"estacao_id": "3572889", "estacoes_no_local": 1, "servico": "251 - AUXILIAR RADIODIF.- TRANSMISS. DE PROGRAMAS", "frequencia_mhz": "3435", "altura_antena_m": 50.0, "entidade": "TELEVISÃO SHOW TIME LTDA.", "municipio": "São Paulo", "uf": "SP"}, "geometry": {"type": "Point", "coordinates": [-46.6816667, -23.5444444]}},
{"type": "Feature", "id": "geral-4149440", "properties": {"estacao_id": "4149440", "estacoes_no_local": 1, "servico": "251 - AUXILIAR RADIODIF.- TRANSMISS. DE PROGRAMAS", "altura_antena_m": 18.0, "entidade": "OMEGA RADIODIFUSAO LTDA", "municipio": "Mogi das Cruzes", "uf": "SP"}, "geometry": {"type": "Point", "coordinates": [-46.2012222, -23.4819722]}},
{"type": "Feature", "id": "geral-4149432", "properties": {"estacao_id": "4149432", "estacoes_no_local": 1, "servico": "251 - AUXILIAR RADIODIF.- TRANSMISS. DE PROGRAMAS", "frequencia_mhz": "946.625", "altura_antena_m": 90.0, "entidade": "OMEGA RADIODIFUSAO LTDA", "municipio": "São Paulo", "uf": "SP"}, "geometry": {"type": "Point", "coordinates": [-46.6561389, -23.5625278]}},
{"type": "Feature", "id": "geral-3569543", "properties": {"estacao_id": "3569543", "estacoes_no_local": 1, "servico": "251 - AUXILIAR RADIODIF.- TRANSMISS. DE PROGRAMAS", "frequencia_mhz": "944.5", "altura_antena_m": 60.0, "entidade": "RADIO E TELEVISAO METROPOLITANA LTDA", "municipio": "São José dos Campos", "uf": "SP"}, "geometry": {"type": "Point", "coordinates": [-45.885, -23.1944444]}},
{"type": "Feature", "id": "geral-3569551", "properties": {"estacao_id": "3569551", "estacoes_no_local": 1, "servico": "251 - AUXILIAR RADIODIF.- TRANSMISS. DE PROGRAMAS", "altura_antena_m": 15.0, "entidade": "RADIO E TELEVISAO METROPOLITANA LTDA", "municipio": "São José dos Campos", "uf": "SP"}, "geometry": {"type": "Point", "coordinates": [-45.9111111, -23.1877778]}},
{"type": "Feature", "id": "geral-3569560", "properties": {"estacao_id": "3569560", "estacoes_no_local": 1, "servico": "251 - AUXILIAR RADIODIF.- TRANSMISS. DE PROGRAMAS", "frequencia_mhz": "950.5", "altura_antena_m": 12.0, "entidade": "RADIO VIDA FM LTDA - EPP", "municipio": "São José dos Campos", "uf": "SP"}, "geometry": {"type": "Point", "coordinates": [-45.8847222, -23.1855556]}},
{"type": "Feature", "id": "geral-3569578", "properties": {"estacao_id": "3569578", "estacoes_no_local": 1, "servico": "251 - AUXILIAR RADIODIF.- TRANSMISS. DE PROGRAMAS", "altura_antena_m": 52.5, "entidade": "RADIO VIDA FM LTDA - EPP", "municipio": "São José dos Campos", "uf": "SP"}, "geometry": {"type": "Point", "coordinates": [-45.9125, -23.1602778]}},
{"type": "Feature", "id": "geral-5335680", "properties": {"estacao_id": "5335680", "estacoes_no_local": 1, "servico": "251 - AUXILIAR RADIODIF.- TRANSMISS. DE PROGRAMAS", "frequencia_mhz": "946.5", "altura_antena_m": 38.0, "entidade": "SISTEMA SAO PAULO DE COMUNICACAO E EMPREENDIMENTOS LTDA", "municipio": "São Paulo", "uf": "SP"}, "geometry": {"type": "Point", "coordinates": [-46.8177778, -23.6022222]}},
{"type": "Feature", "id": "geral-5335698", "properties": {"estacao_id": "5335698", "estacoes_no_local": 1, "servico": "251 - AUXILIAR RADIODIF.- TRANSMISS. DE PROGRAMAS", "altura_antena_m": 90.0, "entidade": "SISTEMA SAO PAULO DE COMUNICACAO E EMPREENDIMENTOS LTDA", "municipio": "Cotia", "uf": "SP"}, "geometry": {"type": "Point", "coordinates": [-46.8161111, -23.6002778]}},
{"type": "Feature", "id": "geral-3576019", "properties": {"estacao_id": "3576019", "estacoes_no_local": 1, "servico": "251 - AUXILIAR RADIODIF.- TRANSMISS. DE PROGRAMAS", "frequencia_mhz": "948.875", "altura_antena_m": 56.0, "entidade": "RADIO MULHER LIMITADA", "municipio": "São Paulo", "uf": "SP"}, "geometry": {"type": "Point", "coordinates": [-46.7041944, -23.63475]}},
{"type": "Feature", "id": "geral-3576027", "properties": {"estacao_id": "3576027", "estacoes_no_local": 1, "servico": "251 - AUXILIAR RADIODIF.- TRANSMISS. DE PROGRAMAS", "altura_antena_m": 37.0, "entidade": "RADIO MULHER LIMITADA", "municipio": "São Paulo", "uf": "SP"}, "geometry": {"type": "Point", "coordinates": [-46.7708611, -23.6948889]}},
{"type": "Feature", "id": "geral-3632393", "properties": {"estacao_id": "3632393", "estacoes_no_local": 1, "servico": "251 - AUXILIAR RADIODIF.- TRANSMISS. DE PROGRAMAS", "frequencia_mhz": "946.5", "altura_antena_m": 55.0, "entidade": "RADIO ATLANTICA LTDA - ME", "municipio": "Santos", "uf": "SP"}, "geometry": {"type": "Point", "coordinates": [-46.3072222, -23.9719444]}},
{"type": "Feature", "id": "geral-3632407", "properties": {"estacao_id": "3632407", "estacoes_no_local": 1, "servico": "251 - AUXILIAR RADIODIF.- TRANSMISS. DE PROGRAMAS", "altura_antena_m": 15.0, "entidade": "RADIO ATLANTICA LTDA - ME", "municipio": "Guarujá", "uf": "SP"}, "geometry": {"type": "Point", "coordinates": [-46.2697222, -23.9497222]}},
{"type": "Feature", "id": "geral-3569292", "properties": {"estacao_id": "3569292", "estacoes_no_local": 1, "servico": "251 - AUXILIAR RADIODIF.- TRANSMISS. DE PROGRAMAS", "frequencia_mhz": "948.5", "altura_antena_m": 15.0, "entidade": "SOCIEDADE RADIO CLUBE DE SAO JOSE DOS CAMPOS LTDA", "municipio": "São José dos Campos", "uf": "SP"}, "geometry": {"type": "Point", "coordinates": [-45.8894444, -23.1872222]}},
{"type": "Feature", "id": "geral-3569306", "properties": {"estacao_id": "3569306", "estacoes_no_local": 1, "servico": "251 - AUXILIAR RADIODIF.- TRANSMISS. DE PROGRAMAS", "altura_antena_m": 15.0, "entidade": "SOCIEDADE RADIO CLUBE DE SAO JOSE DOS CAMPOS LTDA", "municipio": "São José dos Campos", "uf": "SP"}, "geometry": {"type": "Point", "coordinates": [-45.8680556, -23.2002778]}},
{"type": "Feature", "id": "geral-1009594742", "properties": {"estacao_id": "1009594742", "estacoes_no_local": 1, "servico": "251 - AUXILIAR RADIODIF.- TRANSMISS. DE PROGRAMAS", "frequencia_mhz": "937.5", "altura_antena_m": 35.0, "entidade": "SOMPUR SAO PAULO RADIODIFUSAO LTDA", "municipio": "São Paulo", "uf": "SP"}, "geometry": {"type": "Point", "coordinates": [-46.7097222, -23.5947222]}},
{"type": "Feature", "id": "geral-1009594777", "properties": {"estacao_id": "1009594777", "estacoes_no_local": 1, "servico": "251 - AUXILIAR RADIODIF.- TRANSMISS. DE PROGRAMAS", "altura_antena_m": 120.0, "entidade": "SOMPUR SAO PAULO RADIODIFUSAO LTDA", "municipio": "São Paulo", "uf": "SP"}, "geometry": {"type": "Point", "coordinates": [-46.6655556, -23.5555556]}},
{"type": "Feature", "id": "geral-3553400", "properties": {"estacao_id": "3553400", "estacoes_no_local": 3, "servico": "251 - AUXILIAR RADIODIF.- TRANSMISS. DE PROGRAMAS", "frequencia_mhz": "945.375–945.375", "altura_antena_m": 23.5, "entidade": "UNIVERSIDADE DE SAO PAULO", "municipio": "São Paulo", "uf": "SP"}, "geometry": {"type": "Point", "coordinates": [-46.7369444, -23.5586111]}},
{"type": "Feature", "id": "geral-3553418", "properties": {"estacao_id": "3553418", "estacoes_no_local": 2, "servico": "251 - AUXILIAR RADIODIF.- TRANSMISS. DE PROGRAMAS", "altura_antena_m": 18.6, "entidade": "UNIVERSIDADE DE SAO PAULO", "municipio": "São Paulo", "uf": "SP"}, "geometry": {"type": "Point", "coordinates": [-46.7652778, -23.4552778]}},
{"type": "Feature", "id": "geral-3553353", "properties": {"estacao_id": "3553353", "estacoes_no_local": 2, "servico": "251 - AUXILIAR RADIODIF.- TRANSMISS. DE PROGRAMAS", "frequencia_mhz": "944", "altura_antena_m": 90.0, "entidade": "ANTENA UM RADIODIFUSAO LTDA", "municipio": "São Paulo", "uf": "SP"}, "geometry": {"type": "Point", "coordinates": [-46.6461111, -23.5672222]}},
{"type": "Feature", "id": "geral-3553361", "properties": {"estacao_id": "3553361", "estacoes_no_local": 1, "servico": "251 - AUXILIAR RADIODIF.- TRANSMISS. DE PROGRAMAS", "altura_antena_m": 20.0, "entidade": "RADIO AMERICA S/A", "municipio": "São Paulo", "uf": "SP"}, "geometry": {"type": "Point", "coordinates": [-46.7908333, -23.5880556]}},
{"type": "Feature", "id": "geral-6849059", "properties": {"estacao_id": "6849059", "estacoes_no_local": 1, "servico": "251 - AUXILIAR RADIODIF.- TRANSMISS. DE PROGRAMAS", "frequencia_mhz": "958", "altura_antena_m": 30.0, "entidade": "RADIO NOVO MUNDO LTDA", "municipio": "São Paulo", "uf": "SP"}, "geometry": {"type": "Point", "coordinates": [-46.7905556, -23.5713889]}},
{"type": "Feature", "id": "geral-3572250", "properties": {"estacao_id": "3572250", "estacoes_no_local": 3, "servico": "251 - AUXILIAR RADIODIF.- TRANSMISS. DE PROGRAMAS/252 - AUXILIAR RADIODIF.- REPORTAGEM EXTERNA", "frequencia_mhz": "153.15–164.31", "altura_antena_m": 45.0, "entidade": "RADIO NOVO MUNDO LTDA", "municipio": "Taboão da Serra", "uf": "SP"}, "geometry": {"type": "Point", "coordinates": [-46.7905556, -23.6280556]}},
{"type": "Feature", "id": "geral-3552896", "properties": {"estacao_id": "3552896", "estacoes_no_local": 3, "servico": "251 - AUXILIAR RADIODIF.- TRANSMISS. DE PROGRAMAS/252 - AUXILIAR RADIODIF.- REPORTAGEM EXTERNA", "frequencia_mhz": "153.37–942.5", "altura_antena_m": 76.0, "entidade": "RADIO PIRATININGA DE SAO JOSE DOS CAMPOS LTDA - EPP", "municipio": "São José dos Campos", "uf": "SP"}, "geometry": {"type": "Point", "coordinates": [-45.8883333, -23.1922222]}},
{"type": "Feature", "id": "geral-3552900", "properties": {"estacao_id": "3552900", "estacoes_no_local": 1, "servico": "251 - AUXILIAR RADIODIF.- TRANSMISS. DE PROGRAMAS", "altura_antena_m": 6.0, "entidade": "RADIO PIRATININGA DE SAO JOSE DOS CAMPOS LTDA - EPP", "municipio": "São José dos Campos", "uf": "SP"}, "geometry": {"type": "Point", "coordinates": [-45.9083333, -23.2327778]}},
{"type": "Feature", "id": "geral-3552870", "properties": {"estacao_id": "3552870", "estacoes_no_local": 2, "servico": "251 - AUXILIAR RADIODIF.- TRANSMISS. DE PROGRAMAS", "frequencia_mhz": "947.375–947.375", "altura_antena_m": 35.0, "entidade": "RADIO 105 FM LTDA", "municipio": "Jundiaí", "uf": "SP"}, "geometry": {"type": "Point", "coordinates": [-46.8921667, -23.1958333]}},
{"type": "Feature", "id": "geral-3552888", "properties": {"estacao_id": "3552888", "estacoes_no_local": 2, "servico": "251 - AUXILIAR RADIODIF.- TRANSMISS. DE PROGRAMAS", "altura_antena_m": 62.5, "entidade": "RADIO 105 FM LTDA", "municipio": "Jundiaí", "uf": "SP"}, "geometry": {"type": "Point", "coordinates": [-46.9602778, -23.2705556]}},
{"type": "Feature", "id": "geral-3552713", "properties": {"estacao_id": "3552713", "estacoes_no_local": 1, "servico": "251 - AUXILIAR RADIODIF.- TRANSMISS. DE PROGRAMAS", "altura_antena_m": 93.0, "entidade": "RADIO E TELEVISAO RECORD S.A", "municipio": "São Paulo", "uf": "SP"}, "geometry": {"type": "Point", "coordinates": [-46.7430556, -23.6838889]}},
{"type": "Feature", "id": "geral-683720120", "properties": {"estacao_id": "683720120", "estacoes_no_local": 1, "servico": "251 - AUXILIAR RADIODIF.- TRANSMISS. DE PROGRAMAS", "frequencia_mhz": "948.5", "altura_antena_m": 38.0, "entidade": "RADIO E TELEVISAO RECORD S.A", "municipio": "São Paulo", "uf": "SP"}, "geometry": {"type": "Point", "coordinates": [-46.7177778, -23.6425]}},
{"type": "Feature", "id": "geral-3573494", "properties": {"estacao_id": "3573494", "estacoes_no_local": 2, "servico": "251 - AUXILIAR RADIODIF.- TRANSMISS. DE PROGRAMAS", "frequencia_mhz": "939–939", "altura_antena_m": 117.0, "entidade": "RADIO EXCELSIOR S/A", "municipio": "São Paulo", "uf": "SP"}, "geometry": {"type": "Point", "coordinates": [-46.69835, -23.6148611]}},
{"type": "Feature", "id": "geral-1011700627", "properties": {"estacao_id": "1011700627", "estacoes_no_local": 4, "servico": "251 - AUXILIAR RADIODIF.- TRANSMISS. DE PROGRAMAS/253 - AUXILIAR RADIODIF.- COM. DE ORDENS INTERNAS", "frequencia_mhz": "153.48", "altura_antena_m": 113.0, "entidade": "RADIO EXCELSIOR S/A", "municipio": "São Paulo", "uf": "SP"}, "geometry": {"type": "Point", "coordinates": [-46.6503139, -23.5679528]}},
{"type": "Feature", "id": "geral-3573630", "properties": {"estacao_id": "3573630", "estacoes_no_local": 3, "servico": "251 - AUXILIAR RADIODIF.- TRANSMISS. DE PROGRAMAS", "frequencia_mhz": "939.5–955.5", "altura_antena_m": 12.0, "entidade": "RECC RADIODIFUSAO E COMUNICACAO LTDA", "municipio": "Mogi das Cruzes", "uf": "SP"}, "geometry": {"type": "Point", "coordinates": [-46.1952222, -23.5235833]}},
{"type": "Feature", "id": "geral-3573648", "properties": {"estacao_id": "3573648", "estacoes_no_local": 3, "servico": "251 - AUXILIAR RADIODIF.- TRANSMISS. DE PROGRAMAS", "altura_antena_m": 25.0, "entidade": "RECC RADIODIFUSAO E COMUNICACAO LTDA", "municipio": "Mogi das Cruzes", "uf": "SP"}, "geometry": {"type": "Point", "coordinates": [-46.2008333, -23.4817778]}},
{"type": "Feature", "id": "geral-3573672", "properties": {"estacao_id": "3573672", "estacoes_no_local": 1, "servico": "251 - AUXILIAR RADIODIF.- TRANSMISS. DE PROGRAMAS", "frequencia_mhz": "949", "altura_antena_m": 9.0, "entidade": "RADIO LITORAL LTDA", "municipio": "São Vicente", "uf": "SP"}, "geometry": {"type": "Point", "coordinates": [-46.4333333, -23.9694444]}},
{"type": "Feature", "id": "geral-3573680", "properties": {"estacao_id": "3573680", "estacoes_no_local": 1, "servico": "251 - AUXILIAR RADIODIF.- TRANSMISS. DE PROGRAMAS", "altura_antena_m": 10.0, "entidade": "RADIO LITORAL LTDA", "municipio": "Santos", "uf": "SP"}, "geometry": {"type": "Point", "coordinates": [-46.3530556, -23.9602778]}},
{"type": "Feature", "id": "geral-1002564155", "properties": {"estacao_id": "1002564155", "estacoes_no_local": 5, "servico": "251 - AUXILIAR RADIODIF.- TRANSMISS. DE PROGRAMAS", "frequencia_mhz": "948.375–7330", "altura_antena_m": 67.0, "entidade": "RADIO A TRIBUNA DE SANTOS LTDA", "municipio": "Santos", "uf": "SP"}, "geometry": {"type": "Point", "coordinates": [-46.3220278, -23.9368333]}},
{"type": "Feature", "id": "geral-1001885829", "properties": {"estacao_id": "1001885829", "estacoes_no_local": 23, "servico": "251 - AUXILIAR RADIODIF.- TRANSMISS. DE PROGRAMAS/252 - AUXILIAR RADIODIF.- REPORTAGEM EXTERNA", "frequencia_mhz": "2305–7290", "altura_antena_m": 92.0, "entidade": "RADIO A TRIBUNA DE SANTOS LTDA", "municipio": "Santos", "uf": "SP"}, "geometry": {"type": "Point", "coordinates": [-46.3605556, -23.9627778]}},
{"type": "Feature", "id": "geral-3573931", "properties": {"estacao_id": "3573931", "estacoes_no_local": 3, "servico": "251 - AUXILIAR RADIODIF.- TRANSMISS. DE PROGRAMAS/252 - AUXILIAR RADIODIF.- REPORTAGEM EXTERNA", "frequencia_mhz": "153.11–947", "altura_antena_m": 40.0, "entidade": "CBS COMUNICACOES BRASIL SAT EIRELI", "municipio": "Santos", "uf": "SP"}, "geometry": {"type": "Point", "coordinates": [-46.3269444, -23.9347222]}},
{"type": "Feature", "id": "geral-3573940", "properties": {"estacao_id": "3573940", "estacoes_no_local": 1, "servico": "251 - AUXILIAR RADIODIF.- TRANSMISS. DE PROGRAMAS", "altura_antena_m": 30.0, "entidade": "CBS COMUNICACOES BRASIL SAT EIRELI", "municipio": "Santos", "uf": "SP"}, "geometry": {"type": "Point", "coordinates": [-46.3838889, -23.9227778]}},
{"type": "Feature", "id": "geral-1001740383", "properties": {"estacao_id": "1001740383", "estacoes_no_local": 1, "servico": "251 - AUXILIAR RADIODIF.- TRANSMISS. DE PROGRAMAS", "frequencia_mhz": "950.125", "altura_antena_m": 48.0, "entidade": "RADIO SANTOS DUMONT LTDA - EPP", "municipio": "Jundiaí", "uf": "SP"}, "geometry": {"type": "Point", "coordinates": [-46.8911389, -23.18325]}},
{"type": "Feature", "id": "geral-1001740391", "properties": {"estacao_id": "1001740391", "estacoes_no_local": 1, "servico": "251 - AUXILIAR RADIODIF.- TRANSMISS. DE PROGRAMAS", "altura_antena_m": 80.5, "entidade": "RADIO SANTOS DUMONT LTDA - EPP", "municipio": "Jundiaí", "uf": "SP"}, "geometry": {"type": "Point", "coordinates": [-46.9703889, -23.2670556]}},
{"type": "Feature", "id": "geral-3574024", "properties": {"estacao_id": "3574024", "estacoes_no_local": 4, "servico": "251 - AUXILIAR RADIODIF.- TRANSMISS. DE PROGRAMAS", "frequencia_mhz": "944.875", "altura_antena_m": 117.0, "entidade": "RADIO SANTOS LTDA", "municipio": "Santos", "uf": "SP"}, "geometry": {"type": "Point", "coordinates": [-46.3091667, -23.9786111]}},
{"type": "Feature", "id": "geral-3574067", "properties": {"estacao_id": "3574067", "estacoes_no_local": 1, "servico": "251 - AUXILIAR RADIODIF.- TRANSMISS. DE PROGRAMAS", "frequencia_mhz": "943", "altura_antena_m": 84.0, "entidade": "RADIO PANAMERICANA S A", "municipio": "São Paulo", "uf": "SP"}, "geometry": {"type": "Point", "coordinates": [-46.6505556, -23.5661111]}},
{"type": "Feature", "id": "geral-3574075", "properties": {"estacao_id": "3574075", "estacoes_no_local": 1, "servico": "251 - AUXILIAR RADIODIF.- TRANSMISS. DE PROGRAMAS", "altura_antena_m": 26.0, "entidade": "RADIO PANAMERICANA S A", "municipio": "São Paulo", "uf": "SP"}, "geometry": {"type": "Point", "coordinates": [-46.6608333, -23.7016667]}},
{"type": "Feature", "id": "geral-3572137", "properties": {"estacao_id": "3572137", "estacoes_no_local": 1, "servico": "251 - AUXILIAR RADIODIF.- TRANSMISS. DE PROGRAMAS", "frequencia_mhz": "950", "altura_antena_m": 10.0, "entidade": "SOCIEDADE RADIO UNIVERSAL LTDA", "municipio": "Santos", "uf": "SP"}, "geometry": {"type": "Point", "coordinates": [-46.3361111, -23.9497222]}},
{"type": "Feature", "id": "geral-3574130", "properties": {"estacao_id": "3574130", "estacoes_no_local": 3, "servico": "251 - AUXILIAR RADIODIF.- TRANSMISS. DE PROGRAMAS", "frequencia_mhz": "942.5–947.5", "altura_antena_m": 11.0, "entidade": "SOCIEDADE RADIO UNIVERSAL LTDA", "municipio": "Santos", "uf": "SP"}, "geometry": {"type": "Point", "coordinates": [-46.3405556, -23.9341667]}},
{"type": "Feature", "id": "geral-3574148", "properties": {"estacao_id": "3574148", "estacoes_no_local": 1, "servico": "251 - AUXILIAR RADIODIF.- TRANSMISS. DE PROGRAMAS", "altura_antena_m": 10.0, "entidade": "SOCIEDADE RADIO UNIVERSAL LTDA", "municipio": "Cubatão", "uf": "SP"}, "geometry": {"type": "Point", "coordinates": [-46.4177778, -23.9125]}},
{"type": "Feature", "id": "geral-3574172", "properties": {"estacao_id": "3574172", "estacoes_no_local": 5, "servico": "251 - AUXILIAR RADIODIF.- TRANSMISS. DE PROGRAMAS", "frequencia_mhz": "947.875–950.375", "altura_antena_m": 55.5, "entidade": "RADIO GUARUJA PAULISTA LTDA", "municipio": "Santos", "uf": "SP"}, "geometry": {"type": "Point", "coordinates": [-46.2972222, -23.9872222]}},
{"type": "Feature", "id": "geral-3574180", "properties": {"estacao_id": "3574180", "estacoes_no_local": 4, "servico": "251 - AUXILIAR RADIODIF.- TRANSMISS. DE PROGRAMAS", "altura_antena_m": 23.0, "entidade": "RADIO GUARUJA PAULISTA LTDA", "municipio": "Santos", "uf": "SP"}, "geometry": {"type": "Point", "coordinates": [-46.3416667, -23.9361111]}},
{"type": "Feature", "id": "geral-4004817", "properties": {"estacao_id": "4004817", "estacoes_no_local": 1, "servico": "251 - AUXILIAR RADIODIF.- TRANSMISS. DE PROGRAMAS", "frequencia_mhz": "947", "altura_antena_m": 20.0, "entidade": "SISTEMA ATUAL DE RADIODIFUSAO LTDA", "municipio": "Itapevi", "uf": "SP"}, "geometry": {"type": "Point", "coordinates": [-46.9269444, -23.5383333]}},
{"type": "Feature", "id": "geral-4004825", "properties": {"estacao_id": "4004825", "estacoes_no_local": 1, "servico": "251 - AUXILIAR RADIODIF.- TRANSMISS. DE PROGRAMAS", "altura_antena_m": 20.0, "entidade": "SISTEMA ATUAL DE RADIODIFUSAO LTDA", "municipio": "São Paulo", "uf": "SP"}, "geometry": {"type": "Point", "coordinates": [-46.6761111, -23.5108333]}},
{"type": "Feature", "id": "geral-4239628", "properties": {"estacao_id": "4239628", "estacoes_no_local": 2, "servico": "251 - AUXILIAR RADIODIF.- TRANSMISS. DE PROGRAMAS", "frequencia_mhz": "956.5", "altura_antena_m": 109.0, "entidade": "RADIO CLUBE DE SANTO ANDRE LTDA", "municipio": "São Paulo", "uf": "SP"}, "geometry": {"type": "Point", "coordinates": [-46.5952778, -23.4269444]}},
{"type": "Feature", "id": "geral-4468139", "properties": {"estacao_id": "4468139", "estacoes_no_local": 1, "servico": "251 - AUXILIAR RADIODIF.- TRANSMISS. DE PROGRAMAS", "altura_antena_m": 270.0, "entidade": "RADIO HITS FM LTDA", "municipio": "Guarujá", "uf": "SP"}, "geometry": {"type": "Point", "coordinates": [-46.2544444, -23.9819444]}},
{"type": "Feature", "id": "geral-1001946097", "properties": {"estacao_id": "1001946097", "estacoes_no_local": 12, "servico": "251 - AUXILIAR RADIODIF.- TRANSMISS. DE PROGRAMAS/252 - AUXILIAR RADIODIF.- REPORTAGEM EXTERNA", "frequencia_mhz": "2305–7250", "altura_antena_m": 17.0, "entidade": "SAT SISTEMA A TRIBUNA DE COMUNICACAO-SANTOS LTDA", "municipio": "Santo André", "uf": "SP"}, "geometry": {"type": "Point", "coordinates": [-46.3041667, -23.7902778]}},
{"type": "Feature", "id": "geral-4532414", "properties": {"estacao_id": "4532414", "estacoes_no_local": 1, "servico": "251 - AUXILIAR RADIODIF.- TRANSMISS. DE PROGRAMAS", "frequencia_mhz": "943.5", "altura_antena_m": 12.0, "entidade": "ANTENA UM RADIODIFUSAO LTDA", "municipio": "São Paulo", "uf": "SP"}, "geometry": {"type": "Point", "coordinates": [-46.7025, -23.5777778]}},
{"type": "Feature", "id": "geral-4533992", "properties": {"estacao_id": "4533992", "estacoes_no_local": 1, "servico": "251 - AUXILIAR RADIODIF.- TRANSMISS. DE PROGRAMAS", "frequencia_mhz": "954", "altura_antena_m": 95.0, "entidade": "RADIO MUSICAL DE SAO PAULO LTDA", "municipio": "São Paulo", "uf": "SP"}, "geometry": {"type": "Point", "coordinates": [-46.6486111, -23.5625]}},
{"type": "Feature", "id": "geral-4534093", "properties": {"estacao_id": "4534093", "estacoes_no_local": 1, "servico": "251 - AUXILIAR RADIODIF.- TRANSMISS. DE PROGRAMAS", "frequencia_mhz": "12765", "altura_antena_m": 18.0, "entidade": "TV DO POVO LTDA", "municipio": "São Vicente", "uf": "SP"}, "geometry": {"type": "Point", "coordinates": [-46.3752778, -23.9572222]}},
{"type": "Feature", "id": "geral-4534107", "properties": {"estacao_id": "4534107", "estacoes_no_local": 1, "servico": "251 - AUXILIAR RADIODIF.- TRANSMISS. DE PROGRAMAS", "altura_antena_m": 54.0, "entidade": "TV DO POVO LTDA", "municipio": "São Vicente", "uf": "SP"}, "geometry": {"type": "Point", "coordinates": [-46.3683333, -23.9797222]}},
{"type": "Feature", "id": "geral-4906799", "properties": {"estacao_id": "4906799", "estacoes_no_local": 9, "servico": "251 - AUXILIAR RADIODIF.- TRANSMISS. DE PROGRAMAS/253 - AUXILIAR RADIODIF.- COM. DE ORDENS INTERNAS", "frequencia_mhz": "153.07–12448", "altura_antena_m": 20.0, "entidade": "TV OMEGA LTDA", "municipio": "São Paulo", "uf": "SP"}, "geometry": {"type": "Point", "coordinates": [-46.6663889, -23.5086111]}},
{"type": "Feature", "id": "geral-3377750", "properties": {"estacao_id": "3377750", "estacoes_no_local": 51, "servico": "020 - SERVIÇO MOVEL ESPECIALIZADO/251 - AUXILIAR RADIODIF.- TRANSMISS. DE PROGRAMAS/252 - AUXILIAR RADIODIF.- REPORTAGEM EXTERNA/253 - AUXILIAR RADIODIF.- COM. DE ORDENS INTERNAS", "frequencia_mhz": "153.07–12656", "altura_antena_m": 138.5, "entidade": "COMTRAC ELETRONICA EIRELI", "municipio": "São Paulo", "uf": "SP"}, "geometry": {"type": "Point", "coordinates": [-46.6825, -23.5416667]}},
{"type": "Feature", "id": "geral-4938127", "properties": {"estacao_id": "4938127", "estacoes_no_local": 1, "servico": "251 - AUXILIAR RADIODIF.- TRANSMISS. DE PROGRAMAS", "frequencia_mhz": "946.5", "altura_antena_m": 57.0, "entidade": "RADIO SAO PAULO LTDA", "municipio": "São Paulo", "uf": "SP"}, "geometry": {"type": "Point", "coordinates": [-46.66, -23.5619444]}},
{"type": "Feature", "id": "geral-4938178", "properties": {"estacao_id": "4938178", "estacoes_no_local": 1, "servico": "251 - AUXILIAR RADIODIF.- TRANSMISS. DE PROGRAMAS", "altura_antena_m": 35.0, "entidade": "RADIO SAO PAULO LTDA", "municipio": "São Paulo", "uf": "SP"}, "geometry": {"type": "Point", "coordinates": [-46.5961111, -23.6458333]}},
{"type": "Feature", "id": "geral-4999010", "properties": {"estacao_id": "4999010", "estacoes_no_local": 1, "servico": "251 - AUXILIAR RADIODIF.- TRANSMISS. DE PROGRAMAS", "frequencia_mhz": "950", "altura_antena_m": 13.0, "entidade": "FUNDACAO EVANGELICA TRINDADE", "municipio": "Jundiaí", "uf": "SP"}, "geometry": {"type": "Point", "coordinates": [-46.9591667, -23.185]}},
{"type": "Feature", "id": "geral-6520120", "properties": {"estacao_id": "6520120", "estacoes_no_local": 1, "servico": "251 - AUXILIAR RADIODIF.- TRANSMISS. DE PROGRAMAS", "altura_antena_m": 21.0, "entidade": "RADIO CULTURA FM SANTOS LTDA", "municipio": "Santos", "uf": "SP"}, "geometry": {"type": "Point", "coordinates": [-46.3303056, -23.9392778]}},
{"type": "Feature", "id": "geral-6523153", "properties": {"estacao_id": "6523153", "estacoes_no_local": 2, "servico": "251 - AUXILIAR RADIODIF.- TRANSMISS. DE PROGRAMAS", "frequencia_mhz": "945.875–949.375", "altura_antena_m": 49.3, "entidade": "RADIO CULTURA FM SANTOS LTDA", "municipio": "Santos", "uf": "SP"}, "geometry": {"type": "Point", "coordinates": [-46.3331111, -23.9665556]}},
{"type": "Feature", "id": "geral-687240328", "properties": {"estacao_id": "687240328", "estacoes_no_local": 2, "servico": "251 - AUXILIAR RADIODIF.- TRANSMISS. DE PROGRAMAS", "altura_antena_m": 18.0, "entidade": "FUNDACAO TV EDUCATIVA UNIVERSIDADE CATOLICA DE SANTOS", "municipio": "São Vicente", "uf": "SP"}, "geometry": {"type": "Point", "coordinates": [-46.3622222, -23.9641667]}},
{"type": "Feature", "id": "geral-1007171216", "properties": {"estacao_id": "1007171216", "estacoes_no_local": 3, "servico": "251 - AUXILIAR RADIODIF.- TRANSMISS. DE PROGRAMAS", "frequencia_mhz": "944.375–950.875", "altura_antena_m": 51.0, "entidade": "RADIO ELDORADO LTDA", "municipio": "São Paulo", "uf": "SP"}, "geometry": {"type": "Point", "coordinates": [-46.6713889, -23.5127778]}},
{"type": "Feature", "id": "geral-138223", "properties": {"estacao_id": "138223", "estacoes_no_local": 2, "servico": "251 - AUXILIAR RADIODIF.- TRANSMISS. DE PROGRAMAS", "altura_antena_m": 16.9, "entidade": "RADIO ELDORADO LTDA", "municipio": "São Caetano do Sul", "uf": "SP"}, "geometry": {"type": "Point", "coordinates": [-46.5769444, -23.6455556]}},
{"type": "Feature", "id": "geral-684407019", "properties": {"estacao_id": "684407019", "estacoes_no_local": 4, "servico": "251 - AUXILIAR RADIODIF.- TRANSMISS. DE PROGRAMAS", "frequencia_mhz": "950.875", "altura_antena_m": 114.6, "entidade": "RADIO ELDORADO LTDA", "municipio": "São Paulo", "uf": "SP"}, "geometry": {"type": "Point", "coordinates": [-46.6486111, -23.5683333]}},
{"type": "Feature", "id": "geral-138282", "properties": {"estacao_id": "138282", "estacoes_no_local": 1, "servico": "251 - AUXILIAR RADIODIF.- TRANSMISS. DE PROGRAMAS", "altura_antena_m": 83.4, "entidade": "RADIO ELDORADO LTDA", "municipio": "São Paulo", "uf": "SP"}, "geometry": {"type": "Point", "coordinates": [-46.6485833, -23.56825]}},
{"type": "Feature", "id": "geral-1001775926", "properties": {"estacao_id": "1001775926", "estacoes_no_local": 1, "servico": "251 - AUXILIAR RADIODIF.- TRANSMISS. DE PROGRAMAS", "altura_antena_m": 51.0, "entidade": "RADIO ELDORADO LTDA", "municipio": "São Paulo", "uf": "SP"}, "geometry": {"type": "Point", "coordinates": [-46.695, -23.5419444]}},
{"type": "Feature", "id": "geral-138274", "properties": {"estacao_id": "138274", "estacoes_no_local": 2, "servico": "251 - AUXILIAR RADIODIF.- TRANSMISS. DE PROGRAMAS", "frequencia_mhz": "948.375–950.875", "altura_antena_m": 68.0, "entidade": "RADIO ELDORADO LTDA", "municipio": "São Paulo", "uf": "SP"}, "geometry": {"type": "Point", "coordinates": [-46.6560556, -23.5608333]}},
{"type": "Feature", "id": "geral-1027514", "properties": {"estacao_id": "1027514", "estacoes_no_local": 1, "servico": "251 - AUXILIAR RADIODIF.- TRANSMISS. DE PROGRAMAS", "frequencia_mhz": "951.5", "altura_antena_m": 40.0, "entidade": "RADIO DIFUSORA CACIQUE LTDA", "municipio": "Santos", "uf": "SP"}, "geometry": {"type": "Point", "coordinates": [-46.3405556, -23.9641667]}},
{"type": "Feature", "id": "geral-1027581", "properties": {"estacao_id": "1027581", "estacoes_no_local": 1, "servico": "251 - AUXILIAR RADIODIF.- TRANSMISS. DE PROGRAMAS", "altura_antena_m": 20.0, "entidade": "RADIO DIFUSORA CACIQUE LTDA", "municipio": "Santos", "uf": "SP"}, "geometry": {"type": "Point", "coordinates": [-46.2841667, -23.9047222]}},
{"type": "Feature", "id": "geral-291544", "properties": {"estacao_id": "291544", "estacoes_no_local": 1, "servico": "251 - AUXILIAR RADIODIF.- TRANSMISS. DE PROGRAMAS", "altura_antena_m": 50.0, "entidade": "RADIO CIDADE DE CAMPINAS LTDA", "municipio": "Itupeva", "uf": "SP"}, "geometry": {"type": "Point", "coordinates": [-47.0475, -23.2386111]}},
{"type": "Feature", "id": "geral-623563", "properties": {"estacao_id": "623563", "estacoes_no_local": 1, "servico": "251 - AUXILIAR RADIODIF.- TRANSMISS. DE PROGRAMAS", "frequencia_mhz": "947.5", "altura_antena_m": 25.5, "entidade": "PLANALTO FM STEREO SOM S.A.", "municipio": "Diadema", "uf": "SP"}, "geometry": {"type": "Point", "coordinates": [-46.6186111, -23.6922222]}},
{"type": "Feature", "id": "geral-4729390", "properties": {"estacao_id": "4729390", "estacoes_no_local": 1, "servico": "251 - AUXILIAR RADIODIF.- TRANSMISS. DE PROGRAMAS", "frequencia_mhz": "937.5", "altura_antena_m": 27.0, "entidade": "RADIO METROPOLITANA SANTISTA LTDA", "municipio": "Santos", "uf": "SP"}, "geometry": {"type": "Point", "coordinates": [-46.3311111, -23.9580556]}},
{"type": "Feature", "id": "geral-4729412", "properties": {"estacao_id": "4729412", "estacoes_no_local": 2, "servico": "251 - AUXILIAR RADIODIF.- TRANSMISS. DE PROGRAMAS", "frequencia_mhz": "938.75", "altura_antena_m": 35.0, "entidade": "RADIO METROPOLITANA SANTISTA LTDA", "municipio": "Santos", "uf": "SP"}, "geometry": {"type": "Point", "coordinates": [-46.3394444, -23.9361111]}},
{"type": "Feature", "id": "geral-4729420", "properties": {"estacao_id": "4729420", "estacoes_no_local": 1, "servico": "251 - AUXILIAR RADIODIF.- TRANSMISS. DE PROGRAMAS", "altura_antena_m": 6.0, "entidade": "RADIO METROPOLITANA SANTISTA LTDA", "municipio": "São Vicente", "uf": "SP"}, "geometry": {"type": "Point", "coordinates": [-46.4577778, -23.9230556]}},
{"type": "Feature", "id": "geral-372951", "properties": {"estacao_id": "372951", "estacoes_no_local": 1, "servico": "251 - AUXILIAR RADIODIF.- TRANSMISS. DE PROGRAMAS", "frequencia_mhz": "949", "altura_antena_m": 49.2, "entidade": "RADIO DIFUSORA JUNDIAIENSE LTDA", "municipio": "Jundiaí", "uf": "SP"}, "geometry": {"type": "Point", "coordinates": [-46.8858333, -23.1858333]}},
{"type": "Feature", "id": "geral-1007116460", "properties": {"estacao_id": "1007116460", "estacoes_no_local": 3, "servico": "251 - AUXILIAR RADIODIF.- TRANSMISS. DE PROGRAMAS", "frequencia_mhz": "954", "altura_antena_m": 180.0, "entidade": "VIP RADIO E TELEVISAO LTDA", "municipio": "São Bernardo do Campo", "uf": "SP"}, "geometry": {"type": "Point", "coordinates": [-46.5559306, -23.9118333]}},
{"type": "Feature", "id": "geral-1177206", "properties": {"estacao_id": "1177206", "estacoes_no_local": 1, "servico": "251 - AUXILIAR RADIODIF.- TRANSMISS. DE PROGRAMAS", "frequencia_mhz": "956", "altura_antena_m": 40.0, "entidade": "RADIO TOP FM LTDA", "municipio": "Guarulhos", "uf": "SP"}, "geometry": {"type": "Point", "coordinates": [-46.5336111, -23.4627778]}},
{"type": "Feature", "id": "geral-1241460", "properties": {"estacao_id": "1241460", "estacoes_no_local": 1, "servico": "251 - AUXILIAR RADIODIF.- TRANSMISS. DE PROGRAMAS", "frequencia_mhz": "956", "altura_antena_m": 69.0, "entidade": "RADIO TOP FM LTDA", "municipio": "São Paulo", "uf": "SP"}, "geometry": {"type": "Point", "coordinates": [-46.6616667, -23.5555556]}},
{"type": "Feature", "id": "geral-355895862", "properties": {"estacao_id": "355895862", "estacoes_no_local": 4, "servico": "251 - AUXILIAR RADIODIF.- TRANSMISS. DE PROGRAMAS/252 - AUXILIAR RADIODIF.- REPORTAGEM EXTERNA", "frequencia_mhz": "153.31–950.5", "altura_antena_m": 72.0, "entidade": "RADIO TOP FM LTDA", "municipio": "Guarulhos", "uf": "SP"}, "geometry": {"type": "Point", "coordinates": [-46.5327778, -23.4552778]}},
{"type": "Feature", "id": "geral-2786249", "properties": {"estacao_id": "2786249", "estacoes_no_local": 5, "servico": "251 - AUXILIAR RADIODIF.- TRANSMISS. DE PROGRAMAS/252 - AUXILIAR RADIODIF.- REPORTAGEM EXTERNA", "frequencia_mhz": "164.01–948.5", "altura_antena_m": 23.5, "entidade": "RADIO DIFUSORA OESTE LTDA", "municipio": "Osasco", "uf": "SP"}, "geometry": {"type": "Point", "coordinates": [-46.8013889, -23.5330556]}},
{"type": "Feature", "id": "geral-2786265", "properties": {"estacao_id": "2786265", "estacoes_no_local": 1, "servico": "251 - AUXILIAR RADIODIF.- TRANSMISS. DE PROGRAMAS", "altura_antena_m": 20.0, "entidade": "RADIO DIFUSORA OESTE LTDA", "municipio": "Osasco", "uf": "SP"}, "geometry": {"type": "Point", "coordinates": [-46.7919444, -23.5597222]}},
{"type": "Feature", "id": "geral-3570010", "properties": {"estacao_id": "3570010", "estacoes_no_local": 4, "servico": "251 - AUXILIAR RADIODIF.- TRANSMISS. DE PROGRAMAS/252 - AUXILIAR RADIODIF.- REPORTAGEM EXTERNA", "frequencia_mhz": "153.25–946.5", "altura_antena_m": 51.0, "entidade": "RADIO CIDADE JUNDIAI LTDA", "municipio": "Jundiaí", "uf": "SP"}, "geometry": {"type": "Point", "coordinates": [-46.8863889, -23.1861111]}},
{"type": "Feature", "id": "geral-396746357", "properties": {"estacao_id": "396746357", "estacoes_no_local": 1, "servico": "251 - AUXILIAR RADIODIF.- TRANSMISS. DE PROGRAMAS", "altura_antena_m": 25.0, "entidade": "RADIO CIDADE JUNDIAI LTDA", "municipio": "Jundiaí", "uf": "SP"}, "geometry": {"type": "Point", "coordinates": [-46.9316667, -23.1697222]}},
{"type": "Feature", "id": "geral-379973561", "properties": {"estacao_id": "379973561", "estacoes_no_local": 1, "servico": "251 - AUXILIAR RADIODIF.- TRANSMISS. DE PROGRAMAS", "frequencia_mhz": "945.5", "altura_antena_m": 15.0, "entidade": "RADIO TROPICAL DE ITAPECERICA DA SERRA LTDA.ME", "municipio": "Itapecerica da Serra", "uf": "SP"}, "geometry": {"type": "Point", "coordinates": [-46.8488889, -23.7172222]}},
{"type": "Feature", "id": "geral-379973596", "properties": {"estacao_id": "379973596", "estacoes_no_local": 1, "servico": "251 - AUXILIAR RADIODIF.- TRANSMISS. DE PROGRAMAS", "altura_antena_m": 42.0, "entidade": "RADIO TROPICAL DE ITAPECERICA DA SERRA LTDA.ME", "municipio": "São Paulo", "uf": "SP"}, "geometry": {"type": "Point", "coordinates": [-46.6963889, -23.5422222]}},
{"type": "Feature", "id": "geral-442834306", "properties": {"estacao_id": "442834306", "estacoes_no_local": 1, "servico": "251 - AUXILIAR RADIODIF.- TRANSMISS. DE PROGRAMAS", "frequencia_mhz": "950.375", "altura_antena_m": 68.0, "entidade": "RADIO FM ILHA DO SOL LTDA.", "municipio": "Santos", "uf": "SP"}, "geometry": {"type": "Point", "coordinates": [-46.3297222, -23.9593333]}},
{"type": "Feature", "id": "geral-442834608", "properties": {"estacao_id": "442834608", "estacoes_no_local": 2, "servico": "251 - AUXILIAR RADIODIF.- TRANSMISS. DE PROGRAMAS", "altura_antena_m": 32.0, "entidade": "RADIO FM ILHA DO SOL LTDA.", "municipio": "Santos", "uf": "SP"}, "geometry": {"type": "Point", "coordinates": [-46.3558333, -23.96]}},
{"type": "Feature", "id": "geral-441592295", "properties": {"estacao_id": "441592295", "estacoes_no_local": 1, "servico": "251 - AUXILIAR RADIODIF.- TRANSMISS. DE PROGRAMAS", "frequencia_mhz": "7120", "altura_antena_m": 84.0, "entidade": "PAULISTA METRO-TVA LTDA", "municipio": "São Paulo", "uf": "SP"}, "geometry": {"type": "Point", "coordinates": [-46.6994444, -23.6183333]}},
{"type": "Feature", "id": "geral-442723520", "properties": {"estacao_id": "442723520", "estacoes_no_local": 1, "servico": "251 - AUXILIAR RADIODIF.- TRANSMISS. DE PROGRAMAS", "frequencia_mhz": "951.5", "altura_antena_m": 105.0, "entidade": "FUNDACAO CASPER LIBERO", "municipio": "São Paulo", "uf": "SP"}, "geometry": {"type": "Point", "coordinates": [-46.6505556, -23.5644444]}},
{"type": "Feature", "id": "geral-442723539", "properties": {"estacao_id": "442723539", "estacoes_no_local": 1, "servico": "251 - AUXILIAR RADIODIF.- TRANSMISS. DE PROGRAMAS", "altura_antena_m": 15.0, "entidade": "FUNDACAO CASPER LIBERO", "municipio": "São Paulo", "uf": "SP"}, "geometry": {"type": "Point", "coordinates": [-46.75, -23.6694444]}},
{"type": "Feature", "id": "geral-682735523", "properties": {"estacao_id": "682735523", "estacoes_no_local": 1, "servico": "251 - AUXILIAR RADIODIF.- TRANSMISS. DE PROGRAMAS", "frequencia_mhz": "944.125", "altura_antena_m": 18.0, "entidade": "RADIO CLUBE DE JACAREI LTDA", "municipio": "Jacareí", "uf": "SP"}, "geometry": {"type": "Point", "coordinates": [-45.9644167, -23.3049722]}},
{"type": "Feature", "id": "geral-682735531", "properties": {"estacao_id": "682735531", "estacoes_no_local": 1, "servico": "251 - AUXILIAR RADIODIF.- TRANSMISS. DE PROGRAMAS", "altura_antena_m": 6.0, "entidade": "RADIO CLUBE DE JACAREI LTDA", "municipio": "Jacareí", "uf": "SP"}, "geometry": {"type": "Point", "coordinates": [-45.9938333, -23.2978611]}},
{"type": "Feature", "id": "geral-684074796", "properties": {"estacao_id": "684074796", "estacoes_no_local": 1, "servico": "251 - AUXILIAR RADIODIF.- TRANSMISS. DE PROGRAMAS", "altura_antena_m": 45.0, "entidade": "RADIO GUARUJA PAULISTA LTDA", "municipio": "Guarujá", "uf": "SP"}, "geometry": {"type": "Point", "coordinates": [-46.2772222, -23.9983333]}},
{"type": "Feature", "id": "geral-1001847374", "properties": {"estacao_id": "1001847374", "estacoes_no_local": 2, "servico": "251 - AUXILIAR RADIODIF.- TRANSMISS. DE PROGRAMAS", "frequencia_mhz": "951.375–7090", "altura_antena_m": 42.0, "entidade": "INSTITUTO SUPERIOR DE EDUCAÇÃO SANTA CECÍLIA", "municipio": "Santos", "uf": "SP"}, "geometry": {"type": "Point", "coordinates": [-46.3226667, -23.9629167]}},
{"type": "Feature", "id": "geral-1001847749", "properties": {"estacao_id": "1001847749", "estacoes_no_local": 2, "servico": "251 - AUXILIAR RADIODIF.- TRANSMISS. DE PROGRAMAS", "altura_antena_m": 20.5, "entidade": "INSTITUTO SUPERIOR DE EDUCAÇÃO SANTA CECÍLIA", "municipio": "Santos", "uf": "SP"}, "geometry": {"type": "Point", "coordinates": [-46.3625, -23.965]}},
{"type": "Feature", "id": "geral-687240301", "properties": {"estacao_id": "687240301", "estacoes_no_local": 1, "servico": "251 - AUXILIAR RADIODIF.- TRANSMISS. DE PROGRAMAS", "frequencia_mhz": "6700", "altura_antena_m": 15.0, "entidade": "FUNDACAO TV EDUCATIVA UNIVERSIDADE CATOLICA DE SANTOS", "municipio": "Cubatão", "uf": "SP"}, "geometry": {"type": "Point", "coordinates": [-46.4208333, -23.8827778]}},
{"type": "Feature", "id": "geral-687250293", "properties": {"estacao_id": "687250293", "estacoes_no_local": 1, "servico": "251 - AUXILIAR RADIODIF.- TRANSMISS. DE PROGRAMAS", "frequencia_mhz": "946.875", "altura_antena_m": 32.0, "entidade": "FUNDACAO EDUCACIONAL E CULTURAL DE PRAIA GRANDE", "municipio": "Praia Grande", "uf": "SP"}, "geometry": {"type": "Point", "coordinates": [-46.475, -24.0286111]}},
{"type": "Feature", "id": "geral-687250307", "properties": {"estacao_id": "687250307", "estacoes_no_local": 1, "servico": "251 - AUXILIAR RADIODIF.- TRANSMISS. DE PROGRAMAS", "altura_antena_m": 40.0, "entidade": "FUNDACAO EDUCACIONAL E CULTURAL DE PRAIA GRANDE", "municipio": "Praia Grande", "uf": "SP"}, "geometry": {"type": "Point", "coordinates": [-46.3966667, -24.0216667]}},
{"type": "Feature", "id": "geral-688409520", "properties": {"estacao_id": "688409520", "estacoes_no_local": 2, "servico": "251 - AUXILIAR RADIODIF.- TRANSMISS. DE PROGRAMAS", "frequencia_mhz": "946.375", "altura_antena_m": 8.3, "entidade": "DIARIO DE SUZANO RADIODIFUSAO LTDA - ME", "municipio": "Salesópolis", "uf": "SP"}, "geometry": {"type": "Point", "coordinates": [-45.8522222, -23.5247222]}},
{"type": "Feature", "id": "geral-688409547", "properties": {"estacao_id": "688409547", "estacoes_no_local": 2, "servico": "251 - AUXILIAR RADIODIF.- TRANSMISS. DE PROGRAMAS", "altura_antena_m": 15.0, "entidade": "DIARIO DE SUZANO RADIODIFUSAO LTDA - ME", "municipio": "Salesópolis", "uf": "SP"}, "geometry": {"type": "Point", "coordinates": [-45.86, -23.5780556]}},
{"type": "Feature", "id": "geral-688637299", "properties": {"estacao_id": "688637299", "estacoes_no_local": 1, "servico": "251 - AUXILIAR RADIODIF.- TRANSMISS. DE PROGRAMAS", "frequencia_mhz": "7400", "altura_antena_m": 12.0, "entidade": "FUNDACAO JOSE DE PAIVA NETTO", "municipio": "São José dos Campos", "uf": "SP"}, "geometry": {"type": "Point", "coordinates": [-45.8886111, -23.1755556]}},
{"type": "Feature", "id": "geral-688638341", "properties": {"estacao_id": "688638341", "estacoes_no_local": 3, "servico": "251 - AUXILIAR RADIODIF.- TRANSMISS. DE PROGRAMAS", "frequencia_mhz": "6700", "altura_antena_m": 15.0, "entidade": "FUNDACAO JOSE DE PAIVA NETTO", "municipio": "São José dos Campos", "uf": "SP"}, "geometry": {"type": "Point", "coordinates": [-45.9063889, -23.1530556]}},
{"type": "Feature", "id": "geral-688638376", "properties": {"estacao_id": "688638376", "estacoes_no_local": 1, "servico": "251 - AUXILIAR RADIODIF.- TRANSMISS. DE PROGRAMAS", "altura_antena_m": 55.0, "entidade": "FUNDACAO JOSE DE PAIVA NETTO", "municipio": "São José dos Campos", "uf": "SP"}, "geometry": {"type": "Point", "coordinates": [-45.9247222, -23.2488889]}},
{"type": "Feature", "id": "geral-1010222667", "properties": {"estacao_id": "1010222667", "estacoes_no_local": 2, "servico": "251 - AUXILIAR RADIODIF.- TRANSMISS. DE PROGRAMAS", "frequencia_mhz": "939.75–946.625", "altura_antena_m": 39.0, "entidade": "FUNDACAO VICTORIO LANZA", "municipio": "Santos", "uf": "SP"}, "geometry": {"type": "Point", "coordinates": [-46.332975, -23.964625]}},
{"type": "Feature", "id": "geral-1004694820", "properties": {"estacao_id": "1004694820", "estacoes_no_local": 1, "servico": "251 - AUXILIAR RADIODIF.- TRANSMISS. DE PROGRAMAS", "altura_antena_m": 8.5, "entidade": "FUNDACAO VICTORIO LANZA", "municipio": "Guarujá", "uf": "SP"}, "geometry": {"type": "Point", "coordinates": [-46.2558333, -23.9819444]}},
{"type": "Feature", "id": "geral-691869073", "properties": {"estacao_id": "691869073", "estacoes_no_local": 2, "servico": "251 - AUXILIAR RADIODIF.- TRANSMISS. DE PROGRAMAS", "frequencia_mhz": "948.625–7320", "altura_antena_m": 10.0, "entidade": "FUNDACAO SOCIEDADE COMUNICACAO CULTURA E TRABALHO", "municipio": "Mogi das Cruzes", "uf": "SP"}, "geometry": {"type": "Point", "coordinates": [-46.1988889, -23.5338889]}},
{"type": "Feature", "id": "geral-691869081", "properties": {"estacao_id": "691869081", "estacoes_no_local": 1, "servico": "251 - AUXILIAR RADIODIF.- TRANSMISS. DE PROGRAMAS", "altura_antena_m": 30.0, "entidade": "FUNDACAO SOCIEDADE COMUNICACAO CULTURA E TRABALHO", "municipio": "Mogi das Cruzes", "uf": "SP"}, "geometry": {"type": "Point", "coordinates": [-46.2008333, -23.4813889]}},
{"type": "Feature", "id": "geral-692094989", "properties": {"estacao_id": "692094989", "estacoes_no_local": 1, "servico": "251 - AUXILIAR RADIODIF.- TRANSMISS. DE PROGRAMAS", "frequencia_mhz": "949.75", "altura_antena_m": 18.0, "entidade": "RÁDIO ITAPEMA FM DE SÃO PAULO LTDA", "municipio": "São Paulo", "uf": "SP"}, "geometry": {"type": "Point", "coordinates": [-46.6413889, -23.5416667]}},
{"type": "Feature", "id": "geral-692094997", "properties": {"estacao_id": "692094997", "estacoes_no_local": 1, "servico": "251 - AUXILIAR RADIODIF.- TRANSMISS. DE PROGRAMAS", "frequencia_mhz": "947.25", "altura_antena_m": 80.0, "entidade": "RÁDIO ITAPEMA FM DE SÃO PAULO LTDA", "municipio": "São Paulo", "uf": "SP"}, "geometry": {"type": "Point", "coordinates": [-46.6427778, -23.5411111]}},
{"type": "Feature", "id": "geral-1003223670", "properties": {"estacao_id": "1003223670", "estacoes_no_local": 2, "servico": "251 - AUXILIAR RADIODIF.- TRANSMISS. DE PROGRAMAS", "altura_antena_m": 154.0, "entidade": "REDE CENTRAL DE COMUNICACAO LTDA", "municipio": "São Paulo", "uf": "SP"}, "geometry": {"type": "Point", "coordinates": [-46.6588889, -23.5586111]}},
{"type": "Feature", "id": "geral-692095152", "properties": {"estacao_id": "692095152", "estacoes_no_local": 1, "servico": "251 - AUXILIAR RADIODIF.- TRANSMISS. DE PROGRAMAS", "frequencia_mhz": "947.25", "altura_antena_m": 60.0, "entidade": "RÁDIO ITAPEMA FM DE SÃO PAULO LTDA", "municipio": "São Paulo", "uf": "SP"}, "geometry": {"type": "Point", "coordinates": [-46.6569444, -23.5763889]}},
{"type": "Feature", "id": "geral-699027748", "properties": {"estacao_id": "699027748", "estacoes_no_local": 1, "servico": "251 - AUXILIAR RADIODIF.- TRANSMISS. DE PROGRAMAS", "altura_antena_m": 30.0, "entidade": "FUNDACAO SOCIEDADE COMUNICACAO CULTURA E TRABALHO", "municipio": "Mogi das Cruzes", "uf": "SP"}, "geometry": {"type": "Point", "coordinates": [-46.2022222, -23.4841667]}},
{"type": "Feature", "id": "geral-1001314090", "properties": {"estacao_id": "1001314090", "estacoes_no_local": 1, "servico": "251 - AUXILIAR RADIODIF.- TRANSMISS. DE PROGRAMAS", "frequencia_mhz": "938", "altura_antena_m": 25.0, "entidade": "RADIO CRUZ DE MALTA LTDA", "municipio": "Mogi das Cruzes", "uf": "SP"}, "geometry": {"type": "Point", "coordinates": [-46.1985278, -23.5242778]}},
{"type": "Feature", "id": "geral-1001314660", "properties": {"estacao_id": "1001314660", "estacoes_no_local": 1, "servico": "251 - AUXILIAR RADIODIF.- TRANSMISS. DE PROGRAMAS", "altura_antena_m": 18.0, "entidade": "RADIO CRUZ DE MALTA LTDA", "municipio": "Mogi das Cruzes", "uf": "SP"}, "geometry": {"type": "Point", "coordinates": [-46.2002778, -23.4805278]}},
{"type": "Feature", "id": "geral-1001641814", "properties": {"estacao_id": "1001641814", "estacoes_no_local": 1, "servico": "251 - AUXILIAR RADIODIF.- TRANSMISS. DE PROGRAMAS", "frequencia_mhz": "946.875", "altura_antena_m": 28.0, "entidade": "RADIO MUSICAL FM DO VALE LTDA - EPP", "municipio": "São José dos Campos", "uf": "SP"}, "geometry": {"type": "Point", "coordinates": [-45.8883333, -23.2222222]}},
{"type": "Feature", "id": "geral-1001641822", "properties": {"estacao_id": "1001641822", "estacoes_no_local": 1, "servico": "251 - AUXILIAR RADIODIF.- TRANSMISS. DE PROGRAMAS", "altura_antena_m": 12.0, "entidade": "RADIO MUSICAL FM DO VALE LTDA - EPP", "municipio": "Jacareí", "uf": "SP"}, "geometry": {"type": "Point", "coordinates": [-45.9218611, -23.2725556]}},
{"type": "Feature", "id": "geral-1003223661", "properties": {"estacao_id": "1003223661", "estacoes_no_local": 1, "servico": "251 - AUXILIAR RADIODIF.- TRANSMISS. DE PROGRAMAS", "frequencia_mhz": "939.75", "altura_antena_m": 120.0, "entidade": "REDE CENTRAL DE COMUNICACAO LTDA", "municipio": "São Paulo", "uf": "SP"}, "geometry": {"type": "Point", "coordinates": [-46.6427778, -23.5486111]}},
{"type": "Feature", "id": "geral-1002378009", "properties": {"estacao_id": "1002378009", "estacoes_no_local": 1, "servico": "251 - AUXILIAR RADIODIF.- TRANSMISS. DE PROGRAMAS", "frequencia_mhz": "944.875", "altura_antena_m": 10.0, "entidade": "ASSOCIAÇÃO DE MORADORES DO JARDIM CRISTINA OURO PRETO E PORTAL DE MINAS", "municipio": "São José dos Campos", "uf": "SP"}, "geometry": {"type": "Point", "coordinates": [-45.8891667, -23.1580556]}},
{"type": "Feature", "id": "geral-1002378017", "properties": {"estacao_id": "1002378017", "estacoes_no_local": 1, "servico": "251 - AUXILIAR RADIODIF.- TRANSMISS. DE PROGRAMAS", "altura_antena_m": 27.0, "entidade": "ASSOCIAÇÃO DE MORADORES DO JARDIM CRISTINA OURO PRETO E PORTAL DE MINAS", "municipio": "São José dos Campos", "uf": "SP"}, "geometry": {"type": "Point", "coordinates": [-45.8947222, -23.1605556]}},
{"type": "Feature", "id": "geral-1002820321", "properties": {"estacao_id": "1002820321", "estacoes_no_local": 1, "servico": "251 - AUXILIAR RADIODIF.- TRANSMISS. DE PROGRAMAS", "altura_antena_m": 8.0, "entidade": "SISTEMA EXCELSIOR DE COMUNICACAO LTDA - ME", "municipio": "Cotia", "uf": "SP"}, "geometry": {"type": "Point", "coordinates": [-47.0381667, -23.7188333]}},
{"type": "Feature", "id": "geral-1002916000", "properties": {"estacao_id": "1002916000", "estacoes_no_local": 2, "servico": "251 - AUXILIAR RADIODIF.- TRANSMISS. DE PROGRAMAS", "frequencia_mhz": "938", "altura_antena_m": 102.0, "entidade": "RADIO SP-1 LTDA", "municipio": "São Paulo", "uf": "SP"}, "geometry": {"type": "Point", "coordinates": [-46.6397222, -23.5727778]}},
{"type": "Feature", "id": "geral-1002916043", "properties": {"estacao_id": "1002916043", "estacoes_no_local": 2, "servico": "251 - AUXILIAR RADIODIF.- TRANSMISS. DE PROGRAMAS", "frequencia_mhz": "949.375", "altura_antena_m": 7.0, "entidade": "RADIO SP-1 LTDA", "municipio": "Diadema", "uf": "SP"}, "geometry": {"type": "Point", "coordinates": [-46.63, -23.6741667]}},
{"type": "Feature", "id": "geral-1011273982", "properties": {"estacao_id": "1011273982", "estacoes_no_local": 2, "servico": "251 - AUXILIAR RADIODIF.- TRANSMISS. DE PROGRAMAS", "frequencia_mhz": "947.875–948.375", "altura_antena_m": 18.0, "entidade": "SOCIEDADE RADIO CLUBE DE SAO JOSE DOS CAMPOS LTDA", "municipio": "São José dos Campos", "uf": "SP"}, "geometry": {"type": "Point", "coordinates": [-45.88575, -23.1759722]}},
{"type": "Feature", "id": "geral-1011273990", "properties": {"estacao_id": "1011273990", "estacoes_no_local": 2, "servico": "251 - AUXILIAR RADIODIF.- TRANSMISS. DE PROGRAMAS", "altura_antena_m": 25.0, "entidade": "SOCIEDADE RADIO CLUBE DE SAO JOSE DOS CAMPOS LTDA", "municipio": "São José dos Campos", "uf": "SP"}, "geometry": {"type": "Point", "coordinates": [-45.9116667, -23.1591667]}},
{"type": "Feature", "id": "geral-1006073148", "properties": {"estacao_id": "1006073148", "estacoes_no_local": 1, "servico": "251 - AUXILIAR RADIODIF.- TRANSMISS. DE PROGRAMAS", "frequencia_mhz": "951.625", "altura_antena_m": 13.5, "entidade": "RADIO ALVORADA FREQUENCIA MODULADA LTDA", "municipio": "Cubatão", "uf": "SP"}, "geometry": {"type": "Point", "coordinates": [-46.4200278, -23.8865278]}},
{"type": "Feature", "id": "geral-1006073202", "properties": {"estacao_id": "1006073202", "estacoes_no_local": 1, "servico": "251 - AUXILIAR RADIODIF.- TRANSMISS. DE PROGRAMAS", "altura_antena_m": 15.5, "entidade": "RADIO ALVORADA FREQUENCIA MODULADA LTDA", "municipio": "Santos", "uf": "SP"}, "geometry": {"type": "Point", "coordinates": [-46.3396389, -23.9358056]}},
{"type": "Feature", "id": "geral-1006825654", "properties": {"estacao_id": "1006825654", "estacoes_no_local": 1, "servico": "251 - AUXILIAR RADIODIF.- TRANSMISS. DE PROGRAMAS", "frequencia_mhz": "949.125", "altura_antena_m": 12.0, "entidade": "ASS CULTURAL COMUNITARIA EDUCACIONAL SAO ROQUENSE", "municipio": "São Roque", "uf": "SP"}, "geometry": {"type": "Point", "coordinates": [-47.13505, -23.5305056]}},
{"type": "Feature", "id": "geral-1006825719", "properties": {"estacao_id": "1006825719", "estacoes_no_local": 1, "servico": "251 - AUXILIAR RADIODIF.- TRANSMISS. DE PROGRAMAS", "altura_antena_m": 18.0, "entidade": "ASS CULTURAL COMUNITARIA EDUCACIONAL SAO ROQUENSE", "municipio": "São Roque", "uf": "SP"}, "geometry": {"type": "Point", "coordinates": [-47.12245, -23.5356722]}},
{"type": "Feature", "id": "geral-1007712845", "properties": {"estacao_id": "1007712845", "estacoes_no_local": 1, "servico": "251 - AUXILIAR RADIODIF.- TRANSMISS. DE PROGRAMAS", "frequencia_mhz": "946.375", "altura_antena_m": 5.5, "entidade": "ASSOCIAÇÃO CULTURAL COMUNITÁRIA A VOZ DE EMBU-GUAÇU", "municipio": "Embu-Guaçu", "uf": "SP"}, "geometry": {"type": "Point", "coordinates": [-46.81, -23.8341667]}},
{"type": "Feature", "id": "geral-1007712853", "properties": {"estacao_id": "1007712853", "estacoes_no_local": 1, "servico": "251 - AUXILIAR RADIODIF.- TRANSMISS. DE PROGRAMAS", "altura_antena_m": 4.5, "entidade": "ASSOCIAÇÃO CULTURAL COMUNITÁRIA A VOZ DE EMBU-GUAÇU", "municipio": "Embu-Guaçu", "uf": "SP"}, "geometry": {"type": "Point", "coordinates": [-46.8108333, -23.8355556]}},
{"type": "Feature", "id": "geral-1009377261", "properties": {"estacao_id": "1009377261", "estacoes_no_local": 1, "servico": "251 - AUXILIAR RADIODIF.- TRANSMISS. DE PROGRAMAS", "frequencia_mhz": "946.125", "altura_antena_m": 10.0, "entidade": "ASS. CULTURAL COMUNITARIA TERNURA DE PERUS", "municipio": "São Paulo", "uf": "SP"}, "geometry": {"type": "Point", "coordinates": [-46.7483333, -23.4036111]}},
{"type": "Feature", "id": "geral-1009377733", "properties": {"estacao_id": "1009377733", "estacoes_no_local": 1, "servico": "251 - AUXILIAR RADIODIF.- TRANSMISS. DE PROGRAMAS", "altura_antena_m": 20.0, "entidade": "ASS. CULTURAL COMUNITARIA TERNURA DE PERUS", "municipio": "São Paulo", "uf": "SP"}, "geometry": {"type": "Point", "coordinates": [-46.7433333, -23.4086111]}},
{"type": "Feature", "id": "geral-1009405575", "properties": {"estacao_id": "1009405575", "estacoes_no_local": 1, "servico": "251 - AUXILIAR RADIODIF.- TRANSMISS. DE PROGRAMAS", "frequencia_mhz": "951.375", "altura_antena_m": 9.0, "entidade": "FUNDACAO LOGOS - EDICOES, JORNALISMO E RADIODIFUSAO", "municipio": "São José dos Campos", "uf": "SP"}, "geometry": {"type": "Point", "coordinates": [-45.8833333, -23.1783333]}},
{"type": "Feature", "id": "geral-1009405605", "properties": {"estacao_id": "1009405605", "estacoes_no_local": 1, "servico": "251 - AUXILIAR RADIODIF.- TRANSMISS. DE PROGRAMAS", "altura_antena_m": 10.0, "entidade": "FUNDACAO LOGOS - EDICOES, JORNALISMO E RADIODIFUSAO", "municipio": "São José dos Campos", "uf": "SP"}, "geometry": {"type": "Point", "coordinates": [-45.9086111, -23.1541667]}},
{"type": "Feature", "id": "geral-1010065367", "properties": {"estacao_id": "1010065367", "estacoes_no_local": 1, "servico": "251 - AUXILIAR RADIODIF.- TRANSMISS. DE PROGRAMAS", "altura_antena_m": 30.0, "entidade": "Fundacao Joao Paulo Ii", "municipio": "São José dos Campos", "uf": "SP"}, "geometry": {"type": "Point", "coordinates": [-45.9036111, -23.1536111]}},
{"type": "Feature", "id": "geral-1010065375", "properties": {"estacao_id": "1010065375", "estacoes_no_local": 1, "servico": "251 - AUXILIAR RADIODIF.- TRANSMISS. DE PROGRAMAS", "frequencia_mhz": "939", "altura_antena_m": 76.0, "entidade": "Fundacao Joao Paulo Ii", "municipio": "São José dos Campos", "uf": "SP"}, "geometry": {"type": "Point", "coordinates": [-45.8896222, -23.1940611]}},
{"type": "Feature", "id": "geral-1010222713", "properties": {"estacao_id": "1010222713", "estacoes_no_local": 1, "servico": "251 - AUXILIAR RADIODIF.- TRANSMISS. DE PROGRAMAS", "altura_antena_m": 12.5, "entidade": "RADIO RSC FREQUENCIA MODULADA LTDA", "municipio": "Santos", "uf": "SP"}, "geometry": {"type": "Point", "coordinates": [-46.3397222, -23.9358333]}},
{"type": "Feature", "id": "geral-1011907990", "properties": {"estacao_id": "1011907990", "estacoes_no_local": 1, "servico": "251 - AUXILIAR RADIODIF.- TRANSMISS. DE PROGRAMAS", "frequencia_mhz": "939", "altura_antena_m": 144.0, "entidade": "REDE AUTONOMISTA DE RADIO DIFUSAO LTDA", "municipio": "São Paulo", "uf": "SP"}, "geometry": {"type": "Point", "coordinates": [-46.6602778, -23.5575]}},
{"type": "Feature", "id": "geral-1011908007", "properties": {"estacao_id": "1011908007", "estacoes_no_local": 1, "servico": "251 - AUXILIAR RADIODIF.- TRANSMISS. DE PROGRAMAS", "altura_antena_m": 94.0, "entidade": "REDE AUTONOMISTA DE RADIO DIFUSAO LTDA", "municipio": "São Paulo", "uf": "SP"}, "geometry": {"type": "Point", "coordinates": [-46.6441667, -23.5708333]}},
{"type": "Feature", "id": "geral-3079600", "properties": {"estacao_id": "3079600", "estacoes_no_local": 10, "servico": "023 - SERVIÇO LIMITADO MOVEL PRIVATIVO/252 - AUXILIAR RADIODIF.- REPORTAGEM EXTERNA", "frequencia_mhz": "866.438–7180", "altura_antena_m": 666.6, "entidade": "FUNDACAO CASPER LIBERO", "municipio": "São Paulo", "uf": "SP"}, "geometry": {"type": "Point", "coordinates": [-46.6505556, -23.5652778]}},
{"type": "Feature", "id": "geral-1009512347", "properties": {"estacao_id": "1009512347", "estacoes_no_local": 10, "servico": "252 - AUXILIAR RADIODIF.- REPORTAGEM EXTERNA", "frequencia_mhz": "2240–7390", "altura_antena_m": 70.0, "entidade": "GLOBO COMUNICAÇÃO E PARTICIPAÇÕES S.A.", "municipio": "São Paulo", "uf": "SP"}, "geometry": {"type": "Point", "coordinates": [-46.6502778, -23.5677778]}},
{"type": "Feature", "id": "geral-3575217", "properties": {"estacao_id": "3575217", "estacoes_no_local": 5, "servico": "252 - AUXILIAR RADIODIF.- REPORTAGEM EXTERNA", "frequencia_mhz": "153.05–153.37", "altura_antena_m": 5.0, "entidade": "RADIO MULHER LIMITADA", "municipio": "São Paulo", "uf": "SP"}, "geometry": {"type": "Point", "coordinates": [-46.6361111, -23.5475]}},
{"type": "Feature", "id": "geral-3577228", "properties": {"estacao_id": "3577228", "estacoes_no_local": 2, "servico": "252 - AUXILIAR RADIODIF.- REPORTAGEM EXTERNA", "frequencia_mhz": "450.562", "altura_antena_m": 12.0, "entidade": "Radio e Televisão Bandeirantes S.A.", "municipio": "São Paulo", "uf": "SP"}, "geometry": {"type": "Point", "coordinates": [-46.7133333, -23.5944444]}},
{"type": "Feature", "id": "geral-3577236", "properties": {"estacao_id": "3577236", "estacoes_no_local": 2, "servico": "252 - AUXILIAR RADIODIF.- REPORTAGEM EXTERNA", "frequencia_mhz": "450.988", "altura_antena_m": 20.0, "entidade": "Radio e Televisão Bandeirantes S.A.", "municipio": "São Paulo", "uf": "SP"}, "geometry": {"type": "Point", "coordinates": [-46.7166667, -23.4833333]}},
{"type": "Feature", "id": "geral-3577244", "properties": {"estacao_id": "3577244", "estacoes_no_local": 2, "servico": "252 - AUXILIAR RADIODIF.- REPORTAGEM EXTERNA", "frequencia_mhz": "450.562–450.988", "altura_antena_m": 2.0, "entidade": "Radio e Televisão Bandeirantes S.A.", "municipio": "São Paulo", "uf": "SP"}, "geometry": {"type": "Point", "coordinates": [-46.0558333, -23.1569444]}},
{"type": "Feature", "id": "geral-3577252", "properties": {"estacao_id": "3577252", "estacoes_no_local": 4, "servico": "252 - AUXILIAR RADIODIF.- REPORTAGEM EXTERNA", "frequencia_mhz": "450.562–450.988", "altura_antena_m": 2.0, "entidade": "Radio e Televisão Bandeirantes S.A.", "municipio": "São Paulo", "uf": "SP"}, "geometry": {"type": "Point", "coordinates": [-46.0558333, -23.3236111]}},
{"type": "Feature", "id": "geral-3569888", "properties": {"estacao_id": "3569888", "estacoes_no_local": 5, "servico": "252 - AUXILIAR RADIODIF.- REPORTAGEM EXTERNA", "frequencia_mhz": "153.05", "altura_antena_m": 66.0, "entidade": "SOCIEDADE RADIO CLUBE DE SAO JOSE DOS CAMPOS LTDA", "municipio": "São José dos Campos", "uf": "SP"}, "geometry": {"type": "Point", "coordinates": [-45.8897222, -23.1938889]}},
{"type": "Feature", "id": "geral-3571920", "properties": {"estacao_id": "3571920", "estacoes_no_local": 2, "servico": "252 - AUXILIAR RADIODIF.- REPORTAGEM EXTERNA", "frequencia_mhz": "153.13–153.43", "altura_antena_m": 98.0, "entidade": "Radio e Televisão Bandeirantes S.A.", "municipio": "São Paulo", "uf": "SP"}, "geometry": {"type": "Point", "coordinates": [-46.8638889, -23.1675]}},
{"type": "Feature", "id": "geral-3572390", "properties": {"estacao_id": "3572390", "estacoes_no_local": 2, "servico": "252 - AUXILIAR RADIODIF.- REPORTAGEM EXTERNA", "frequencia_mhz": "153.15–164.31", "altura_antena_m": 2.0, "entidade": "RADIO NOVO MUNDO LTDA", "municipio": "São Paulo", "uf": "SP"}, "geometry": {"type": "Point", "coordinates": [-46.67, -23.5713889]}},
{"type": "Feature", "id": "geral-403474", "properties": {"estacao_id": "403474", "estacoes_no_local": 3, "servico": "252 - AUXILIAR RADIODIF.- REPORTAGEM EXTERNA/253 - AUXILIAR RADIODIF.- COM. DE ORDENS INTERNAS", "frequencia_mhz": "153.15–455.275", "altura_antena_m": 15.0, "entidade": "RECC RADIODIFUSAO E COMUNICACAO LTDA", "municipio": "Mogi das Cruzes", "uf": "SP"}, "geometry": {"type": "Point", "coordinates": [-46.1905556, -23.5222222]}},
{"type": "Feature", "id": "geral-3574784", "properties": {"estacao_id": "3574784", "estacoes_no_local": 5, "servico": "252 - AUXILIAR RADIODIF.- REPORTAGEM EXTERNA/253 - AUXILIAR RADIODIF.- COM. DE ORDENS INTERNAS", "frequencia_mhz": "153.15–455.287", "altura_antena_m": 30.0, "entidade": "RECC RADIODIFUSAO E COMUNICACAO LTDA", "municipio": "Mogi das Cruzes", "uf": "SP"}, "geometry": {"type": "Point", "coordinates": [-46.2, -23.4780556]}},
{"type": "Feature", "id": "geral-3575063", "properties": {"estacao_id": "3575063", "estacoes_no_local": 2, "servico": "252 - AUXILIAR RADIODIF.- REPORTAGEM EXTERNA", "frequencia_mhz": "153.11–164.11", "altura_antena_m": 10.0, "entidade": "RADIO A TRIBUNA DE SANTOS LTDA", "municipio": "Santos", "uf": "SP"}, "geometry": {"type": "Point", "coordinates": [-46.3302778, -23.9394444]}},
{"type": "Feature", "id": "geral-3575071", "properties": {"estacao_id": "3575071", "estacoes_no_local": 6, "servico": "252 - AUXILIAR RADIODIF.- REPORTAGEM EXTERNA", "frequencia_mhz": "153.11–164.11", "entidade": "RADIO A TRIBUNA DE SANTOS LTDA", "municipio": "Santos", "uf": "SP"}, "geometry": {"type": "Point", "coordinates": [-46.3336111, -23.9608333]}},
{"type": "Feature", "id": "geral-3575195", "properties": {"estacao_id": "3575195", "estacoes_no_local": 2, "servico": "252 - AUXILIAR RADIODIF.- REPORTAGEM EXTERNA/253 - AUXILIAR RADIODIF.- COM. DE ORDENS INTERNAS", "frequencia_mhz": "153.09", "altura_antena_m": 22.0, "entidade": "RADIO MULHER LIMITADA", "municipio": "São Paulo", "uf": "SP"}, "geometry": {"type": "Point", "coordinates": [-46.7019444, -23.6405556]}},
{"type": "Feature", "id": "geral-3575209", "properties": {"estacao_id": "3575209", "estacoes_no_local": 1, "servico": "252 - AUXILIAR RADIODIF.- REPORTAGEM EXTERNA", "altura_antena_m": 5.0, "entidade": "RADIO MULHER LIMITADA", "municipio": "São Paulo", "uf": "SP"}, "geometry": {"type": "Point", "coordinates": [-46.6441667, -23.5730556]}},
{"type": "Feature", "id": "geral-1001994148", "properties": {"estacao_id": "1001994148", "estacoes_no_local": 8, "servico": "252 - AUXILIAR RADIODIF.- REPORTAGEM EXTERNA", "frequencia_mhz": "153.52–450.363", "altura_antena_m": 3.0, "entidade": "RADIO PANAMERICANA S A", "municipio": "São Paulo", "uf": "SP"}, "geometry": {"type": "Point", "coordinates": [-46.6511667, -23.5666389]}},
{"type": "Feature", "id": "geral-4859839", "properties": {"estacao_id": "4859839", "estacoes_no_local": 7, "servico": "252 - AUXILIAR RADIODIF.- REPORTAGEM EXTERNA", "frequencia_mhz": "450.65–455.65", "altura_antena_m": 100.0, "entidade": "Radio Transamerica de Sao Paulo Ltda", "municipio": "São Paulo", "uf": "SP"}, "geometry": {"type": "Point", "coordinates": [-46.7144444, -23.5363889]}},
{"type": "Feature", "id": "geral-4859880", "properties": {"estacao_id": "4859880", "estacoes_no_local": 2, "servico": "252 - AUXILIAR RADIODIF.- REPORTAGEM EXTERNA", "frequencia_mhz": "450.65–455.65", "altura_antena_m": 2.0, "entidade": "Radio Transamerica de Sao Paulo Ltda", "municipio": "São Paulo", "uf": "SP"}, "geometry": {"type": "Point", "coordinates": [-46.7144444, -23.5430556]}},
{"type": "Feature", "id": "geral-4238095", "properties": {"estacao_id": "4238095", "estacoes_no_local": 1, "servico": "252 - AUXILIAR RADIODIF.- REPORTAGEM EXTERNA", "frequencia_mhz": "450.5", "altura_antena_m": 74.0, "entidade": "REDE ASSOCIADA DE DIFUSAO LTDA", "municipio": "São Paulo", "uf": "SP"}, "geometry": {"type": "Point", "coordinates": [-46.6597222, -23.5572222]}},
{"type": "Feature", "id": "geral-4238109", "properties": {"estacao_id": "4238109", "estacoes_no_local": 1, "servico": "252 - AUXILIAR RADIODIF.- REPORTAGEM EXTERNA", "frequencia_mhz": "450.5", "altura_antena_m": 8.0, "entidade": "REDE ASSOCIADA DE DIFUSAO LTDA", "municipio": "Itaquaquecetuba", "uf": "SP"}, "geometry": {"type": "Point", "coordinates": [-46.3191667, -23.4505556]}},
{"type": "Feature", "id": "geral-34630", "properties": {"estacao_id": "34630", "estacoes_no_local": 6, "servico": "252 - AUXILIAR RADIODIF.- REPORTAGEM EXTERNA", "frequencia_mhz": "2305–7390", "altura_antena_m": 67.0, "entidade": "TV VALE DO PARAIBA LTDA", "municipio": "São José dos Campos", "uf": "SP"}, "geometry": {"type": "Point", "coordinates": [-45.9063361, -23.1540861]}},
{"type": "Feature", "id": "geral-437492", "properties": {"estacao_id": "437492", "estacoes_no_local": 2, "servico": "252 - AUXILIAR RADIODIF.- REPORTAGEM EXTERNA", "frequencia_mhz": "2375", "altura_antena_m": 15.0, "entidade": "TV DO POVO LTDA", "municipio": "São Vicente", "uf": "SP"}, "geometry": {"type": "Point", "coordinates": [-46.3758333, -23.9527778]}},
{"type": "Feature", "id": "geral-1001748686", "properties": {"estacao_id": "1001748686", "estacoes_no_local": 2, "servico": "252 - AUXILIAR RADIODIF.- REPORTAGEM EXTERNA", "frequencia_mhz": "7350", "altura_antena_m": 50.0, "entidade": "RADIO E TELEVISAO DIARIO DE MOGI LTDA", "municipio": "Mogi das Cruzes", "uf": "SP"}, "geometry": {"type": "Point", "coordinates": [-46.2008333, -23.4819444]}},
{"type": "Feature", "id": "geral-3402274", "properties": {"estacao_id": "3402274", "estacoes_no_local": 22, "servico": "253 - AUXILIAR RADIODIF.- COM. DE ORDENS INTERNAS", "frequencia_mhz": "450.413–455.988", "altura_antena_m": 123.5, "entidade": "RADIO E TELEVISAO RECORD S.A", "municipio": "São Paulo", "uf": "SP"}, "geometry": {"type": "Point", "coordinates": [-46.6494444, -23.5663889]}},
{"type": "Feature", "id": "geral-3402444", "properties": {"estacao_id": "3402444", "estacoes_no_local": 1, "servico": "253 - AUXILIAR RADIODIF.- COM. DE ORDENS INTERNAS", "frequencia_mhz": "455.988", "altura_antena_m": 3.0, "entidade": "RADIO E TELEVISAO RECORD S.A", "municipio": "São Paulo", "uf": "SP"}, "geometry": {"type": "Point", "coordinates": [-46.6494444, -23.5661111]}},
{"type": "Feature", "id": "geral-3579689", "properties": {"estacao_id": "3579689", "estacoes_no_local": 6, "servico": "253 - AUXILIAR RADIODIF.- COM. DE ORDENS INTERNAS", "frequencia_mhz": "450.025–455.487", "altura_antena_m": 110.0, "entidade": "TVSBT CANAL 4 DE SAO PAULO S/A", "municipio": "São Paulo", "uf": "SP"}, "geometry": {"type": "Point", "coordinates": [-46.6822222, -23.5419444]}},
{"type": "Feature", "id": "geral-3579794", "properties": {"estacao_id": "3579794", "estacoes_no_local": 1, "servico": "253 - AUXILIAR RADIODIF.- COM. DE ORDENS INTERNAS", "frequencia_mhz": "153.09", "altura_antena_m": 22.0, "entidade": "RADIO MULHER LIMITADA", "municipio": "São Paulo", "uf": "SP"}, "geometry": {"type": "Point", "coordinates": [-46.7777778, -23.6983333]}},
{"type": "Feature", "id": "geral-3552837", "properties": {"estacao_id": "3552837", "estacoes_no_local": 3, "servico": "253 - AUXILIAR RADIODIF.- COM. DE ORDENS INTERNAS", "frequencia_mhz": "153.17", "altura_antena_m": 48.0, "entidade": "RADIO 105 FM LTDA", "municipio": "Jundiaí", "uf": "SP"}, "geometry": {"type": "Point", "coordinates": [-46.8816667, -23.1891667]}},
{"type": "Feature", "id": "geral-3552845", "properties": {"estacao_id": "3552845", "estacoes_no_local": 1, "servico": "253 - AUXILIAR RADIODIF.- COM. DE ORDENS INTERNAS", "frequencia_mhz": "153.17", "altura_antena_m": 20.0, "entidade": "RADIO 105 FM LTDA", "municipio": "Jundiaí", "uf": "SP"}, "geometry": {"type": "Point", "coordinates": [-46.9605556, -23.2719444]}},
{"type": "Feature", "id": "geral-517510014", "properties": {"estacao_id": "517510014", "estacoes_no_local": 1, "servico": "253 - AUXILIAR RADIODIF.- COM. DE ORDENS INTERNAS", "frequencia_mhz": "455.85", "altura_antena_m": 2.0, "entidade": "GLOBO COMUNICAÇÃO E PARTICIPAÇÕES S.A.", "municipio": "São Paulo", "uf": "SP"}, "geometry": {"type": "Point", "coordinates": [-46.7661111, -23.4555556]}},
{"type": "Feature", "id": "geral-1002625111", "properties": {"estacao_id": "1002625111", "estacoes_no_local": 2, "servico": "253 - AUXILIAR RADIODIF.- COM. DE ORDENS INTERNAS", "frequencia_mhz": "153.31–164.54", "altura_antena_m": 100.0, "entidade": "GLOBO COMUNICAÇÃO E PARTICIPAÇÕES S.A.", "municipio": "São Paulo", "uf": "SP"}, "geometry": {"type": "Point", "coordinates": [-46.6502778, -23.5680556]}},
{"type": "Feature", "id": "geral-5387108", "properties": {"estacao_id": "5387108", "estacoes_no_local": 10, "servico": "253 - AUXILIAR RADIODIF.- COM. DE ORDENS INTERNAS", "frequencia_mhz": "153.31–164.55", "altura_antena_m": 20.0, "entidade": "SAT SISTEMA A TRIBUNA DE COMUNICACAO-SANTOS LTDA", "municipio": "São Vicente", "uf": "SP"}, "geometry": {"type": "Point", "coordinates": [-46.3758333, -23.9522222]}},
{"type": "Feature", "id": "geral-5387175", "properties": {"estacao_id": "5387175", "estacoes_no_local": 1, "servico": "253 - AUXILIAR RADIODIF.- COM. DE ORDENS INTERNAS", "frequencia_mhz": "164.55", "altura_antena_m": 20.0, "entidade": "SAT SISTEMA A TRIBUNA DE COMUNICACAO-SANTOS LTDA", "municipio": "São Vicente", "uf": "SP"}, "geometry": {"type": "Point", "coordinates": [-46.3683333, -23.9788889]}},
{"type": "Feature", "id": "geral-517512084", "properties": {"estacao_id": "517512084", "estacoes_no_local": 3, "servico": "253 - AUXILIAR RADIODIF.- COM. DE ORDENS INTERNAS", "frequencia_mhz": "450.1", "altura_antena_m": 40.0, "entidade": "RADIO E TELEVISAO DIARIO DE MOGI LTDA", "municipio": "Mogi das Cruzes", "uf": "SP"}, "geometry": {"type": "Point", "coordinates": [-46.1477778, -23.5063889]}},
{"type": "Feature", "id": "geral-964549", "properties": {"estacao_id": "964549", "estacoes_no_local": 1, "servico": "255 - AUX. DE RADIODIFUSAO - TELEMEDICAO", "frequencia_mhz": "450.125", "altura_antena_m": 15.0, "entidade": "TV DO POVO LTDA", "municipio": "São Vicente", "uf": "SP"}, "geometry": {"type": "Point", "coordinates": [-46.3702778, -23.9591667]}},
{"type": "Feature", "id": "geral-964786", "properties": {"estacao_id": "964786", "estacoes_no_local": 1, "servico": "255 - AUX. DE RADIODIFUSAO - TELEMEDICAO", "frequencia_mhz": "450.125", "altura_antena_m": 40.0, "entidade": "TV DO POVO LTDA", "municipio": "São Vicente", "uf": "SP"}, "geometry": {"type": "Point", "coordinates": [-46.3666667, -23.9827778]}},
{"type": "Feature", "id": "geral-442502397", "properties": {"estacao_id": "442502397", "estacoes_no_local": 108, "servico": "023 - SERVIÇO LIMITADO MOVEL PRIVATIVO", "frequencia_mhz": "458.012–458.988", "altura_antena_m": 9.0, "entidade": "USINAS SIDERURGICAS DE MINAS GERAIS S/A- USIMINAS", "municipio": "Cubatão", "uf": "SP"}, "geometry": {"type": "Point", "coordinates": [-46.3687333, -23.8618417]}},
{"type": "Feature", "id": "geral-692393528", "properties": {"estacao_id": "692393528", "estacoes_no_local": 240, "servico": "023 - SERVIÇO LIMITADO MOVEL PRIVATIVO", "frequencia_mhz": "465.163–466.988", "altura_antena_m": 39.0, "entidade": "DEPARTAMENTO DE POLICIA FEDERAL", "municipio": "Mauá", "uf": "SP"}, "geometry": {"type": "Point", "coordinates": [-46.4319167, -23.6383889]}},
{"type": "Feature", "id": "geral-692534326", "properties": {"estacao_id": "692534326", "estacoes_no_local": 240, "servico": "023 - SERVIÇO LIMITADO MOVEL PRIVATIVO", "frequencia_mhz": "465.163–466.988", "altura_antena_m": 78.0, "entidade": "DEPARTAMENTO DE POLICIA FEDERAL", "municipio": "São Bernardo do Campo", "uf": "SP"}, "geometry": {"type": "Point", "coordinates": [-46.5697222, -23.678]}},
{"type": "Feature", "id": "geral-692607501", "properties": {"estacao_id": "692607501", "estacoes_no_local": 60, "servico": "023 - SERVIÇO LIMITADO MOVEL PRIVATIVO", "frequencia_mhz": "465.163–466.988", "altura_antena_m": 35.0, "entidade": "DEPARTAMENTO DE POLICIA FEDERAL", "municipio": "Santos", "uf": "SP"}, "geometry": {"type": "Point", "coordinates": [-46.3312222, -23.9398056]}},
{"type": "Feature", "id": "geral-1000004837", "properties": {"estacao_id": "1000004837", "estacoes_no_local": 70, "servico": "023 - SERVIÇO LIMITADO MOVEL PRIVATIVO", "frequencia_mhz": "465.163–466.988", "altura_antena_m": 2.0, "entidade": "DEPARTAMENTO DE POLICIA FEDERAL", "municipio": "São Paulo", "uf": "SP"}, "geometry": {"type": "Point", "coordinates": [-46.7044556, -23.5280611]}},
{"type": "Feature", "id": "geral-692365117", "properties": {"estacao_id": "692365117", "estacoes_no_local": 280, "servico": "023 - SERVIÇO LIMITADO MOVEL PRIVATIVO", "frequencia_mhz": "465.163–466.988", "altura_antena_m": 105.0, "entidade": "DEPARTAMENTO DE POLICIA FEDERAL", "municipio": "São Paulo", "uf": "SP"}, "geometry": {"type": "Point", "coordinates": [-46.6339444, -23.5409722]}},
{"type": "Feature", "id": "geral-692393382", "properties": {"estacao_id": "692393382", "estacoes_no_local": 280, "servico": "023 - SERVIÇO LIMITADO MOVEL PRIVATIVO", "frequencia_mhz": "465.163–466.988", "altura_antena_m": 90.0, "entidade": "DEPARTAMENTO DE POLICIA FEDERAL", "municipio": "São Paulo", "uf": "SP"}, "geometry": {"type": "Point", "coordinates": [-46.6575278, -23.5592222]}},
{"type": "Feature", "id": "geral-692393498", "properties": {"estacao_id": "692393498", "estacoes_no_local": 280, "servico": "023 - SERVIÇO LIMITADO MOVEL PRIVATIVO", "frequencia_mhz": "465.163–466.988", "altura_antena_m": 86.0, "entidade": "DEPARTAMENTO DE POLICIA FEDERAL", "municipio": "São Paulo", "uf": "SP"}, "geometry": {"type": "Point", "coordinates": [-46.7327778, -23.6177222]}},
{"type": "Feature", "id": "geral-692393544", "properties": {"estacao_id": "692393544", "estacoes_no_local": 280, "servico": "023 - SERVIÇO LIMITADO MOVEL PRIVATIVO", "frequencia_mhz": "465.163–466.988", "altura_antena_m": 38.0, "entidade": "DEPARTAMENTO DE POLICIA FEDERAL", "municipio": "São Paulo", "uf": "SP"}, "geometry": {"type": "Point", "coordinates": [-46.7288333, -23.8301944]}},
{"type": "Feature", "id": "geral-692393552", "properties": {"estacao_id": "692393552", "estacoes_no_local": 70, "servico": "023 - SERVIÇO LIMITADO MOVEL PRIVATIVO", "frequencia_mhz": "465.163–466.988", "altura_antena_m": 46.0, "entidade": "DEPARTAMENTO DE POLICIA FEDERAL", "municipio": "São Paulo", "uf": "SP"}, "geometry": {"type": "Point", "coordinates": [-46.6593611, -23.6315556]}},
{"type": "Feature", "id": "geral-692393560", "properties": {"estacao_id": "692393560", "estacoes_no_local": 280, "servico": "023 - SERVIÇO LIMITADO MOVEL PRIVATIVO", "frequencia_mhz": "465.163–466.988", "altura_antena_m": 17.0, "entidade": "DEPARTAMENTO DE POLICIA FEDERAL", "municipio": "São Paulo", "uf": "SP"}, "geometry": {"type": "Point", "coordinates": [-46.6125278, -23.4734444]}},
{"type": "Feature", "id": "geral-692393579", "properties": {"estacao_id": "692393579", "estacoes_no_local": 280, "servico": "023 - SERVIÇO LIMITADO MOVEL PRIVATIVO", "frequencia_mhz": "465.163–466.988", "altura_antena_m": 42.0, "entidade": "DEPARTAMENTO DE POLICIA FEDERAL", "municipio": "São Paulo", "uf": "SP"}, "geometry": {"type": "Point", "coordinates": [-46.4909444, -23.5422778]}},
{"type": "Feature", "id": "geral-692393587", "properties": {"estacao_id": "692393587", "estacoes_no_local": 280, "servico": "023 - SERVIÇO LIMITADO MOVEL PRIVATIVO", "frequencia_mhz": "465.163–466.988", "altura_antena_m": 32.0, "entidade": "DEPARTAMENTO DE POLICIA FEDERAL", "municipio": "São Paulo", "uf": "SP"}, "geometry": {"type": "Point", "coordinates": [-46.7655, -23.4546389]}},
{"type": "Feature", "id": "geral-692393595", "properties": {"estacao_id": "692393595", "estacoes_no_local": 240, "servico": "023 - SERVIÇO LIMITADO MOVEL PRIVATIVO", "frequencia_mhz": "465.163–466.988", "altura_antena_m": 44.0, "entidade": "DEPARTAMENTO DE POLICIA FEDERAL", "municipio": "Itapecerica da Serra", "uf": "SP"}, "geometry": {"type": "Point", "coordinates": [-46.8494889, -23.7147778]}},
{"type": "Feature", "id": "geral-692393609", "properties": {"estacao_id": "692393609", "estacoes_no_local": 70, "servico": "023 - SERVIÇO LIMITADO MOVEL PRIVATIVO", "frequencia_mhz": "465.163–466.988", "altura_antena_m": 42.0, "entidade": "DEPARTAMENTO DE POLICIA FEDERAL", "municipio": "São Paulo", "uf": "SP"}, "geometry": {"type": "Point", "coordinates": [-46.7036389, -23.5108889]}},
{"type": "Feature", "id": "geral-692400508", "properties": {"estacao_id": "692400508", "estacoes_no_local": 240, "servico": "023 - SERVIÇO LIMITADO MOVEL PRIVATIVO", "frequencia_mhz": "465.163–466.988", "altura_antena_m": 57.0, "entidade": "DEPARTAMENTO DE POLICIA FEDERAL", "municipio": "Cubatão", "uf": "SP"}, "geometry": {"type": "Point", "coordinates": [-46.46075, -23.8628889]}},
{"type": "Feature", "id": "geral-692402705", "properties": {"estacao_id": "692402705", "estacoes_no_local": 240, "servico": "023 - SERVIÇO LIMITADO MOVEL PRIVATIVO", "frequencia_mhz": "465.163–466.988", "altura_antena_m": 21.0, "entidade": "DEPARTAMENTO DE POLICIA FEDERAL", "municipio": "Mairiporã", "uf": "SP"}, "geometry": {"type": "Point", "coordinates": [-46.5316389, -23.3616944]}},
{"type": "Feature", "id": "geral-692534342", "properties": {"estacao_id": "692534342", "estacoes_no_local": 280, "servico": "023 - SERVIÇO LIMITADO MOVEL PRIVATIVO", "frequencia_mhz": "465.163–466.988", "altura_antena_m": 61.0, "entidade": "DEPARTAMENTO DE POLICIA FEDERAL", "municipio": "São Paulo", "uf": "SP"}, "geometry": {"type": "Point", "coordinates": [-46.6285833, -23.5590833]}},
{"type": "Feature", "id": "geral-689398026", "properties": {"estacao_id": "689398026", "estacoes_no_local": 10, "servico": "023 - SERVIÇO LIMITADO MOVEL PRIVATIVO", "frequencia_mhz": "465.038–466.637", "altura_antena_m": 22.0, "entidade": "BRIDGESTONE DO BRASIL INDUSTRIA E COMERCIO LTDA", "municipio": "Santo André", "uf": "SP"}, "geometry": {"type": "Point", "coordinates": [-46.5126667, -23.661]}},
{"type": "Feature", "id": "geral-690656068", "properties": {"estacao_id": "690656068", "estacoes_no_local": 6, "servico": "023 - SERVIÇO LIMITADO MOVEL PRIVATIVO", "frequencia_mhz": "866.337–868.85", "altura_antena_m": 35.0, "entidade": "POLICIA MILITAR DO ESTADO DE SÃO PAULO", "municipio": "São Paulo", "uf": "SP"}, "geometry": {"type": "Point", "coordinates": [-46.4319444, -23.6380556]}},
{"type": "Feature", "id": "geral-690656157", "properties": {"estacao_id": "690656157", "estacoes_no_local": 6, "servico": "023 - SERVIÇO LIMITADO MOVEL PRIVATIVO", "frequencia_mhz": "866.4–868.9", "altura_antena_m": 23.0, "entidade": "POLICIA MILITAR DO ESTADO DE SÃO PAULO", "municipio": "São Paulo", "uf": "SP"}, "geometry": {"type": "Point", "coordinates": [-46.6374722, -23.6538056]}},
{"type": "Feature", "id": "geral-690656165", "properties": {"estacao_id": "690656165", "estacoes_no_local": 6, "servico": "023 - SERVIÇO LIMITADO MOVEL PRIVATIVO", "frequencia_mhz": "866.263–868.737", "altura_antena_m": 47.0, "entidade": "POLICIA MILITAR DO ESTADO DE SÃO PAULO", "municipio": "São Paulo", "uf": "SP"}, "geometry": {"type": "Point", "coordinates": [-46.7008611, -23.7018889]}},
{"type": "Feature", "id": "geral-690656190", "properties": {"estacao_id": "690656190", "estacoes_no_local": 6, "servico": "023 - SERVIÇO LIMITADO MOVEL PRIVATIVO", "frequencia_mhz": "866.362–868.875", "altura_antena_m": 43.0, "entidade": "POLICIA MILITAR DO ESTADO DE SÃO PAULO", "municipio": "São Paulo", "uf": "SP"}, "geometry": {"type": "Point", "coordinates": [-46.6356667, -23.5963889]}},
{"type": "Feature", "id": "geral-690656203", "properties": {"estacao_id": "690656203", "estacoes_no_local": 6, "servico": "023 - SERVIÇO LIMITADO MOVEL PRIVATIVO", "frequencia_mhz": "866.388–868.913", "altura_antena_m": 28.0, "entidade": "POLICIA MILITAR DO ESTADO DE SÃO PAULO", "municipio": "São Paulo", "uf": "SP"}, "geometry": {"type": "Point", "coordinates": [-46.7439167, -23.6610556]}},
{"type": "Feature", "id": "geral-690656211", "properties": {"estacao_id": "690656211", "estacoes_no_local": 6, "servico": "023 - SERVIÇO LIMITADO MOVEL PRIVATIVO", "frequencia_mhz": "866.425–868.925", "altura_antena_m": 30.0, "entidade": "POLICIA MILITAR DO ESTADO DE SÃO PAULO", "municipio": "São Paulo", "uf": "SP"}, "geometry": {"type": "Point", "coordinates": [-46.7119583, -23.6008444]}},
{"type": "Feature", "id": "geral-690655967", "properties": {"estacao_id": "690655967", "estacoes_no_local": 6, "servico": "023 - SERVIÇO LIMITADO MOVEL PRIVATIVO", "frequencia_mhz": "866.487–868.987", "altura_antena_m": 43.0, "entidade": "POLICIA MILITAR DO ESTADO DE SÃO PAULO", "municipio": "São Paulo", "uf": "SP"}, "geometry": {"type": "Point", "coordinates": [-46.7661111, -23.4552778]}},
{"type": "Feature", "id": "geral-690656076", "properties": {"estacao_id": "690656076", "estacoes_no_local": 6, "servico": "023 - SERVIÇO LIMITADO MOVEL PRIVATIVO", "frequencia_mhz": "866.325–868.837", "altura_antena_m": 30.0, "entidade": "POLICIA MILITAR DO ESTADO DE SÃO PAULO", "municipio": "São Paulo", "uf": "SP"}, "geometry": {"type": "Point", "coordinates": [-46.6183333, -23.4697222]}},
{"type": "Feature", "id": "geral-690656173", "properties": {"estacao_id": "690656173", "estacoes_no_local": 6, "servico": "023 - SERVIÇO LIMITADO MOVEL PRIVATIVO", "frequencia_mhz": "866.35–868.862", "altura_antena_m": 46.0, "entidade": "POLICIA MILITAR DO ESTADO DE SÃO PAULO", "municipio": "São Paulo", "uf": "SP"}, "geometry": {"type": "Point", "coordinates": [-46.3944444, -23.5052778]}},
{"type": "Feature", "id": "geral-690656114", "properties": {"estacao_id": "690656114", "estacoes_no_local": 12, "servico": "023 - SERVIÇO LIMITADO MOVEL PRIVATIVO", "frequencia_mhz": "866.2–868.95", "altura_antena_m": 38.0, "entidade": "POLICIA MILITAR DO ESTADO DE SÃO PAULO", "municipio": "São Paulo", "uf": "SP"}, "geometry": {"type": "Point", "coordinates": [-46.4836111, -23.5497222]}},
{"type": "Feature", "id": "geral-690656122", "properties": {"estacao_id": "690656122", "estacoes_no_local": 6, "servico": "023 - SERVIÇO LIMITADO MOVEL PRIVATIVO", "frequencia_mhz": "866.475–868.975", "altura_antena_m": 48.0, "entidade": "POLICIA MILITAR DO ESTADO DE SÃO PAULO", "municipio": "São Paulo", "uf": "SP"}, "geometry": {"type": "Point", "coordinates": [-46.5172222, -23.5794444]}},
{"type": "Feature", "id": "geral-699845963", "properties": {"estacao_id": "699845963", "estacoes_no_local": 6, "servico": "023 - SERVIÇO LIMITADO MOVEL PRIVATIVO", "frequencia_mhz": "866.288–868.888", "altura_antena_m": 41.0, "entidade": "POLICIA MILITAR DO ESTADO DE SÃO PAULO", "municipio": "São Paulo", "uf": "SP"}, "geometry": {"type": "Point", "coordinates": [-46.7002667, -23.74925]}},
{"type": "Feature", "id": "geral-1000098190", "properties": {"estacao_id": "1000098190", "estacoes_no_local": 6, "servico": "023 - SERVIÇO LIMITADO MOVEL PRIVATIVO", "frequencia_mhz": "866.125–868.625", "altura_antena_m": 47.0, "entidade": "POLICIA MILITAR DO ESTADO DE SÃO PAULO", "municipio": "São Paulo", "uf": "SP"}, "geometry": {"type": "Point", "coordinates": [-46.7183611, -23.8312222]}},
{"type": "Feature", "id": "geral-1000098211", "properties": {"estacao_id": "1000098211", "estacoes_no_local": 6, "servico": "023 - SERVIÇO LIMITADO MOVEL PRIVATIVO", "frequencia_mhz": "866.15–868.65", "altura_antena_m": 32.0, "entidade": "POLICIA MILITAR DO ESTADO DE SÃO PAULO", "municipio": "São Paulo", "uf": "SP"}, "geometry": {"type": "Point", "coordinates": [-46.4678611, -23.4973056]}},
{"type": "Feature", "id": "geral-1000098220", "properties": {"estacao_id": "1000098220", "estacoes_no_local": 6, "servico": "023 - SERVIÇO LIMITADO MOVEL PRIVATIVO", "frequencia_mhz": "866.175–868.675", "altura_antena_m": 67.0, "entidade": "POLICIA MILITAR DO ESTADO DE SÃO PAULO", "municipio": "São Paulo", "uf": "SP"}, "geometry": {"type": "Point", "coordinates": [-46.6794444, -23.4631528]}},
{"type": "Feature", "id": "geral-1001579698", "properties": {"estacao_id": "1001579698", "estacoes_no_local": 6, "servico": "023 - SERVIÇO LIMITADO MOVEL PRIVATIVO", "frequencia_mhz": "866.225–868.725", "altura_antena_m": 67.0, "entidade": "POLICIA MILITAR DO ESTADO DE SÃO PAULO", "municipio": "São Paulo", "uf": "SP"}, "geometry": {"type": "Point", "coordinates": [-46.7737833, -23.6921417]}},
{"type": "Feature", "id": "geral-1001577881", "properties": {"estacao_id": "1001577881", "estacoes_no_local": 6, "servico": "023 - SERVIÇO LIMITADO MOVEL PRIVATIVO", "frequencia_mhz": "866.237–868.75", "altura_antena_m": 67.0, "entidade": "POLICIA MILITAR DO ESTADO DE SÃO PAULO", "municipio": "São Paulo", "uf": "SP"}, "geometry": {"type": "Point", "coordinates": [-46.5803139, -23.4286583]}},
{"type": "Feature", "id": "geral-1001577849", "properties": {"estacao_id": "1001577849", "estacoes_no_local": 6, "servico": "023 - SERVIÇO LIMITADO MOVEL PRIVATIVO", "frequencia_mhz": "866.188–868.688", "altura_antena_m": 57.0, "entidade": "POLICIA MILITAR DO ESTADO DE SÃO PAULO", "municipio": "São Paulo", "uf": "SP"}, "geometry": {"type": "Point", "coordinates": [-46.5182917, -23.5231583]}},
{"type": "Feature", "id": "geral-1001582680", "properties": {"estacao_id": "1001582680", "estacoes_no_local": 6, "servico": "023 - SERVIÇO LIMITADO MOVEL PRIVATIVO", "frequencia_mhz": "866.25–868.763", "altura_antena_m": 67.0, "entidade": "POLICIA MILITAR DO ESTADO DE SÃO PAULO", "municipio": "São Paulo", "uf": "SP"}, "geometry": {"type": "Point", "coordinates": [-46.5675528, -23.5879944]}},
{"type": "Feature", "id": "geral-1001009883", "properties": {"estacao_id": "1001009883", "estacoes_no_local": 6, "servico": "023 - SERVIÇO LIMITADO MOVEL PRIVATIVO", "frequencia_mhz": "866.275–868.775", "altura_antena_m": 67.0, "entidade": "POLICIA MILITAR DO ESTADO DE SÃO PAULO", "municipio": "São Paulo", "uf": "SP"}, "geometry": {"type": "Point", "coordinates": [-46.406725, -23.5884028]}},
{"type": "Feature", "id": "geral-1001579302", "properties": {"estacao_id": "1001579302", "estacoes_no_local": 6, "servico": "023 - SERVIÇO LIMITADO MOVEL PRIVATIVO", "frequencia_mhz": "866.3–868.8", "altura_antena_m": 67.0, "entidade": "POLICIA MILITAR DO ESTADO DE SÃO PAULO", "municipio": "São Paulo", "uf": "SP"}, "geometry": {"type": "Point", "coordinates": [-46.8058722, -23.5935278]}},
{"type": "Feature", "id": "geral-1010522636", "properties": {"estacao_id": "1010522636", "estacoes_no_local": 25, "servico": "023 - SERVIÇO LIMITADO MOVEL PRIVATIVO", "frequencia_mhz": "703–868.962", "altura_antena_m": 57.0, "entidade": "POLICIA MILITAR DO ESTADO DE SÃO PAULO", "municipio": "São Paulo", "uf": "SP"}, "geometry": {"type": "Point", "coordinates": [-46.6337667, -23.5317722]}},
{"type": "Feature", "id": "geral-1008595575", "properties": {"estacao_id": "1008595575", "estacoes_no_local": 20, "servico": "023 - SERVIÇO LIMITADO MOVEL PRIVATIVO", "frequencia_mhz": "863.513–865.788", "altura_antena_m": 3.4, "entidade": "PETROLEO BRASILEIRO S/A PETROBRAS", "municipio": "São Bernardo do Campo", "uf": "SP"}, "geometry": {"type": "Point", "coordinates": [-46.4699167, -23.8725]}},
{"type": "Feature", "id": "geral-1008593319", "properties": {"estacao_id": "1008593319", "estacoes_no_local": 20, "servico": "023 - SERVIÇO LIMITADO MOVEL PRIVATIVO", "frequencia_mhz": "863.562–865.837", "altura_antena_m": 21.4, "entidade": "PETROLEO BRASILEIRO S/A PETROBRAS", "municipio": "São José dos Campos", "uf": "SP"}, "geometry": {"type": "Point", "coordinates": [-45.8166111, -23.1851389]}},
{"type": "Feature", "id": "geral-1008658690", "properties": {"estacao_id": "1008658690", "estacoes_no_local": 20, "servico": "023 - SERVIÇO LIMITADO MOVEL PRIVATIVO", "frequencia_mhz": "863.638–865.962", "altura_antena_m": 14.5, "entidade": "PETROLEO BRASILEIRO S/A PETROBRAS", "municipio": "Mauá", "uf": "SP"}, "geometry": {"type": "Point", "coordinates": [-46.4749444, -23.6393056]}},
{"type": "Feature", "id": "geral-699467136", "properties": {"estacao_id": "699467136", "estacoes_no_local": 6, "servico": "023 - SERVIÇO LIMITADO MOVEL PRIVATIVO", "frequencia_mhz": "866.075–868.575", "altura_antena_m": 20.0, "entidade": "MINISTERIO DA DEFESA", "municipio": "São Paulo", "uf": "SP"}, "geometry": {"type": "Point", "coordinates": [-46.7666889, -23.4591889]}},
{"type": "Feature", "id": "geral-699473276", "properties": {"estacao_id": "699473276", "estacoes_no_local": 6, "servico": "023 - SERVIÇO LIMITADO MOVEL PRIVATIVO", "frequencia_mhz": "866.087–868.587", "altura_antena_m": 20.0, "entidade": "MINISTERIO DA DEFESA", "municipio": "São Paulo", "uf": "SP"}, "geometry": {"type": "Point", "coordinates": [-46.6147222, -23.5413889]}},
{"type": "Feature", "id": "geral-695347640", "properties": {"estacao_id": "695347640", "estacoes_no_local": 46, "servico": "023 - SERVIÇO LIMITADO MOVEL PRIVATIVO", "frequencia_mhz": "458.05–458.962", "altura_antena_m": 25.0, "entidade": "MUNICIPIO DE GUARUJA", "municipio": "Guarujá", "uf": "SP"}, "geometry": {"type": "Point", "coordinates": [-46.255275, -23.9819]}},
{"type": "Feature", "id": "geral-696148455", "properties": {"estacao_id": "696148455", "estacoes_no_local": 8, "servico": "023 - SERVIÇO LIMITADO MOVEL PRIVATIVO", "frequencia_mhz": "382.575–382.725", "altura_antena_m": 50.0, "entidade": "RUMO MALHA PAULISTA S.A.", "municipio": "Cotia", "uf": "SP"}, "geometry": {"type": "Point", "coordinates": [-47.0075278, -23.71475]}},
{"type": "Feature", "id": "geral-696148587", "properties": {"estacao_id": "696148587", "estacoes_no_local": 8, "servico": "023 - SERVIÇO LIMITADO MOVEL PRIVATIVO", "frequencia_mhz": "382.575–382.725", "altura_antena_m": 50.0, "entidade": "RUMO MALHA PAULISTA S.A.", "municipio": "Itapecerica da Serra", "uf": "SP"}, "geometry": {"type": "Point", "coordinates": [-46.8600278, -23.8021667]}},
{"type": "Feature", "id": "geral-696148757", "properties": {"estacao_id": "696148757", "estacoes_no_local": 10, "servico": "023 - SERVIÇO LIMITADO MOVEL PRIVATIVO", "frequencia_mhz": "382.575–382.775", "altura_antena_m": 70.0, "entidade": "RUMO MALHA PAULISTA S.A.", "municipio": "São Paulo", "uf": "SP"}, "geometry": {"type": "Point", "coordinates": [-46.6465278, -23.9293611]}},
{"type": "Feature", "id": "geral-696148862", "properties": {"estacao_id": "696148862", "estacoes_no_local": 10, "servico": "023 - SERVIÇO LIMITADO MOVEL PRIVATIVO", "frequencia_mhz": "382.575–382.775", "altura_antena_m": 70.0, "entidade": "RUMO MALHA PAULISTA S.A.", "municipio": "São Vicente", "uf": "SP"}, "geometry": {"type": "Point", "coordinates": [-46.5833889, -23.9716667]}},
{"type": "Feature", "id": "geral-696148919", "properties": {"estacao_id": "696148919", "estacoes_no_local": 10, "servico": "023 - SERVIÇO LIMITADO MOVEL PRIVATIVO", "frequencia_mhz": "382.575–382.775", "altura_antena_m": 70.0, "entidade": "RUMO MALHA PAULISTA S.A.", "municipio": "São Bernardo do Campo", "uf": "SP"}, "geometry": {"type": "Point", "coordinates": [-46.5277222, -23.9148611]}},
{"type": "Feature", "id": "geral-696148960", "properties": {"estacao_id": "696148960", "estacoes_no_local": 10, "servico": "023 - SERVIÇO LIMITADO MOVEL PRIVATIVO", "frequencia_mhz": "382.575–382.775", "altura_antena_m": 36.0, "entidade": "RUMO MALHA PAULISTA S.A.", "municipio": "Santos", "uf": "SP"}, "geometry": {"type": "Point", "coordinates": [-46.3412778, -23.9353333]}},
{"type": "Feature", "id": "geral-699029104", "properties": {"estacao_id": "699029104", "estacoes_no_local": 28, "servico": "023 - SERVIÇO LIMITADO MOVEL PRIVATIVO", "frequencia_mhz": "458.275–458.975", "altura_antena_m": 29.0, "entidade": "EMBRAPORT EMPRESA BRASILEIRA DE TERMINAIS PORTUARIOS S/A", "municipio": "Santos", "uf": "SP"}, "geometry": {"type": "Point", "coordinates": [-46.3169694, -23.9204056]}},
{"type": "Feature", "id": "geral-699029147", "properties": {"estacao_id": "699029147", "estacoes_no_local": 16, "servico": "023 - SERVIÇO LIMITADO MOVEL PRIVATIVO", "frequencia_mhz": "458.087–458.887", "altura_antena_m": 20.0, "entidade": "EMBRAPORT EMPRESA BRASILEIRA DE TERMINAIS PORTUARIOS S/A", "municipio": "Santos", "uf": "SP"}, "geometry": {"type": "Point", "coordinates": [-46.3134167, -23.91775]}},
{"type": "Feature", "id": "geral-1005746955", "properties": {"estacao_id": "1005746955", "estacoes_no_local": 8, "servico": "023 - SERVIÇO LIMITADO MOVEL PRIVATIVO", "frequencia_mhz": "458.038–458.775", "altura_antena_m": 23.0, "entidade": "GENERAL MOTORS DO BRASIL LTDA", "municipio": "São José dos Campos", "uf": "SP"}, "geometry": {"type": "Point", "coordinates": [-45.8240611, -23.16795]}},
{"type": "Feature", "id": "geral-1005746980", "properties": {"estacao_id": "1005746980", "estacoes_no_local": 2, "servico": "023 - SERVIÇO LIMITADO MOVEL PRIVATIVO", "frequencia_mhz": "458.163–458.363", "altura_antena_m": 30.0, "entidade": "GENERAL MOTORS DO BRASIL LTDA", "municipio": "Mogi das Cruzes", "uf": "SP"}, "geometry": {"type": "Point", "coordinates": [-46.2570556, -23.4372889]}},
{"type": "Feature", "id": "geral-1005821612", "properties": {"estacao_id": "1005821612", "estacoes_no_local": 10, "servico": "023 - SERVIÇO LIMITADO MOVEL PRIVATIVO", "frequencia_mhz": "458.012–458.913", "altura_antena_m": 38.0, "entidade": "GENERAL MOTORS DO BRASIL LTDA", "municipio": "São Caetano do Sul", "uf": "SP"}, "geometry": {"type": "Point", "coordinates": [-46.5587, -23.6135278]}},
{"type": "Feature", "id": "geral-699851009", "properties": {"estacao_id": "699851009", "estacoes_no_local": 4, "servico": "023 - SERVIÇO LIMITADO MOVEL PRIVATIVO", "frequencia_mhz": "382.725–383.475", "altura_antena_m": 8.0, "entidade": "BRASKEM S/A", "municipio": "Cubatão", "uf": "SP"}, "geometry": {"type": "Point", "coordinates": [-46.4163417, -23.856775]}},
{"type": "Feature", "id": "geral-699851025", "properties": {"estacao_id": "699851025", "estacoes_no_local": 8, "servico": "023 - SERVIÇO LIMITADO MOVEL PRIVATIVO", "frequencia_mhz": "382.7–384.45", "altura_antena_m": 40.0, "entidade": "BRASKEM S/A", "municipio": "Santo André", "uf": "SP"}, "geometry": {"type": "Point", "coordinates": [-46.4873639, -23.6424639]}},
{"type": "Feature", "id": "geral-1000466733", "properties": {"estacao_id": "1000466733", "estacoes_no_local": 1, "servico": "023 - SERVIÇO LIMITADO MOVEL PRIVATIVO", "frequencia_mhz": "382.6", "altura_antena_m": 25.0, "entidade": "EMPRESA METROP DE TRANSP URBANOS DE S PAULO S/A EMTU/SP", "municipio": "Santos", "uf": "SP"}, "geometry": {"type": "Point", "coordinates": [-46.3138972, -23.9550972]}},
{"type": "Feature", "id": "geral-1000466768", "properties": {"estacao_id": "1000466768", "estacoes_no_local": 1, "servico": "023 - SERVIÇO LIMITADO MOVEL PRIVATIVO", "frequencia_mhz": "383.175", "altura_antena_m": 27.0, "entidade": "EMPRESA METROP DE TRANSP URBANOS DE S PAULO S/A EMTU/SP", "municipio": "Santos", "uf": "SP"}, "geometry": {"type": "Point", "coordinates": [-46.3520611, -23.9656917]}},
{"type": "Feature", "id": "geral-1000466741", "properties": {"estacao_id": "1000466741", "estacoes_no_local": 1, "servico": "023 - SERVIÇO LIMITADO MOVEL PRIVATIVO", "frequencia_mhz": "382.875", "altura_antena_m": 15.0, "entidade": "EMPRESA METROP DE TRANSP URBANOS DE S PAULO S/A EMTU/SP", "municipio": "São Vicente", "uf": "SP"}, "geometry": {"type": "Point", "coordinates": [-46.3331806, -23.9346167]}},
{"type": "Feature", "id": "geral-1000466750", "properties": {"estacao_id": "1000466750", "estacoes_no_local": 2, "servico": "023 - SERVIÇO LIMITADO MOVEL PRIVATIVO", "frequencia_mhz": "382.875–383.475", "altura_antena_m": 30.0, "entidade": "EMPRESA METROP DE TRANSP URBANOS DE S PAULO S/A EMTU/SP", "municipio": "São Vicente", "uf": "SP"}, "geometry": {"type": "Point", "coordinates": [-46.4104167, -23.9608417]}},
{"type": "Feature", "id": "geral-1004964401", "properties": {"estacao_id": "1004964401", "estacoes_no_local": 1, "servico": "023 - SERVIÇO LIMITADO MOVEL PRIVATIVO", "frequencia_mhz": "458.163", "altura_antena_m": 5.0, "entidade": "ULTRAFERTIL SA", "municipio": "Santos", "uf": "SP"}, "geometry": {"type": "Point", "coordinates": [-46.3670444, -23.8748861]}},
{"type": "Feature", "id": "geral-1004964410", "properties": {"estacao_id": "1004964410", "estacoes_no_local": 1, "servico": "023 - SERVIÇO LIMITADO MOVEL PRIVATIVO", "frequencia_mhz": "458.2", "altura_antena_m": 5.0, "entidade": "ULTRAFERTIL SA", "municipio": "Santos", "uf": "SP"}, "geometry": {"type": "Point", "coordinates": [-46.3670194, -23.8755222]}},
{"type": "Feature", "id": "geral-1004964428", "properties": {"estacao_id": "1004964428", "estacoes_no_local": 1, "servico": "023 - SERVIÇO LIMITADO MOVEL PRIVATIVO", "frequencia_mhz": "458.363", "altura_antena_m": 5.0, "entidade": "ULTRAFERTIL SA", "municipio": "Santos", "uf": "SP"}, "geometry": {"type": "Point", "coordinates": [-46.3670417, -23.8764667]}},
{"type": "Feature", "id": "geral-1004964436", "properties": {"estacao_id": "1004964436", "estacoes_no_local": 3, "servico": "023 - SERVIÇO LIMITADO MOVEL PRIVATIVO", "frequencia_mhz": "458.375–458.587", "altura_antena_m": 15.0, "entidade": "ULTRAFERTIL SA", "municipio": "Santos", "uf": "SP"}, "geometry": {"type": "Point", "coordinates": [-46.3682889, -23.8811111]}},
{"type": "Feature", "id": "geral-1004964746", "properties": {"estacao_id": "1004964746", "estacoes_no_local": 3, "servico": "023 - SERVIÇO LIMITADO MOVEL PRIVATIVO", "frequencia_mhz": "458.113–458.812", "altura_antena_m": 42.0, "entidade": "ULTRAFERTIL SA", "municipio": "Santos", "uf": "SP"}, "geometry": {"type": "Point", "coordinates": [-46.36925, -23.8732444]}},
{"type": "Feature", "id": "geral-1004965106", "properties": {"estacao_id": "1004965106", "estacoes_no_local": 1, "servico": "023 - SERVIÇO LIMITADO MOVEL PRIVATIVO", "frequencia_mhz": "458.137", "altura_antena_m": 5.0, "entidade": "ULTRAFERTIL SA", "municipio": "Santos", "uf": "SP"}, "geometry": {"type": "Point", "coordinates": [-46.3670333, -23.8742306]}},
{"type": "Feature", "id": "geral-1006063177", "properties": {"estacao_id": "1006063177", "estacoes_no_local": 5, "servico": "023 - SERVIÇO LIMITADO MOVEL PRIVATIVO", "frequencia_mhz": "458.2–458.462", "altura_antena_m": 20.0, "entidade": "MUNICIPIO DE MAUÁ", "municipio": "Mauá", "uf": "SP"}, "geometry": {"type": "Point", "coordinates": [-46.44065, -23.6601222]}},
{"type": "Feature", "id": "geral-1006063223", "properties": {"estacao_id": "1006063223", "estacoes_no_local": 5, "servico": "023 - SERVIÇO LIMITADO MOVEL PRIVATIVO", "frequencia_mhz": "458.538–458.988", "altura_antena_m": 20.0, "entidade": "MUNICIPIO DE MAUÁ", "municipio": "Mauá", "uf": "SP"}, "geometry": {"type": "Point", "coordinates": [-46.4233333, -23.6469361]}},
{"type": "Feature", "id": "geral-1005211431", "properties": {"estacao_id": "1005211431", "estacoes_no_local": 30, "servico": "023 - SERVIÇO LIMITADO MOVEL PRIVATIVO", "frequencia_mhz": "458.025–458.9", "altura_antena_m": 28.0, "entidade": "CLARIANT S.A", "municipio": "Suzano", "uf": "SP"}, "geometry": {"type": "Point", "coordinates": [-46.2897528, -23.5310889]}},
{"type": "Feature", "id": "geral-1005783290", "properties": {"estacao_id": "1005783290", "estacoes_no_local": 20, "servico": "023 - SERVIÇO LIMITADO MOVEL PRIVATIVO", "frequencia_mhz": "458.075–458.738", "altura_antena_m": 51.0, "entidade": "REAL E BENEMERITA ASSOCIACAO PORTUGUESA DE BENEFICENCIA", "municipio": "São Paulo", "uf": "SP"}, "geometry": {"type": "Point", "coordinates": [-46.6424111, -23.56755]}},
{"type": "Feature", "id": "geral-1011684834", "properties": {"estacao_id": "1011684834", "estacoes_no_local": 6, "servico": "023 - SERVIÇO LIMITADO MOVEL PRIVATIVO", "frequencia_mhz": "382.6–383.05", "altura_antena_m": 15.0, "entidade": "BASF SA", "municipio": "Jacareí", "uf": "SP"}, "geometry": {"type": "Point", "coordinates": [-45.9752778, -23.2735028]}},
{"type": "Feature", "id": "geral-1009663515", "properties": {"estacao_id": "1009663515", "estacoes_no_local": 2, "servico": "023 - SERVIÇO LIMITADO MOVEL PRIVATIVO", "frequencia_mhz": "458.475–458.688", "altura_antena_m": 35.0, "entidade": "MUNICIPIO DE GUARULHOS", "municipio": "Guarulhos", "uf": "SP"}, "geometry": {"type": "Point", "coordinates": [-46.4178, -23.4572]}},
{"type": "Feature", "id": "geral-1009663523", "properties": {"estacao_id": "1009663523", "estacoes_no_local": 2, "servico": "023 - SERVIÇO LIMITADO MOVEL PRIVATIVO", "frequencia_mhz": "458.613–458.85", "altura_antena_m": 35.0, "entidade": "MUNICIPIO DE GUARULHOS", "municipio": "Guarulhos", "uf": "SP"}, "geometry": {"type": "Point", "coordinates": [-46.5467, -23.449]}},
{"type": "Feature", "id": "geral-1009663540", "properties": {"estacao_id": "1009663540", "estacoes_no_local": 2, "servico": "023 - SERVIÇO LIMITADO MOVEL PRIVATIVO", "frequencia_mhz": "458.387–458.7", "altura_antena_m": 35.0, "entidade": "MUNICIPIO DE GUARULHOS", "municipio": "Nazaré Paulista", "uf": "SP"}, "geometry": {"type": "Point", "coordinates": [-46.4031, -23.2964]}},
{"type": "Feature", "id": "geral-1010116158", "properties": {"estacao_id": "1010116158", "estacoes_no_local": 7, "servico": "023 - SERVIÇO LIMITADO MOVEL PRIVATIVO", "frequencia_mhz": "458.387–458.938", "altura_antena_m": 10.0, "entidade": "TERMINAL QUIMICO DE ARATU S/A TEQUIMAR", "municipio": "Santos", "uf": "SP"}, "geometry": {"type": "Point", "coordinates": [-46.3582333, -23.9255028]}},
{"type": "Feature", "id": "geral-1010608727", "properties": {"estacao_id": "1010608727", "estacoes_no_local": 3, "servico": "023 - SERVIÇO LIMITADO MOVEL PRIVATIVO", "frequencia_mhz": "383.525", "altura_antena_m": 12.0, "entidade": "CONCESSIONARIA DA LINHA 4 DO METRO DE SAO PAULO S.A.", "municipio": "São Paulo", "uf": "SP"}, "geometry": {"type": "Point", "coordinates": [-46.7386861, -23.5951889]}},
{"type": "Feature", "id": "geral-1010608743", "properties": {"estacao_id": "1010608743", "estacoes_no_local": 6, "servico": "023 - SERVIÇO LIMITADO MOVEL PRIVATIVO", "frequencia_mhz": "383.225–383.475", "altura_antena_m": 12.0, "entidade": "CONCESSIONARIA DA LINHA 4 DO METRO DE SAO PAULO S.A.", "municipio": "São Paulo", "uf": "SP"}, "geometry": {"type": "Point", "coordinates": [-46.7340056, -23.5930083]}},
{"type": "Feature", "id": "geral-1010608751", "properties": {"estacao_id": "1010608751", "estacoes_no_local": 3, "servico": "023 - SERVIÇO LIMITADO MOVEL PRIVATIVO", "frequencia_mhz": "383.425", "altura_antena_m": 12.0, "entidade": "CONCESSIONARIA DA LINHA 4 DO METRO DE SAO PAULO S.A.", "municipio": "São Paulo", "uf": "SP"}, "geometry": {"type": "Point", "coordinates": [-46.7353639, -23.5935694]}},
{"type": "Feature", "id": "geral-1010608760", "properties": {"estacao_id": "1010608760", "estacoes_no_local": 3, "servico": "023 - SERVIÇO LIMITADO MOVEL PRIVATIVO", "frequencia_mhz": "383.7", "altura_antena_m": 12.0, "entidade": "CONCESSIONARIA DA LINHA 4 DO METRO DE SAO PAULO S.A.", "municipio": "São Paulo", "uf": "SP"}, "geometry": {"type": "Point", "coordinates": [-46.7267417, -23.5878417]}},
{"type": "Feature", "id": "geral-1010608778", "properties": {"estacao_id": "1010608778", "estacoes_no_local": 6, "servico": "023 - SERVIÇO LIMITADO MOVEL PRIVATIVO", "frequencia_mhz": "383.525–383.8", "altura_antena_m": 12.0, "entidade": "CONCESSIONARIA DA LINHA 4 DO METRO DE SAO PAULO S.A.", "municipio": "São Paulo", "uf": "SP"}, "geometry": {"type": "Point", "coordinates": [-46.7238667, -23.5860056]}},
{"type": "Feature", "id": "geral-1010608786", "properties": {"estacao_id": "1010608786", "estacoes_no_local": 3, "servico": "023 - SERVIÇO LIMITADO MOVEL PRIVATIVO", "frequencia_mhz": "382.625", "altura_antena_m": 12.0, "entidade": "CONCESSIONARIA DA LINHA 4 DO METRO DE SAO PAULO S.A.", "municipio": "São Paulo", "uf": "SP"}, "geometry": {"type": "Point", "coordinates": [-46.7160139, -23.5839111]}},
{"type": "Feature", "id": "geral-1010608794", "properties": {"estacao_id": "1010608794", "estacoes_no_local": 3, "servico": "023 - SERVIÇO LIMITADO MOVEL PRIVATIVO", "frequencia_mhz": "383.025", "altura_antena_m": 12.0, "entidade": "CONCESSIONARIA DA LINHA 4 DO METRO DE SAO PAULO S.A.", "municipio": "São Paulo", "uf": "SP"}, "geometry": {"type": "Point", "coordinates": [-46.7106833, -23.579275]}},
{"type": "Feature", "id": "geral-1010608808", "properties": {"estacao_id": "1010608808", "estacoes_no_local": 8, "servico": "023 - SERVIÇO LIMITADO MOVEL PRIVATIVO", "frequencia_mhz": "383.225–383.475", "altura_antena_m": 12.0, "entidade": "CONCESSIONARIA DA LINHA 4 DO METRO DE SAO PAULO S.A.", "municipio": "São Paulo", "uf": "SP"}, "geometry": {"type": "Point", "coordinates": [-46.7080361, -23.5717111]}},
{"type": "Feature", "id": "geral-1010608816", "properties": {"estacao_id": "1010608816", "estacoes_no_local": 3, "servico": "023 - SERVIÇO LIMITADO MOVEL PRIVATIVO", "frequencia_mhz": "383.3", "altura_antena_m": 12.0, "entidade": "CONCESSIONARIA DA LINHA 4 DO METRO DE SAO PAULO S.A.", "municipio": "São Paulo", "uf": "SP"}, "geometry": {"type": "Point", "coordinates": [-46.7063361, -23.5697972]}},
{"type": "Feature", "id": "geral-1010608824", "properties": {"estacao_id": "1010608824", "estacoes_no_local": 8, "servico": "023 - SERVIÇO LIMITADO MOVEL PRIVATIVO", "frequencia_mhz": "383.425–383.7", "altura_antena_m": 12.0, "entidade": "CONCESSIONARIA DA LINHA 4 DO METRO DE SAO PAULO S.A.", "municipio": "São Paulo", "uf": "SP"}, "geometry": {"type": "Point", "coordinates": [-46.7017194, -23.5672528]}},
{"type": "Feature", "id": "geral-1010608832", "properties": {"estacao_id": "1010608832", "estacoes_no_local": 3, "servico": "023 - SERVIÇO LIMITADO MOVEL PRIVATIVO", "frequencia_mhz": "383.625", "altura_antena_m": 12.0, "entidade": "CONCESSIONARIA DA LINHA 4 DO METRO DE SAO PAULO S.A.", "municipio": "São Paulo", "uf": "SP"}, "geometry": {"type": "Point", "coordinates": [-46.698275, -23.5669972]}},
{"type": "Feature", "id": "geral-1010608840", "properties": {"estacao_id": "1010608840", "estacoes_no_local": 8, "servico": "023 - SERVIÇO LIMITADO MOVEL PRIVATIVO", "frequencia_mhz": "383.525–383.8", "altura_antena_m": 12.0, "entidade": "CONCESSIONARIA DA LINHA 4 DO METRO DE SAO PAULO S.A.", "municipio": "São Paulo", "uf": "SP"}, "geometry": {"type": "Point", "coordinates": [-46.6941222, -23.5672694]}},
{"type": "Feature", "id": "geral-1010608859", "properties": {"estacao_id": "1010608859", "estacoes_no_local": 3, "servico": "023 - SERVIÇO LIMITADO MOVEL PRIVATIVO", "frequencia_mhz": "382.625", "altura_antena_m": 12.0, "entidade": "CONCESSIONARIA DA LINHA 4 DO METRO DE SAO PAULO S.A.", "municipio": "São Paulo", "uf": "SP"}, "geometry": {"type": "Point", "coordinates": [-46.6895972, -23.5682139]}},
{"type": "Feature", "id": "geral-1010608867", "properties": {"estacao_id": "1010608867", "estacoes_no_local": 6, "servico": "023 - SERVIÇO LIMITADO MOVEL PRIVATIVO", "frequencia_mhz": "383.225–383.475", "altura_antena_m": 12.0, "entidade": "CONCESSIONARIA DA LINHA 4 DO METRO DE SAO PAULO S.A.", "municipio": "São Paulo", "uf": "SP"}, "geometry": {"type": "Point", "coordinates": [-46.7007222, -23.5664194]}},
{"type": "Feature", "id": "geral-1010608875", "properties": {"estacao_id": "1010608875", "estacoes_no_local": 3, "servico": "023 - SERVIÇO LIMITADO MOVEL PRIVATIVO", "frequencia_mhz": "383.025", "altura_antena_m": 12.0, "entidade": "CONCESSIONARIA DA LINHA 4 DO METRO DE SAO PAULO S.A.", "municipio": "São Paulo", "uf": "SP"}, "geometry": {"type": "Point", "coordinates": [-46.6757917, -23.5631]}},
{"type": "Feature", "id": "geral-1010608891", "properties": {"estacao_id": "1010608891", "estacoes_no_local": 3, "servico": "023 - SERVIÇO LIMITADO MOVEL PRIVATIVO", "frequencia_mhz": "383.425", "altura_antena_m": 12.0, "entidade": "CONCESSIONARIA DA LINHA 4 DO METRO DE SAO PAULO S.A.", "municipio": "São Paulo", "uf": "SP"}, "geometry": {"type": "Point", "coordinates": [-46.6667667, -23.5573361]}},
{"type": "Feature", "id": "geral-1010608905", "properties": {"estacao_id": "1010608905", "estacoes_no_local": 8, "servico": "023 - SERVIÇO LIMITADO MOVEL PRIVATIVO", "frequencia_mhz": "383.525–383.8", "altura_antena_m": 12.0, "entidade": "CONCESSIONARIA DA LINHA 4 DO METRO DE SAO PAULO S.A.", "municipio": "São Paulo", "uf": "SP"}, "geometry": {"type": "Point", "coordinates": [-46.6622667, -23.5549472]}},
{"type": "Feature", "id": "geral-1010608913", "properties": {"estacao_id": "1010608913", "estacoes_no_local": 3, "servico": "023 - SERVIÇO LIMITADO MOVEL PRIVATIVO", "frequencia_mhz": "383.7", "altura_antena_m": 12.0, "entidade": "CONCESSIONARIA DA LINHA 4 DO METRO DE SAO PAULO S.A.", "municipio": "São Paulo", "uf": "SP"}, "geometry": {"type": "Point", "coordinates": [-46.6578611, -23.5522167]}},
{"type": "Feature", "id": "geral-1010608921", "properties": {"estacao_id": "1010608921", "estacoes_no_local": 8, "servico": "023 - SERVIÇO LIMITADO MOVEL PRIVATIVO", "frequencia_mhz": "382.625–383.025", "altura_antena_m": 12.0, "entidade": "CONCESSIONARIA DA LINHA 4 DO METRO DE SAO PAULO S.A.", "municipio": "São Paulo", "uf": "SP"}, "geometry": {"type": "Point", "coordinates": [-46.6522556, -23.5489694]}},
{"type": "Feature", "id": "geral-1010608930", "properties": {"estacao_id": "1010608930", "estacoes_no_local": 3, "servico": "023 - SERVIÇO LIMITADO MOVEL PRIVATIVO", "frequencia_mhz": "383.225", "altura_antena_m": 12.0, "entidade": "CONCESSIONARIA DA LINHA 4 DO METRO DE SAO PAULO S.A.", "municipio": "São Paulo", "uf": "SP"}, "geometry": {"type": "Point", "coordinates": [-46.6474306, -23.5476333]}},
{"type": "Feature", "id": "geral-1010608948", "properties": {"estacao_id": "1010608948", "estacoes_no_local": 6, "servico": "023 - SERVIÇO LIMITADO MOVEL PRIVATIVO", "frequencia_mhz": "383.3–383.625", "altura_antena_m": 12.0, "entidade": "CONCESSIONARIA DA LINHA 4 DO METRO DE SAO PAULO S.A.", "municipio": "São Paulo", "uf": "SP"}, "geometry": {"type": "Point", "coordinates": [-46.6438972, -23.5435083]}},
{"type": "Feature", "id": "geral-1010608956", "properties": {"estacao_id": "1010608956", "estacoes_no_local": 3, "servico": "023 - SERVIÇO LIMITADO MOVEL PRIVATIVO", "frequencia_mhz": "383.475", "altura_antena_m": 12.0, "entidade": "CONCESSIONARIA DA LINHA 4 DO METRO DE SAO PAULO S.A.", "municipio": "São Paulo", "uf": "SP"}, "geometry": {"type": "Point", "coordinates": [-46.6382222, -23.5409583]}},
{"type": "Feature", "id": "geral-1010608964", "properties": {"estacao_id": "1010608964", "estacoes_no_local": 8, "servico": "023 - SERVIÇO LIMITADO MOVEL PRIVATIVO", "frequencia_mhz": "383.425–383.7", "altura_antena_m": 12.0, "entidade": "CONCESSIONARIA DA LINHA 4 DO METRO DE SAO PAULO S.A.", "municipio": "São Paulo", "uf": "SP"}, "geometry": {"type": "Point", "coordinates": [-46.6353722, -23.536175]}},
{"type": "Feature", "id": "geral-1010608972", "properties": {"estacao_id": "1010608972", "estacoes_no_local": 3, "servico": "023 - SERVIÇO LIMITADO MOVEL PRIVATIVO", "frequencia_mhz": "383.525", "altura_antena_m": 12.0, "entidade": "CONCESSIONARIA DA LINHA 4 DO METRO DE SAO PAULO S.A.", "municipio": "São Paulo", "uf": "SP"}, "geometry": {"type": "Point", "coordinates": [-46.6322472, -23.53255]}},
{"type": "Feature", "id": "geral-1012064007", "properties": {"estacao_id": "1012064007", "estacoes_no_local": 3, "servico": "023 - SERVIÇO LIMITADO MOVEL PRIVATIVO", "frequencia_mhz": "383.175–383.825", "altura_antena_m": 10.0, "entidade": "BASF S.A", "municipio": "São Bernardo do Campo", "uf": "SP"}, "geometry": {"type": "Point", "coordinates": [-46.5605556, -23.7486667]}},
{"type": "Feature", "id": "geral-1010242307", "properties": {"estacao_id": "1010242307", "estacoes_no_local": 8, "servico": "034 - SERVIÇO SLMP PRESTADO A DETERMINADOS GRUPOS DE USUARIOS", "frequencia_mhz": "368.938–368.988", "altura_antena_m": 30.0, "entidade": "ABIX TELECOM LTDA", "municipio": "Mauá", "uf": "SP"}, "geometry": {"type": "Point", "coordinates": [-46.472325, -23.6433444]}},
{"type": "Feature", "id": "geral-1004043802", "properties": {"estacao_id": "1004043802", "estacoes_no_local": 10, "servico": "034 - SERVIÇO SLMP PRESTADO A DETERMINADOS GRUPOS DE USUARIOS", "frequencia_mhz": "863.663–865.888", "altura_antena_m": 45.0, "entidade": "KOFRE REPRESENTACAO E COMERCIO DE TELECOMUNICACOES LTDA", "municipio": "São José dos Campos", "uf": "SP"}, "geometry": {"type": "Point", "coordinates": [-45.8361917, -23.1717111]}},
{"type": "Feature", "id": "geral-688188230", "properties": {"estacao_id": "688188230", "estacoes_no_local": 40, "servico": "020 - SERVIÇO MOVEL ESPECIALIZADO", "frequencia_mhz": "863.663–865.987", "altura_antena_m": 12.0, "entidade": "TGD-TELEGLOBAL DIGITAL S.A", "municipio": "Santos", "uf": "SP"}, "geometry": {"type": "Point", "coordinates": [-46.3308333, -23.9375]}},
{"type": "Feature", "id": "geral-690874804", "properties": {"estacao_id": "690874804", "estacoes_no_local": 320, "servico": "020 - SERVIÇO MOVEL ESPECIALIZADO", "frequencia_mhz": "863.663–865.987", "altura_antena_m": 32.0, "entidade": "TGD-TELEGLOBAL DIGITAL S.A", "municipio": "Cubatão", "uf": "SP"}, "geometry": {"type": "Point", "coordinates": [-46.47, -23.8725]}},
{"type": "Feature", "id": "geral-688195873", "properties": {"estacao_id": "688195873", "estacoes_no_local": 5, "servico": "020 - SERVIÇO MOVEL ESPECIALIZADO", "frequencia_mhz": "864.913–865.987", "altura_antena_m": 22.0, "entidade": "TGD-TELEGLOBAL DIGITAL S.A", "municipio": "Guarujá", "uf": "SP"}, "geometry": {"type": "Point", "coordinates": [-46.2547222, -23.9827778]}},
{"type": "Feature", "id": "geral-688216510", "properties": {"estacao_id": "688216510", "estacoes_no_local": 40, "servico": "020 - SERVIÇO MOVEL ESPECIALIZADO", "frequencia_mhz": "863.663–865.987", "altura_antena_m": 52.0, "entidade": "TGD-TELEGLOBAL DIGITAL S.A", "municipio": "São José dos Campos", "uf": "SP"}, "geometry": {"type": "Point", "coordinates": [-45.9122222, -23.16]}},
{"type": "Feature", "id": "geral-689735030", "properties": {"estacao_id": "689735030", "estacoes_no_local": 7, "servico": "020 - SERVIÇO MOVEL ESPECIALIZADO", "frequencia_mhz": "863.737–865.237", "altura_antena_m": 20.0, "entidade": "TGD-TELEGLOBAL DIGITAL S.A", "municipio": "Cubatão", "uf": "SP"}, "geometry": {"type": "Point", "coordinates": [-46.4338889, -23.8755556]}},
{"type": "Feature", "id": "geral-3377741", "properties": {"estacao_id": "3377741", "estacoes_no_local": 40, "servico": "020 - SERVIÇO MOVEL ESPECIALIZADO", "frequencia_mhz": "858.513–860.763", "altura_antena_m": 111.0, "entidade": "COMTRAC ELETRONICA EIRELI", "municipio": "São Paulo", "uf": "SP"}, "geometry": {"type": "Point", "coordinates": [-46.6666667, -23.5552778]}},
{"type": "Feature", "id": "geral-690770120", "properties": {"estacao_id": "690770120", "estacoes_no_local": 38, "servico": "020 - SERVIÇO MOVEL ESPECIALIZADO", "frequencia_mhz": "856.013–858.337", "altura_antena_m": 32.0, "entidade": "VERTIX EQUIPAMENTOS E SERVICOS DE AUDIO LTDA", "municipio": "São José dos Campos", "uf": "SP"}, "geometry": {"type": "Point", "coordinates": [-45.8164889, -23.1851639]}}
]}
