{"type":"FeatureCollection","features":[
{"type": "Feature", "id": "srd-57dbaada9f1a6", "properties": {"estacao_id": "57dbaada9f1a6", "estacoes_no_local": 1, "servico": "TVA", "canal": "33", "frequencia_mhz": "587", "classe": "E", "altura_antena_m": 140.0, "entidade": "TV PELICANO S/A", "municipio": "São Paulo", "uf": "SP", "status": "Canal TVA"}, "geometry": {"type": "Point", "coordinates": [-46.644097, -23.570739]}},
{"type": "Feature", "id": "srd-57dbaadaa3535", "properties": {"estacao_id": "57dbaadaa3535", "estacoes_no_local": 1, "servico": "TVA", "canal": "30", "frequencia_mhz": "569", "classe": "E", "altura_antena_m": 82.9, "entidade": "BOA VENTURA EMPRESA DE SERVICO DE ACESSO CONDICIONADO LTDA", "municipio": "São Paulo", "uf": "SP", "status": "Canal TVA"}, "geometry": {"type": "Point", "coordinates": [-46.6818056, -23.5448056]}},
{"type": "Feature", "id": "srd-57dbaadaa80f3", "properties": {"estacao_id": "57dbaadaa80f3", "estacoes_no_local": 10, "servico": "FM/GTVD/RTVD/TVA", "canal": "20/21/23/241/26/35/43/44/45/46", "frequencia_mhz": "96.1–665", "classe": "A/C/E/E2", "altura_antena_m": 186.2, "entidade": "FUNDACAO ASSISTENCIAL, EDUCACIONAL E CULTURAL AUDIO", "municipio": "São Paulo", "uf": "SP", "status": "Canal Licenciado/Canal Out. - Aguardando Dados da Estação/Canal TVA"}, "geometry": {"type": "Point", "coordinates": [-46.6644444, -23.5547222]}},
{"type": "Feature", "id": "srd-57dbab827e5f1", "properties": {"estacao_id": "57dbab827e5f1", "estacoes_no_local": 6, "servico": "GTVD/RTVD", "canal": "14/17/19/35/43/9", "frequencia_mhz": "189–647", "classe": "A/B/C", "altura_antena_m": 54.8, "entidade": "CANAL BRASILEIRO DA INFORMACAO CBI LTDA", "municipio": "Jundiaí", "uf": "SP", "status": "Canal Licenciado/Canal pendente de outorga"}, "geometry": {"type": "Point", "coordinates": [-46.8725, -23.1666667]}},
{"type": "Feature", "id": "srd-57dbab8284ee9", "properties": {"estacao_id": "57dbab8284ee9", "estacoes_no_local": 1, "servico": "RTVD", "canal": "16", "frequencia_mhz": "485", "classe": "B", "altura_antena_m": 50.0, "entidade": "RADIO E TELEVISAO BANDEIRANTES SA", "municipio": "Jundiaí", "uf": "SP", "status": "Canal Licenciado"}, "geometry": {"type": "Point", "coordinates": [-46.8738889, -23.1679722]}},
{"type": "Feature", "id": "srd-57dbab828b765", "properties": {"estacao_id": "57dbab828b765", "estacoes_no_local": 1, "servico": "RTVD", "canal": "24", "frequencia_mhz": "533", "classe": "B", "altura_antena_m": 53.5, "entidade": "FUNDACAO PADRE ANCHIETA CENTRO PAULISTA DE RADIO E TV EDUCATIVAS", "municipio": "Jundiaí", "uf": "SP", "status": "Canal Licenciado"}, "geometry": {"type": "Point", "coordinates": [-46.8737778, -23.1681111]}},
{"type": "Feature", "id": "srd-57dbab83713dd", "properties": {"estacao_id": "57dbab83713dd", "estacoes_no_local": 3, "servico": "FM/RTVD", "canal": "295/34/36", "frequencia_mhz": "106.9–605", "classe": "A/C/E3", "altura_antena_m": 35.5, "entidade": "OMEGA RADIODIFUSAO LTDA - EPP", "municipio": "Mogi das Cruzes", "uf": "SP", "status": "Canal Licenciado"}, "geometry": {"type": "Point", "coordinates": [-46.20111, -23.48194]}},
{"type": "Feature", "id": "srd-57dbab837a004", "properties": {"estacao_id": "57dbab837a004", "estacoes_no_local": 1, "servico": "GTVD", "canal": "19", "frequencia_mhz": "503", "classe": "A", "altura_antena_m": 64.0, "entidade": "RADIO E TELEVISAO DIARIO DE MOGI LTDA", "municipio": "Mogi das Cruzes", "uf": "SP", "status": "Canal Licenciado"}, "geometry": {"type": "Point", "coordinates": [-46.2008333, -23.4819444]}},
{"type": "Feature", "id": "srd-57dbab83c9cb8", "properties": {"estacao_id": "57dbab83c9cb8", "estacoes_no_local": 2, "servico": "FM/RTVD", "canal": "14/235", "frequencia_mhz": "94.9–473", "classe": "A/B1", "altura_antena_m": 92.0, "entidade": "CABLE-LINK OPERADORA DE SINAIS DE TV A CABO LTDA", "municipio": "São José dos Campos", "uf": "SP", "status": "Canal Licenciado"}, "geometry": {"type": "Point", "coordinates": [-45.72467, -23.24053]}},
{"type": "Feature", "id": "srd-57dbab8414c05", "properties": {"estacao_id": "57dbab8414c05", "estacoes_no_local": 7, "servico": "GTVD/RTVD", "canal": "16/21/26/27/33/40/43", "frequencia_mhz": "485–647", "classe": "A/B/C", "altura_antena_m": 95.7, "entidade": "FUNDACAO JOAO PAULO II", "municipio": "São José dos Campos", "uf": "SP", "status": "Canal Licenciado"}, "geometry": {"type": "Point", "coordinates": [-45.9063889, -23.1530556]}},
{"type": "Feature", "id": "srd-57dbab8416a0d", "properties": {"estacao_id": "57dbab8416a0d", "estacoes_no_local": 1, "servico": "RTVD", "canal": "24", "frequencia_mhz": "533", "classe": "B", "altura_antena_m": 38.0, "entidade": "RADIO E TELEVISAO BANDEIRANTES SA", "municipio": "Praia Grande", "uf": "SP", "status": "Canal Licenciado"}, "geometry": {"type": "Point", "coordinates": [-46.3961111, -24.02225]}},
{"type": "Feature", "id": "srd-57dbab845d867", "properties": {"estacao_id": "57dbab845d867", "estacoes_no_local": 5, "servico": "FM/GTVD/RTVD", "canal": "19/20/25/288/42", "frequencia_mhz": "105.5–641", "classe": "A/A1/B", "altura_antena_m": 88.8, "entidade": "ID TV S.A.", "municipio": "Santos", "uf": "SP", "status": "Canal Licenciado/Canal Out. - Aguardando Dados da Estação"}, "geometry": {"type": "Point", "coordinates": [-46.3605556, -23.9627778]}},
{"type": "Feature", "id": "srd-57dbab84731a0", "properties": {"estacao_id": "57dbab84731a0", "estacoes_no_local": 4, "servico": "ECRD/GTVD", "canal": "18/28", "frequencia_mhz": "497–557", "classe": "E", "altura_antena_m": 200.0, "entidade": "GLOBO COMUNICACAO E PARTICIPACOES S. A.", "municipio": "São Paulo", "uf": "SP", "status": "Canal Licenciado"}, "geometry": {"type": "Point", "coordinates": [-46.65, -23.56778]}},
{"type": "Feature", "id": "srd-57dbab847fc14", "properties": {"estacao_id": "57dbab847fc14", "estacoes_no_local": 2, "servico": "ECRD/GTVD", "canal": "28", "frequencia_mhz": "557", "classe": "C/E", "altura_antena_m": 159.5, "entidade": "TVSBT CANAL 4 DE SAO PAULO S/A", "municipio": "São Paulo", "uf": "SP", "status": "Canal Licenciado"}, "geometry": {"type": "Point", "coordinates": [-46.68166, -23.54482]}},
{"type": "Feature", "id": "srd-57dbab84921e8", "properties": {"estacao_id": "57dbab84921e8", "estacoes_no_local": 2, "servico": "RTVD", "canal": "10/32", "frequencia_mhz": "195–581", "classe": "A/E", "altura_antena_m": 119.0, "entidade": "SISTEMA DE COMUNICACAO PANTANAL S/C LTDA", "municipio": "São Paulo", "uf": "SP", "status": "Canal Licenciado"}, "geometry": {"type": "Point", "coordinates": [-46.6594, -23.55925]}},
{"type": "Feature", "id": "srd-57dbab84bf628", "properties": {"estacao_id": "57dbab84bf628", "estacoes_no_local": 2, "servico": "GTVD/RTVD", "canal": "33/35", "frequencia_mhz": "587–599", "classe": "A/E", "altura_antena_m": 53.5, "entidade": "RADIO E TELEVISAO RECORD S.A", "municipio": "Santos", "uf": "SP", "status": "Canal Licenciado"}, "geometry": {"type": "Point", "coordinates": [-46.35278, -23.96]}},
{"type": "Feature", "id": "srd-57dbab84c9ada", "properties": {"estacao_id": "57dbab84c9ada", "estacoes_no_local": 2, "servico": "RTVD", "canal": "45/51", "frequencia_mhz": "659–695", "classe": "A/B", "altura_antena_m": 57.5, "entidade": "EMPRESA DE COMUNICACAO PRM LTDA", "municipio": "São José dos Campos", "uf": "SP", "status": "Canal Licenciado"}, "geometry": {"type": "Point", "coordinates": [-45.9075, -23.15389]}},
{"type": "Feature", "id": "srd-57dbab84d887d", "properties": {"estacao_id": "57dbab84d887d", "estacoes_no_local": 2, "servico": "GTVD", "canal": "16/17", "frequencia_mhz": "485–491", "classe": "E", "altura_antena_m": 193.0, "entidade": "FUNDACAO CASPER LIBERO", "municipio": "Osasco", "uf": "SP", "status": "Canal Licenciado"}, "geometry": {"type": "Point", "coordinates": [-46.6494444, -23.5658333]}},
{"type": "Feature", "id": "srd-57dbab84dccf5", "properties": {"estacao_id": "57dbab84dccf5", "estacoes_no_local": 2, "servico": "GTVD/RTVD", "canal": "14/15", "frequencia_mhz": "473–479", "classe": "E", "altura_antena_m": 224.7, "entidade": "CABLE-LINK OPERADORA DE SINAIS DE TV A CABO LTDA", "municipio": "São Paulo", "uf": "SP", "status": "Canal Licenciado"}, "geometry": {"type": "Point", "coordinates": [-46.6391667, -23.5722222]}},
{"type": "Feature", "id": "srd-57dbab84e597a", "properties": {"estacao_id": "57dbab84e597a", "estacoes_no_local": 2, "servico": "FM/GTVD", "canal": "192/22", "frequencia_mhz": "86.3–521", "classe": "E/E3", "altura_antena_m": 180.0, "entidade": "FUNDACAO BRASIL 2000", "municipio": "São Paulo", "uf": "SP", "status": "Canal Licenciado"}, "geometry": {"type": "Point", "coordinates": [-46.66575, -23.55567]}},
{"type": "Feature", "id": "srd-57dbab84e9cbc", "properties": {"estacao_id": "57dbab84e9cbc", "estacoes_no_local": 4, "servico": "FM/GTVD", "canal": "24/277/38/39", "frequencia_mhz": "103.3–623", "classe": "E/E2", "altura_antena_m": 155.3, "entidade": "CAMARA DOS DEPUTADOS", "municipio": "São Paulo", "uf": "SP", "status": "Canal Licenciado"}, "geometry": {"type": "Point", "coordinates": [-46.6802778, -23.5488889]}},
{"type": "Feature", "id": "srd-57dbab84ee8b7", "properties": {"estacao_id": "57dbab84ee8b7", "estacoes_no_local": 1, "servico": "GTVD", "canal": "31", "frequencia_mhz": "575", "classe": "E", "altura_antena_m": 138.6, "entidade": "ID TV S.A.", "municipio": "São Paulo", "uf": "SP", "status": "Canal Licenciado"}, "geometry": {"type": "Point", "coordinates": [-46.6816667, -23.5444444]}},
{"type": "Feature", "id": "srd-57dbab84f3011", "properties": {"estacao_id": "57dbab84f3011", "estacoes_no_local": 1, "servico": "GTVD", "canal": "29", "frequencia_mhz": "563", "classe": "E", "altura_antena_m": 133.0, "entidade": "TV OMEGA LTDA", "municipio": "São Paulo", "uf": "SP", "status": "Canal Out. - Aguardando Dados da Estação"}, "geometry": {"type": "Point", "coordinates": [-46.6825, -23.5416667]}},
{"type": "Feature", "id": "srd-57dbab8513e71", "properties": {"estacao_id": "57dbab8513e71", "estacoes_no_local": 4, "servico": "GTVD/RTVD", "canal": "29/36/38/47", "frequencia_mhz": "563–671", "classe": "B/C", "altura_antena_m": 61.4, "entidade": "FUNDACAO FERNANDO EDUARDO LEE", "municipio": "Guarujá", "uf": "SP", "status": "Canal Licenciado"}, "geometry": {"type": "Point", "coordinates": [-46.2547222, -23.9816667]}},
{"type": "Feature", "id": "srd-57dbab85180cb", "properties": {"estacao_id": "57dbab85180cb", "estacoes_no_local": 1, "servico": "RTVD", "canal": "24", "frequencia_mhz": "533", "classe": "A", "altura_antena_m": 67.0, "entidade": "RADIO E TELEVISAO BANDEIRANTES SA", "municipio": "Guarujá", "uf": "SP", "status": "Canal Licenciado"}, "geometry": {"type": "Point", "coordinates": [-46.2559167, -23.9819722]}},
{"type": "Feature", "id": "srd-57dbab934322c", "properties": {"estacao_id": "57dbab934322c", "estacoes_no_local": 1, "servico": "RTVD", "canal": "34", "frequencia_mhz": "593", "classe": "B", "altura_antena_m": 47.0, "entidade": "TELEVISAO INDEPENDENTE DE SAO JOSE DO RIO PRETO LTDA", "municipio": "Jundiaí", "uf": "SP", "status": "Canal Licenciado"}, "geometry": {"type": "Point", "coordinates": [-46.87383, -23.16814]}},
{"type": "Feature", "id": "srd-57dbab93c3857", "properties": {"estacao_id": "57dbab93c3857", "estacoes_no_local": 1, "servico": "RTVD", "canal": "36", "frequencia_mhz": "605", "classe": "B", "altura_antena_m": 30.0, "entidade": "RADIO ELDORADO LTDA", "municipio": "São José dos Campos", "uf": "SP", "status": "Canal Licenciado"}, "geometry": {"type": "Point", "coordinates": [-45.90833, -23.15389]}},
{"type": "Feature", "id": "srd-57dbab93c5b9c", "properties": {"estacao_id": "57dbab93c5b9c", "estacoes_no_local": 1, "servico": "RTVD", "canal": "34", "frequencia_mhz": "593", "classe": "B", "altura_antena_m": 37.5, "entidade": "TELEVISAO INDEPENDENTE DE SAO JOSE DO RIO PRETO LTDA", "municipio": "São José dos Campos", "uf": "SP", "status": "Canal Licenciado"}, "geometry": {"type": "Point", "coordinates": [-45.90774, -23.15371]}},
{"type": "Feature", "id": "srd-57dbab94066d8", "properties": {"estacao_id": "57dbab94066d8", "estacoes_no_local": 1, "servico": "GTVD", "canal": "48", "frequencia_mhz": "677", "classe": "C", "altura_antena_m": 30.0, "entidade": "FUNDACAO CULTURAL ANHANGUERA", "municipio": "Várzea Paulista", "uf": "SP", "status": "Canal Licenciado"}, "geometry": {"type": "Point", "coordinates": [-46.8833333, -23.1633333]}},
{"type": "Feature", "id": "srd-57dbab946ebaa", "properties": {"estacao_id": "57dbab946ebaa", "estacoes_no_local": 1, "servico": "RTVD", "canal": "19", "frequencia_mhz": "503", "classe": "A", "altura_antena_m": 55.0, "entidade": "RADIO E TELEVISAO DIARIO DE MOGI LTDA", "municipio": "Suzano", "uf": "SP", "status": "Canal Licenciado"}, "geometry": {"type": "Point", "coordinates": [-46.3447222, -23.5202778]}},
{"type": "Feature", "id": "srd-57dbab9470da6", "properties": {"estacao_id": "57dbab9470da6", "estacoes_no_local": 1, "servico": "GTVD", "canal": "12", "frequencia_mhz": "207", "classe": "A", "altura_antena_m": 145.0, "entidade": "FUNDACAO ERNESTO BENEDITO DE CAMARGO", "municipio": "Guarulhos", "uf": "SP", "status": "Canal Licenciado"}, "geometry": {"type": "Point", "coordinates": [-46.65944, -23.55917]}},
{"type": "Feature", "id": "srd-57dbab9474efc", "properties": {"estacao_id": "57dbab9474efc", "estacoes_no_local": 1, "servico": "GTVD", "canal": "23", "frequencia_mhz": "527", "classe": "A", "altura_antena_m": 50.0, "entidade": "THATHI TV SANTOS LTDA", "municipio": "Santos", "uf": "SP", "status": "Canal Licenciado"}, "geometry": {"type": "Point", "coordinates": [-46.36228, -23.96431]}},
{"type": "Feature", "id": "srd-57dbab948130f", "properties": {"estacao_id": "57dbab948130f", "estacoes_no_local": 1, "servico": "RTVD", "canal": "21", "frequencia_mhz": "515", "classe": "B", "altura_antena_m": 38.0, "entidade": "FUNDACAO PADRE ANCHIETA CENTRO PAULISTA DE RADIO E TV EDUCATIVAS", "municipio": "Praia Grande", "uf": "SP", "status": "Canal Licenciado"}, "geometry": {"type": "Point", "coordinates": [-46.396, -24.022]}},
{"type": "Feature", "id": "srd-57dbab94aa75b", "properties": {"estacao_id": "57dbab94aa75b", "estacoes_no_local": 6, "servico": "ECRD/FM/GTVD/RTVD", "canal": "13/239/36/39/41/45", "frequencia_mhz": "95.7–659", "classe": "A/A1/B", "altura_antena_m": 62.8, "entidade": "CANAL BRASILEIRO DA INFORMACAO CBI LTDA", "municipio": "Cubatão", "uf": "SP", "status": "Canal Licenciado"}, "geometry": {"type": "Point", "coordinates": [-46.3622222, -23.9641667]}},
{"type": "Feature", "id": "srd-57dbab94d519e", "properties": {"estacao_id": "57dbab94d519e", "estacoes_no_local": 1, "servico": "RTVD", "canal": "15", "frequencia_mhz": "479", "classe": "A", "altura_antena_m": 27.0, "entidade": "TELEVISAO INDEPENDENTE DE SAO JOSE DO RIO PRETO LTDA", "municipio": "Santos", "uf": "SP", "status": "Canal Licenciado"}, "geometry": {"type": "Point", "coordinates": [-46.34193, -23.93549]}},
{"type": "Feature", "id": "srd-57dbab94d9296", "properties": {"estacao_id": "57dbab94d9296", "estacoes_no_local": 1, "servico": "RTVD", "canal": "31", "frequencia_mhz": "575", "classe": "B", "altura_antena_m": 44.0, "entidade": "FUNDACAO CASPER LIBERO", "municipio": "Santos", "uf": "SP", "status": "Canal Licenciado"}, "geometry": {"type": "Point", "coordinates": [-46.2558333, -23.9822222]}},
{"type": "Feature", "id": "srd-57dbab94e602d", "properties": {"estacao_id": "57dbab94e602d", "estacoes_no_local": 1, "servico": "RTVD", "canal": "29", "frequencia_mhz": "563", "classe": "C", "altura_antena_m": 35.0, "entidade": "TV OMEGA LTDA", "municipio": "São José dos Campos", "uf": "SP", "status": "Canal Licenciado"}, "geometry": {"type": "Point", "coordinates": [-45.90778, -23.15361]}},
{"type": "Feature", "id": "srd-57dbab94e83d5", "properties": {"estacao_id": "57dbab94e83d5", "estacoes_no_local": 1, "servico": "RTVD", "canal": "33", "frequencia_mhz": "587", "classe": "C", "altura_antena_m": 37.0, "entidade": "MUNICIPIO DE SAO JOSE DOS CAMPOS", "municipio": "São José dos Campos", "uf": "SP", "status": "Canal Licenciado"}, "geometry": {"type": "Point", "coordinates": [-45.90761, -23.15364]}},
{"type": "Feature", "id": "srd-57dbab94eefbe", "properties": {"estacao_id": "57dbab94eefbe", "estacoes_no_local": 1, "servico": "RTVD", "canal": "50", "frequencia_mhz": "689", "classe": "B", "altura_antena_m": 40.0, "entidade": "FUNDACAO PADRE ANCHIETA CENTRO PAULISTA DE RADIO E TV EDUCATIVAS", "municipio": "São José dos Campos", "uf": "SP", "status": "Canal Licenciado"}, "geometry": {"type": "Point", "coordinates": [-45.90728, -23.15286]}},
{"type": "Feature", "id": "srd-57dbab94f2d62", "properties": {"estacao_id": "57dbab94f2d62", "estacoes_no_local": 1, "servico": "GTVD", "canal": "48", "frequencia_mhz": "677", "classe": "A", "altura_antena_m": 57.5, "entidade": "TELEVISAO BRASIL LTDA", "municipio": "São José dos Campos", "uf": "SP", "status": "Canal Licenciado"}, "geometry": {"type": "Point", "coordinates": [-45.90756, -23.15354]}},
{"type": "Feature", "id": "srd-57dbab950d1c1", "properties": {"estacao_id": "57dbab950d1c1", "estacoes_no_local": 1, "servico": "RTVD", "canal": "18", "frequencia_mhz": "497", "classe": "A", "altura_antena_m": 67.1, "entidade": "SAT SISTEMA A TRIBUNA DE COMUNICACAO-SANTOS LTDA", "municipio": "Guarujá", "uf": "SP", "status": "Canal Licenciado"}, "geometry": {"type": "Point", "coordinates": [-46.2555556, -23.9822222]}},
{"type": "Feature", "id": "srd-57dbab9516278", "properties": {"estacao_id": "57dbab9516278", "estacoes_no_local": 1, "servico": "RTVD", "canal": "29", "frequencia_mhz": "563", "classe": "C", "altura_antena_m": 39.7, "entidade": "TVSBT CANAL 4 DE SAO PAULO S/A", "municipio": "Praia Grande", "uf": "SP", "status": "Canal Licenciado"}, "geometry": {"type": "Point", "coordinates": [-46.41472, -24.00222]}},
{"type": "Feature", "id": "srd-57dbab9552bf4", "properties": {"estacao_id": "57dbab9552bf4", "estacoes_no_local": 3, "servico": "FM/RTVD", "canal": "21/285/46", "frequencia_mhz": "104.9–665", "classe": "A/A4/E", "altura_antena_m": 62.0, "entidade": "EMPRESA DE COMUNICACAO PRM LTDA", "municipio": "Santos", "uf": "SP", "status": "Canal Licenciado"}, "geometry": {"type": "Point", "coordinates": [-46.2558333, -23.9819444]}},
{"type": "Feature", "id": "srd-57dbab955b5cc", "properties": {"estacao_id": "57dbab955b5cc", "estacoes_no_local": 1, "servico": "RTVD", "canal": "47", "frequencia_mhz": "671", "classe": "B", "altura_antena_m": 30.0, "entidade": "TV OMEGA LTDA", "municipio": "Santos", "uf": "SP", "status": "Canal Licenciado"}, "geometry": {"type": "Point", "coordinates": [-46.34194, -23.93528]}},
{"type": "Feature", "id": "srd-57dbab96eb814", "properties": {"estacao_id": "57dbab96eb814", "estacoes_no_local": 1, "servico": "RTVD", "canal": "33", "frequencia_mhz": "587", "classe": "B", "altura_antena_m": 31.1, "entidade": "RADIO E TELEVISAO RECORD S.A", "municipio": "Praia Grande", "uf": "SP", "status": "Canal Licenciado"}, "geometry": {"type": "Point", "coordinates": [-46.395, -24.0216667]}},
{"type": "Feature", "id": "srd-57dbab9701f90", "properties": {"estacao_id": "57dbab9701f90", "estacoes_no_local": 1, "servico": "RTVD", "canal": "19", "frequencia_mhz": "503", "classe": "B", "altura_antena_m": 72.0, "entidade": "SAT SISTEMA A TRIBUNA DE COMUNICACAO-SANTOS LTDA", "municipio": "Praia Grande", "uf": "SP", "status": "Canal Licenciado"}, "geometry": {"type": "Point", "coordinates": [-46.4111111, -23.9977778]}},
{"type": "Feature", "id": "srd-57dbab98cbb18", "properties": {"estacao_id": "57dbab98cbb18", "estacoes_no_local": 1, "servico": "RTVD", "canal": "34", "frequencia_mhz": "593", "classe": "E", "altura_antena_m": 150.0, "entidade": "TELEVISAO INDEPENDENTE DE SAO JOSE DO RIO PRETO LTDA", "municipio": "São Paulo", "uf": "SP", "status": "Canal Licenciado"}, "geometry": {"type": "Point", "coordinates": [-46.6605556, -23.5566667]}},
{"type": "Feature", "id": "srd-57dbab9ca05d8", "properties": {"estacao_id": "57dbab9ca05d8", "estacoes_no_local": 5, "servico": "RTVD", "canal": "14/32/34/42/50", "frequencia_mhz": "473–689", "classe": "C", "altura_antena_m": 26.0, "entidade": "CANAL BRASILEIRO DA INFORMACAO CBI LTDA", "municipio": "Guararema", "uf": "SP", "status": "Canal Licenciado"}, "geometry": {"type": "Point", "coordinates": [-46.0283333, -23.4169444]}},
{"type": "Feature", "id": "srd-57dbab9cb1e1c", "properties": {"estacao_id": "57dbab9cb1e1c", "estacoes_no_local": 1, "servico": "RTVD", "canal": "21", "frequencia_mhz": "515", "classe": "C", "altura_antena_m": 13.0, "entidade": "RADIO E TELEVISAO BANDEIRANTES SA", "municipio": "Guararema", "uf": "SP", "status": "Canal Licenciado"}, "geometry": {"type": "Point", "coordinates": [-46.02875, -23.41756]}},
{"type": "Feature", "id": "srd-57dbab9cbccbd", "properties": {"estacao_id": "57dbab9cbccbd", "estacoes_no_local": 1, "servico": "GTVD", "canal": "44", "frequencia_mhz": "653", "classe": "C", "altura_antena_m": 40.0, "entidade": "FUNDACAO SOCIEDADE COMUNICACAO CULTURA E TRABALHO", "municipio": "Mogi das Cruzes", "uf": "SP", "status": "Canal Licenciado"}, "geometry": {"type": "Point", "coordinates": [-46.20408, -23.48406]}},
{"type": "Feature", "id": "srd-57dbab9cee2da", "properties": {"estacao_id": "57dbab9cee2da", "estacoes_no_local": 1, "servico": "RTVD", "canal": "30", "frequencia_mhz": "569", "classe": "B", "altura_antena_m": 46.5, "entidade": "FUND SETORIAL DE RADIODIFUSAO EDUC DE SONS E IMAGENS", "municipio": "São José dos Campos", "uf": "SP", "status": "Canal Licenciado"}, "geometry": {"type": "Point", "coordinates": [-45.90878, -23.15403]}},
{"type": "Feature", "id": "srd-57dbab9d24c4c", "properties": {"estacao_id": "57dbab9d24c4c", "estacoes_no_local": 2, "servico": "FM/GTVD", "canal": "299/49", "frequencia_mhz": "107.7–683", "classe": "A4/B", "altura_antena_m": 48.0, "entidade": "INSTITUTO SUPERIOR DE EDUCACAO SANTA CECILIA", "municipio": "São Vicente", "uf": "SP", "status": "Canal Licenciado"}, "geometry": {"type": "Point", "coordinates": [-46.3625, -23.965]}},
{"type": "Feature", "id": "srd-57dbab9d2b044", "properties": {"estacao_id": "57dbab9d2b044", "estacoes_no_local": 1, "servico": "RTVD", "canal": "15", "frequencia_mhz": "479", "classe": "C", "altura_antena_m": 31.0, "entidade": "TELEVISAO INDEPENDENTE DE SAO JOSE DO RIO PRETO LTDA", "municipio": "Bertioga", "uf": "SP", "status": "Canal Licenciado"}, "geometry": {"type": "Point", "coordinates": [-46.08408, -23.80644]}},
{"type": "Feature", "id": "srd-57dbab9d2f161", "properties": {"estacao_id": "57dbab9d2f161", "estacoes_no_local": 1, "servico": "RTVD", "canal": "19", "frequencia_mhz": "503", "classe": "B", "altura_antena_m": 28.9, "entidade": "SAT SISTEMA A TRIBUNA DE COMUNICACAO-SANTOS LTDA", "municipio": "Bertioga", "uf": "SP", "status": "Canal Licenciado"}, "geometry": {"type": "Point", "coordinates": [-46.1394444, -23.8483333]}},
{"type": "Feature", "id": "srd-57dbab9d3336b", "properties": {"estacao_id": "57dbab9d3336b", "estacoes_no_local": 1, "servico": "GTVD", "canal": "48", "frequencia_mhz": "677", "classe": "A", "altura_antena_m": 30.0, "entidade": "FUNDACAO COSTA NORTE", "municipio": "Bertioga", "uf": "SP", "status": "Canal Licenciado"}, "geometry": {"type": "Point", "coordinates": [-46.1322222, -23.7588889]}},
{"type": "Feature", "id": "srd-57dbab9d6a117", "properties": {"estacao_id": "57dbab9d6a117", "estacoes_no_local": 1, "servico": "GTVD", "canal": "22", "frequencia_mhz": "521", "classe": "C", "altura_antena_m": 19.0, "entidade": "TV PIONEIRA LTDA", "municipio": "Cubatão", "uf": "SP", "status": "Canal Licenciado"}, "geometry": {"type": "Point", "coordinates": [-46.42361, -23.88528]}},
{"type": "Feature", "id": "srd-57dbab9dce8cf", "properties": {"estacao_id": "57dbab9dce8cf", "estacoes_no_local": 1, "servico": "RTVD", "canal": "21", "frequencia_mhz": "515", "classe": "C", "altura_antena_m": 16.0, "entidade": "FUNDACAO PADRE ANCHIETA CENTRO PAULISTA DE RADIO E TV EDUCATIVAS", "municipio": "Juquitiba", "uf": "SP", "status": "Canal Licenciado"}, "geometry": {"type": "Point", "coordinates": [-47.06981, -23.943]}},
{"type": "Feature", "id": "srd-57dbab9dd2c59", "properties": {"estacao_id": "57dbab9dd2c59", "estacoes_no_local": 2, "servico": "FM/RTVD", "canal": "267/45", "frequencia_mhz": "101.3–659", "classe": "B1/C", "altura_antena_m": 36.5, "entidade": "FUNDACAO ECOLOGICA NATUREZA E VIDA", "municipio": "Juquitiba", "uf": "SP", "status": "Canal Licenciado"}, "geometry": {"type": "Point", "coordinates": [-47.0697222, -23.9427778]}},
{"type": "Feature", "id": "srd-57dbab9f78e6e", "properties": {"estacao_id": "57dbab9f78e6e", "estacoes_no_local": 4, "servico": "RTVD", "canal": "20/23/26/45", "frequencia_mhz": "509–659", "classe": "C", "altura_antena_m": 31.6, "entidade": "CANAL BRASILEIRO DA INFORMACAO CBI LTDA", "municipio": "São Roque", "uf": "SP", "status": "Canal Licenciado/Canal pendente de outorga"}, "geometry": {"type": "Point", "coordinates": [-47.1469444, -23.5388889]}},
{"type": "Feature", "id": "srd-57dbab9f81056", "properties": {"estacao_id": "57dbab9f81056", "estacoes_no_local": 1, "servico": "RTVD", "canal": "35", "frequencia_mhz": "599", "classe": "C", "altura_antena_m": 31.0, "entidade": "TVSBT CANAL 4 DE SAO PAULO S/A", "municipio": "São Roque", "uf": "SP", "status": "Canal Licenciado"}, "geometry": {"type": "Point", "coordinates": [-47.14725, -23.53936]}},
{"type": "Feature", "id": "srd-57dbab9f850a3", "properties": {"estacao_id": "57dbab9f850a3", "estacoes_no_local": 1, "servico": "RTVD", "canal": "41", "frequencia_mhz": "635", "classe": "B", "altura_antena_m": 25.0, "entidade": "FUNDACAO PADRE ANCHIETA CENTRO PAULISTA DE RADIO E TV EDUCATIVAS", "municipio": "São Roque", "uf": "SP", "status": "Canal Licenciado"}, "geometry": {"type": "Point", "coordinates": [-47.14725, -23.5394444]}},
{"type": "Feature", "id": "srd-57dbab9f892dc", "properties": {"estacao_id": "57dbab9f892dc", "estacoes_no_local": 1, "servico": "RTVD", "canal": "48", "frequencia_mhz": "677", "classe": "C", "altura_antena_m": 50.0, "entidade": "TV OMEGA LTDA", "municipio": "São Roque", "uf": "SP", "status": "Canal Licenciado"}, "geometry": {"type": "Point", "coordinates": [-47.1475, -23.53944]}},
{"type": "Feature", "id": "srd-57dbaba8178e7", "properties": {"estacao_id": "57dbaba8178e7", "estacoes_no_local": 1, "servico": "RTVD", "canal": "41", "frequencia_mhz": "635", "classe": "C", "altura_antena_m": 30.0, "entidade": "SISTEMA TV PAULISTA LTDA", "municipio": "Arujá", "uf": "SP", "status": "Canal Licenciado"}, "geometry": {"type": "Point", "coordinates": [-46.2941667, -23.3877778]}},
{"type": "Feature", "id": "srd-57dbaba819cf9", "properties": {"estacao_id": "57dbaba819cf9", "estacoes_no_local": 1, "servico": "RTVD", "canal": "23", "frequencia_mhz": "527", "classe": "B", "altura_antena_m": 65.0, "entidade": "RADIO E TELEVISAO BANDEIRANTES SA", "municipio": "Caieiras", "uf": "SP", "status": "Canal Licenciado"}, "geometry": {"type": "Point", "coordinates": [-46.76667, -23.45833]}},
{"type": "Feature", "id": "srd-57dbaba81bed5", "properties": {"estacao_id": "57dbaba81bed5", "estacoes_no_local": 2, "servico": "RTVD", "canal": "24/28", "frequencia_mhz": "533–557", "classe": "C", "altura_antena_m": 23.0, "entidade": "FUNDACAO PADRE ANCHIETA CENTRO PAULISTA DE RADIO E TV EDUCATIVAS", "municipio": "Mairiporã", "uf": "SP", "status": "Canal Licenciado"}, "geometry": {"type": "Point", "coordinates": [-46.5866667, -23.3055556]}},
{"type": "Feature", "id": "srd-57dbaba821ce0", "properties": {"estacao_id": "57dbaba821ce0", "estacoes_no_local": 1, "servico": "RTVD", "canal": "35", "frequencia_mhz": "599", "classe": "A", "altura_antena_m": 30.0, "entidade": "TV DA CIDADE LTDA", "municipio": "São Lourenço da Serra", "uf": "SP", "status": "Canal Licenciado"}, "geometry": {"type": "Point", "coordinates": [-46.89944, -23.82722]}},
{"type": "Feature", "id": "srd-57dbaba8243da", "properties": {"estacao_id": "57dbaba8243da", "estacoes_no_local": 1, "servico": "RTVD", "canal": "41", "frequencia_mhz": "635", "classe": "E", "altura_antena_m": 160.0, "entidade": "FUNDACAO NOSSA SENHORA APARECIDA", "municipio": "São Paulo", "uf": "SP", "status": "Aguardando Ato de RF"}, "geometry": {"type": "Point", "coordinates": [-46.6538889, -23.5630556]}},
{"type": "Feature", "id": "srd-57dbabd0a90fa", "properties": {"estacao_id": "57dbabd0a90fa", "estacoes_no_local": 1, "servico": "GTVD", "canal": "39", "frequencia_mhz": "623", "classe": "C", "altura_antena_m": 32.7, "entidade": "CAMARA DOS DEPUTADOS", "municipio": "Jacareí", "uf": "SP", "status": "Canal Licenciado"}, "geometry": {"type": "Point", "coordinates": [-45.96017, -23.31486]}},
{"type": "Feature", "id": "srd-57dbabd0ab493", "properties": {"estacao_id": "57dbabd0ab493", "estacoes_no_local": 1, "servico": "GTVD", "canal": "45", "frequencia_mhz": "659", "classe": "B", "altura_antena_m": 33.7, "entidade": "CAMARA DOS DEPUTADOS", "municipio": "Jundiaí", "uf": "SP", "status": "Canal Licenciado"}, "geometry": {"type": "Point", "coordinates": [-46.8736111, -23.1680556]}},
{"type": "Feature", "id": "srd-57dbabd0b615c", "properties": {"estacao_id": "57dbabd0b615c", "estacoes_no_local": 1, "servico": "GTVD", "canal": "50", "frequencia_mhz": "689", "classe": "C", "altura_antena_m": 61.0, "entidade": "CAMARA DOS DEPUTADOS", "municipio": "Mogi das Cruzes", "uf": "SP", "status": "Canal Licenciado"}, "geometry": {"type": "Point", "coordinates": [-46.2005556, -23.4777778]}},
{"type": "Feature", "id": "srd-57dbabd245ab5", "properties": {"estacao_id": "57dbabd245ab5", "estacoes_no_local": 2, "servico": "GTVD/RTVD", "canal": "26/38", "frequencia_mhz": "545–617", "classe": "A/C", "entidade": "CAMARA DOS DEPUTADOS", "municipio": "Santos", "uf": "SP", "status": "Canal Out. - Aguardando Dados da Estação/Canal pendente de outorga"}, "geometry": {"type": "Point", "coordinates": [-46.33972, -23.93583]}},
{"type": "Feature", "id": "srd-57dbabd3e68cc", "properties": {"estacao_id": "57dbabd3e68cc", "estacoes_no_local": 1, "servico": "RTVD", "canal": "40", "frequencia_mhz": "629", "classe": "E", "altura_antena_m": 152.0, "entidade": "TELEVISAO CIDADE MODELO LTDA", "municipio": "Santo André", "uf": "SP", "status": "Canal Licenciado"}, "geometry": {"type": "Point", "coordinates": [-46.66541, -23.55536]}},
{"type": "Feature", "id": "srd-57dbabd3ef0ce", "properties": {"estacao_id": "57dbabd3ef0ce", "estacoes_no_local": 1, "servico": "RTVD", "canal": "36", "frequencia_mhz": "605", "classe": "E", "altura_antena_m": 168.0, "entidade": "RADIO ELDORADO LTDA", "municipio": "São Paulo", "uf": "SP", "status": "Canal Licenciado"}, "geometry": {"type": "Point", "coordinates": [-46.65117, -23.56528]}},
{"type": "Feature", "id": "srd-57dbabd3f0e49", "properties": {"estacao_id": "57dbabd3f0e49", "estacoes_no_local": 1, "servico": "RTVD", "canal": "51", "frequencia_mhz": "695", "classe": "A", "altura_antena_m": 138.0, "entidade": "FUNDACAO EVANGELICA BOAS NOVAS", "municipio": "São Paulo", "uf": "SP", "status": "Canal Licenciado"}, "geometry": {"type": "Point", "coordinates": [-46.65111, -23.56528]}},
{"type": "Feature", "id": "srd-57dbabd3f2d8b", "properties": {"estacao_id": "57dbabd3f2d8b", "estacoes_no_local": 3, "servico": "ECRD/GTVD/RTVD", "canal": "211/25/27", "frequencia_mhz": "90.1–551", "classe": "A3/E", "altura_antena_m": 150.0, "entidade": "FUNDACAO EVANGELICA TRINDADE", "municipio": "Suzano", "uf": "SP", "status": "Canal Licenciado"}, "geometry": {"type": "Point", "coordinates": [-46.6636111, -23.5555556]}},
{"type": "Feature", "id": "srd-57dbabeea1024", "properties": {"estacao_id": "57dbabeea1024", "estacoes_no_local": 1, "servico": "GTVD", "canal": "48", "frequencia_mhz": "677", "classe": "A", "altura_antena_m": 130.9, "entidade": "FUNDACAO ISABELA PAOLILLO ROSSI", "municipio": "Barueri", "uf": "SP", "status": "Canal Licenciado"}, "geometry": {"type": "Point", "coordinates": [-46.6816667, -23.5452778]}},
{"type": "Feature", "id": "srd-57dbabfc15ab8", "properties": {"estacao_id": "57dbabfc15ab8", "estacoes_no_local": 1, "servico": "RTVD", "canal": "47", "frequencia_mhz": "671", "classe": "C", "altura_antena_m": 19.0, "entidade": "RADIO E TELEVISAO DIARIO DE MOGI LTDA", "municipio": "Guararema", "uf": "SP", "status": "Canal Licenciado"}, "geometry": {"type": "Point", "coordinates": [-46.02861, -23.4175]}},
{"type": "Feature", "id": "srd-57dbac4563f0a", "properties": {"estacao_id": "57dbac4563f0a", "estacoes_no_local": 2, "servico": "FM", "canal": "251/271", "frequencia_mhz": "98.1–102.1", "classe": "A1/E3", "altura_antena_m": 74.0, "entidade": "KISS TELECOMUNICACOES LTDA", "municipio": "Arujá", "uf": "SP", "status": "Canal Licenciado"}, "geometry": {"type": "Point", "coordinates": [-46.29472, -23.38778]}},
{"type": "Feature", "id": "srd-57dbac45849fc", "properties": {"estacao_id": "57dbac45849fc", "estacoes_no_local": 1, "servico": "FM", "canal": "247", "frequencia_mhz": "97.3", "classe": "A1", "altura_antena_m": 72.0, "entidade": "RADIO DELTA LTDA", "municipio": "Atibaia", "uf": "SP", "status": "Canal Licenciado"}, "geometry": {"type": "Point", "coordinates": [-46.58472, -23.29833]}},
{"type": "Feature", "id": "srd-57dbac461b698", "properties": {"estacao_id": "57dbac461b698", "estacoes_no_local": 3, "servico": "FM/RTVD", "canal": "244/259/40", "frequencia_mhz": "96.7–629", "classe": "A1/A2/C", "altura_antena_m": 45.5, "entidade": "NASCENTE COMUNICACOES LTDA", "municipio": "Bertioga", "uf": "SP", "status": "Canal Licenciado/Canal pendente de outorga"}, "geometry": {"type": "Point", "coordinates": [-46.33944, -23.93583]}},
{"type": "Feature", "id": "srd-57dbac466909b", "properties": {"estacao_id": "57dbac466909b", "estacoes_no_local": 1, "servico": "FM", "canal": "202", "frequencia_mhz": "88.3", "classe": "A3", "altura_antena_m": 74.0, "entidade": "RADIO CAPITAL DO VALE LTDA", "municipio": "Caçapava", "uf": "SP", "status": "Canal Licenciado"}, "geometry": {"type": "Point", "coordinates": [-45.74556, -23.17528]}},
{"type": "Feature", "id": "srd-57dbac47416a7", "properties": {"estacao_id": "57dbac47416a7", "estacoes_no_local": 2, "servico": "FM", "canal": "227/279", "frequencia_mhz": "93.3–103.7", "classe": "A1", "altura_antena_m": 35.9, "entidade": "RADIO DELTA LTDA", "municipio": "Cubatão", "uf": "SP", "status": "Canal Licenciado"}, "geometry": {"type": "Point", "coordinates": [-46.30444, -23.79]}},
{"type": "Feature", "id": "srd-57dbac4745e0d", "properties": {"estacao_id": "57dbac4745e0d", "estacoes_no_local": 1, "servico": "FM", "canal": "279", "frequencia_mhz": "103.7", "classe": "A1", "altura_antena_m": 90.0, "entidade": "SISTEMA TROPICAL DE COMUNICACAO LTDA", "municipio": "Cubatão", "uf": "SP", "status": "Canal Licenciado"}, "geometry": {"type": "Point", "coordinates": [-46.4252778, -23.895]}},
{"type": "Feature", "id": "srd-57dbac474eb0d", "properties": {"estacao_id": "57dbac474eb0d", "estacoes_no_local": 3, "servico": "FM/GTVD", "canal": "237/281/49", "frequencia_mhz": "95.3–683", "classe": "A/A1/E3", "altura_antena_m": 162.0, "entidade": "FUNDACAO ERNESTO BENEDITO DE CAMARGO", "municipio": "Diadema", "uf": "SP", "status": "Canal Licenciado"}, "geometry": {"type": "Point", "coordinates": [-46.66, -23.5577778]}},
{"type": "Feature", "id": "srd-57dbac4753753", "properties": {"estacao_id": "57dbac4753753", "estacoes_no_local": 1, "servico": "FM", "canal": "292", "frequencia_mhz": "106.3", "classe": "E3", "altura_antena_m": 190.2, "entidade": "RADIO SP-UM LTDA", "municipio": "Diadema", "uf": "SP", "status": "Canal Licenciado"}, "geometry": {"type": "Point", "coordinates": [-46.63944, -23.5725]}},
{"type": "Feature", "id": "srd-57dbac480bc7d", "properties": {"estacao_id": "57dbac480bc7d", "estacoes_no_local": 1, "servico": "FM", "canal": "232", "frequencia_mhz": "94.3", "classe": "A1", "altura_antena_m": 47.4, "entidade": "EMPRESA DE COMUNICACAO TRANSCONTINENTAL LTDA - EPP", "municipio": "Guarujá", "uf": "SP", "status": "Canal Licenciado"}, "geometry": {"type": "Point", "coordinates": [-46.3533333, -23.9597222]}},
{"type": "Feature", "id": "srd-57dbac4810965", "properties": {"estacao_id": "57dbac4810965", "estacoes_no_local": 1, "servico": "FM", "canal": "264", "frequencia_mhz": "100.7", "classe": "E3", "altura_antena_m": 52.0, "entidade": "FUNDACAO VIRGINIA FERRAZ", "municipio": "Guarujá", "uf": "SP", "status": "Canal Licenciado"}, "geometry": {"type": "Point", "coordinates": [-46.25528, -23.98222]}},
{"type": "Feature", "id": "srd-57dbac4814e19", "properties": {"estacao_id": "57dbac4814e19", "estacoes_no_local": 1, "servico": "FM", "canal": "267", "frequencia_mhz": "101.3", "classe": "B1", "entidade": "MILTON NEVES PUBLICIDADE LTDA", "municipio": "Guarujá", "uf": "SP", "status": "Canal pendente de outorga"}, "geometry": {"type": "Point", "coordinates": [-46.2563889, -23.9930556]}},
{"type": "Feature", "id": "srd-57dbac487b0c3", "properties": {"estacao_id": "57dbac487b0c3", "estacoes_no_local": 2, "servico": "FM", "canal": "215", "frequencia_mhz": "90.9", "classe": "A4/E1", "altura_antena_m": 162.0, "entidade": "VIP RADIO E TELEVISAO LTDA", "municipio": "Itanhaém", "uf": "SP", "status": "Canal Licenciado"}, "geometry": {"type": "Point", "coordinates": [-46.55583, -23.91194]}},
{"type": "Feature", "id": "srd-57dbac487fab7", "properties": {"estacao_id": "57dbac487fab7", "estacoes_no_local": 3, "servico": "FM", "canal": "219/251/271", "frequencia_mhz": "91.7–102.1", "classe": "A1/B2", "altura_antena_m": 79.2, "entidade": "RADIO FM ILHA DO SOL LTDA.", "municipio": "Itanhaém", "uf": "SP", "status": "Canal Licenciado/Canal Out. - Aguardando Dados da Estação"}, "geometry": {"type": "Point", "coordinates": [-46.3558333, -23.96]}},
{"type": "Feature", "id": "srd-57dbac4885ec7", "properties": {"estacao_id": "57dbac4885ec7", "estacoes_no_local": 1, "servico": "FM", "canal": "289", "frequencia_mhz": "105.7", "classe": "E3", "altura_antena_m": 89.7, "entidade": "RADIO MUSICAL DE SAO PAULO LTDA", "municipio": "Itapecerica da Serra", "uf": "SP", "status": "Canal Licenciado"}, "geometry": {"type": "Point", "coordinates": [-46.6716667, -23.5608333]}},
{"type": "Feature", "id": "srd-57dbac488a91f", "properties": {"estacao_id": "57dbac488a91f", "estacoes_no_local": 1, "servico": "FM", "canal": "300", "frequencia_mhz": "107.9", "classe": "E3", "altura_antena_m": 118.2, "entidade": "TROPICAL RADIODIFUSAO LTDA.ME", "municipio": "Itapecerica da Serra", "uf": "SP", "status": "Canal Out. - Aguardando Dados da Estação"}, "geometry": {"type": "Point", "coordinates": [-46.6952778, -23.5422222]}},
{"type": "Feature", "id": "srd-57dbac48b89cf", "properties": {"estacao_id": "57dbac48b89cf", "estacoes_no_local": 1, "servico": "FM", "canal": "275", "frequencia_mhz": "102.9", "classe": "E1", "altura_antena_m": 60.0, "entidade": "FUNDACAO RANCHARIENSE", "municipio": "Itatiba", "uf": "SP", "status": "Canal Licenciado"}, "geometry": {"type": "Point", "coordinates": [-46.97064, -23.26791]}},
{"type": "Feature", "id": "srd-57dbac48c818d", "properties": {"estacao_id": "57dbac48c818d", "estacoes_no_local": 1, "servico": "FM", "canal": "248", "frequencia_mhz": "97.5", "classe": "A1", "altura_antena_m": 115.0, "entidade": "RADIO CIDADE DE CAMPINAS LTDA", "municipio": "Itu", "uf": "SP", "status": "Canal Licenciado"}, "geometry": {"type": "Point", "coordinates": [-47.04742, -23.23317]}},
{"type": "Feature", "id": "srd-57dbac48e4f0c", "properties": {"estacao_id": "57dbac48e4f0c", "estacoes_no_local": 1, "servico": "FM", "canal": "232", "frequencia_mhz": "94.3", "classe": "A2", "altura_antena_m": 66.0, "entidade": "RADIO MUSICAL FM DO VALE LTDA - EPP", "municipio": "Jacareí", "uf": "SP", "status": "Canal Licenciado"}, "geometry": {"type": "Point", "coordinates": [-45.9219444, -23.2725]}},
{"type": "Feature", "id": "srd-57dbac48ea3b1", "properties": {"estacao_id": "57dbac48ea3b1", "estacoes_no_local": 1, "servico": "FM", "canal": "263", "frequencia_mhz": "100.5", "classe": "E3", "altura_antena_m": 158.0, "entidade": "SOCIEDADE MINEIRA DE RADIODIFUSAO LTDA", "municipio": "Jacareí", "uf": "SP", "status": "Canal Licenciado"}, "geometry": {"type": "Point", "coordinates": [-46.1159167, -23.2458333]}},
{"type": "Feature", "id": "srd-57dbac48eefb2", "properties": {"estacao_id": "57dbac48eefb2", "estacoes_no_local": 1, "servico": "FM", "canal": "291", "frequencia_mhz": "106.1", "classe": "C", "entidade": "FUNDACAO CULTURAL MONTE SIAO", "municipio": "Jacareí", "uf": "SP", "status": "Canal Out. - Aguardando Dados da Estação"}, "geometry": {"type": "Point", "coordinates": [-45.9666667, -23.3]}},
{"type": "Feature", "id": "srd-57dbac4934663", "properties": {"estacao_id": "57dbac4934663", "estacoes_no_local": 1, "servico": "FM", "canal": "211", "frequencia_mhz": "90.1", "classe": "E3", "altura_antena_m": 30.0, "entidade": "FUNDACAO EVANGELICA TRINDADE", "municipio": "Jundiaí", "uf": "SP", "status": "Canal Out. - Aguardando Dados da Estação"}, "geometry": {"type": "Point", "coordinates": [-46.9633333, -23.2680556]}},
{"type": "Feature", "id": "srd-57dbac49399a8", "properties": {"estacao_id": "57dbac49399a8", "estacoes_no_local": 2, "servico": "FM", "canal": "169/239", "frequencia_mhz": "81.7–95.7", "classe": "A1/E2", "altura_antena_m": 90.0, "entidade": "FM MUNDIAL LTDA", "municipio": "Jundiaí", "uf": "SP", "status": "Canal Licenciado"}, "geometry": {"type": "Point", "coordinates": [-46.9705556, -23.2677778]}},
{"type": "Feature", "id": "srd-57dbac493e463", "properties": {"estacao_id": "57dbac493e463", "estacoes_no_local": 1, "servico": "FM", "canal": "282", "frequencia_mhz": "104.3", "classe": "E2", "altura_antena_m": 92.0, "entidade": "RADIO SANTOS DUMONT LTDA - EPP", "municipio": "Jundiaí", "uf": "SP", "status": "Canal Licenciado"}, "geometry": {"type": "Point", "coordinates": [-46.9661111, -23.2680556]}},
{"type": "Feature", "id": "srd-57dbac494370f", "properties": {"estacao_id": "57dbac494370f", "estacoes_no_local": 1, "servico": "FM", "canal": "286", "frequencia_mhz": "105.1", "classe": "E2", "altura_antena_m": 70.0, "entidade": "RADIO 105 FM LTDA", "municipio": "Jundiaí", "uf": "SP", "status": "Canal Licenciado"}, "geometry": {"type": "Point", "coordinates": [-46.9611111, -23.2705556]}},
{"type": "Feature", "id": "srd-57dbac494e307", "properties": {"estacao_id": "57dbac494e307", "estacoes_no_local": 1, "servico": "FM", "canal": "267", "frequencia_mhz": "101.3", "classe": "E3", "altura_antena_m": 80.0, "entidade": "FUNDACAO ECOLOGICA NATUREZA E VIDA", "municipio": "Juquitiba", "uf": "SP", "status": "Canal Licenciado"}, "geometry": {"type": "Point", "coordinates": [-46.98083, -23.80197]}},
{"type": "Feature", "id": "srd-57dbac4a0be72", "properties": {"estacao_id": "57dbac4a0be72", "estacoes_no_local": 1, "servico": "FM", "canal": "203", "frequencia_mhz": "88.5", "classe": "A3", "altura_antena_m": 26.0, "entidade": "RADIO CRUZ DE MALTA LTDA", "municipio": "Mogi das Cruzes", "uf": "SP", "status": "Canal Licenciado"}, "geometry": {"type": "Point", "coordinates": [-46.20028, -23.48056]}},
{"type": "Feature", "id": "srd-57dbac4a109da", "properties": {"estacao_id": "57dbac4a109da", "estacoes_no_local": 2, "servico": "FM", "canal": "172/221", "frequencia_mhz": "82.3–92.1", "classe": "E3", "altura_antena_m": 50.0, "entidade": "RADIO METROPOLITANA PAULISTA LTDA", "municipio": "Mogi das Cruzes", "uf": "SP", "status": "Canal Licenciado"}, "geometry": {"type": "Point", "coordinates": [-46.20111, -23.48222]}},
{"type": "Feature", "id": "srd-57dbac4a160b3", "properties": {"estacao_id": "57dbac4a160b3", "estacoes_no_local": 3, "servico": "ECRD/FM", "canal": "180/24/284", "frequencia_mhz": "83.9–533", "classe": "A/A4/E2", "altura_antena_m": 71.0, "entidade": "FUNDACAO PADRE ANCHIETA CENTRO PAULISTA DE RADIO E TV EDUCATIVAS", "municipio": "Mogi das Cruzes", "uf": "SP", "status": "Canal Licenciado"}, "geometry": {"type": "Point", "coordinates": [-46.20083, -23.48167]}},
{"type": "Feature", "id": "srd-57dbac4a7f8e9", "properties": {"estacao_id": "57dbac4a7f8e9", "estacoes_no_local": 1, "servico": "FM", "canal": "206", "frequencia_mhz": "89.1", "classe": "E3", "altura_antena_m": 118.5, "entidade": "REDE AUTONOMISTA DE RADIODIFUSAO LTDA", "municipio": "Osasco", "uf": "SP", "status": "Canal Licenciado"}, "geometry": {"type": "Point", "coordinates": [-46.64417, -23.57083]}},
{"type": "Feature", "id": "srd-57dbac4a84cec", "properties": {"estacao_id": "57dbac4a84cec", "estacoes_no_local": 4, "servico": "FM", "canal": "156/164/253/269", "frequencia_mhz": "79.1–101.7", "classe": "A3/A4/E3", "altura_antena_m": 167.9, "entidade": "ALPHA FM LTDA", "municipio": "Osasco", "uf": "SP", "status": "Canal Licenciado/Canal Out. - Aguardando Dados da Estação"}, "geometry": {"type": "Point", "coordinates": [-46.66028, -23.5575]}},
{"type": "Feature", "id": "srd-57dbac4b677cf", "properties": {"estacao_id": "57dbac4b677cf", "estacoes_no_local": 1, "servico": "FM", "canal": "242", "frequencia_mhz": "96.3", "classe": "A4", "altura_antena_m": 38.0, "entidade": "FUNDACAO EDUCACIONAL E CULTURAL DE PRAIA GRANDE", "municipio": "Praia Grande", "uf": "SP", "status": "Canal Licenciado"}, "geometry": {"type": "Point", "coordinates": [-46.3966667, -24.0216667]}},
{"type": "Feature", "id": "srd-57dbac4b6ba6b", "properties": {"estacao_id": "57dbac4b6ba6b", "estacoes_no_local": 2, "servico": "FM/RTVD", "canal": "262/50", "frequencia_mhz": "100.3–689", "classe": "B1/C", "altura_antena_m": 75.0, "entidade": "FUNDACAO CULTURAL NOSSA SENHORA DE LOURDES DE MARINGA", "municipio": "Praia Grande", "uf": "SP", "status": "Canal Licenciado"}, "geometry": {"type": "Point", "coordinates": [-46.39611, -24.02167]}},
{"type": "Feature", "id": "srd-57dbac4c1ef93", "properties": {"estacao_id": "57dbac4c1ef93", "estacoes_no_local": 1, "servico": "FM", "canal": "268", "frequencia_mhz": "101.5", "classe": "A3", "altura_antena_m": 63.0, "entidade": "DIARIO DE SUZANO RADIODIFUSAO LTDA", "municipio": "Salesópolis", "uf": "SP", "status": "Canal Licenciado"}, "geometry": {"type": "Point", "coordinates": [-45.86, -23.57806]}},
{"type": "Feature", "id": "srd-57dbac4c3ab92", "properties": {"estacao_id": "57dbac4c3ab92", "estacoes_no_local": 1, "servico": "FM", "canal": "207", "frequencia_mhz": "89.3", "classe": "A4", "altura_antena_m": 34.0, "entidade": "EDCOMUNICACOES LTDA", "municipio": "Santa Branca", "uf": "SP", "status": "Canal Licenciado"}, "geometry": {"type": "Point", "coordinates": [-45.89411, -23.28463]}},
{"type": "Feature", "id": "srd-57dbac4c6dbb1", "properties": {"estacao_id": "57dbac4c6dbb1", "estacoes_no_local": 1, "servico": "FM", "canal": "249", "frequencia_mhz": "97.7", "classe": "E3", "altura_antena_m": 131.0, "entidade": "ENERGIA 97 FM LTDA", "municipio": "Santo André", "uf": "SP", "status": "Canal Licenciado"}, "geometry": {"type": "Point", "coordinates": [-46.65567, -23.56289]}},
{"type": "Feature", "id": "srd-57dbac4c72bc0", "properties": {"estacao_id": "57dbac4c72bc0", "estacoes_no_local": 2, "servico": "FM", "canal": "234/258", "frequencia_mhz": "94.7–99.5", "classe": "E3", "altura_antena_m": 130.4, "entidade": "ANTENA UM RADIODIFUSAO LTDA", "municipio": "Santo André", "uf": "SP", "status": "Canal Licenciado"}, "geometry": {"type": "Point", "coordinates": [-46.6466667, -23.5688889]}},
{"type": "Feature", "id": "srd-57dbac4c8677f", "properties": {"estacao_id": "57dbac4c8677f", "estacoes_no_local": 1, "servico": "FM", "canal": "236", "frequencia_mhz": "95.1", "classe": "A1", "altura_antena_m": 34.0, "entidade": "RADIO SANTOS LTDA", "municipio": "Santos", "uf": "SP", "status": "Canal Licenciado"}, "geometry": {"type": "Point", "coordinates": [-46.34201, -23.93569]}},
{"type": "Feature", "id": "srd-57dbac4c8ab32", "properties": {"estacao_id": "57dbac4c8ab32", "estacoes_no_local": 1, "servico": "FM", "canal": "283", "frequencia_mhz": "104.5", "classe": "A1", "altura_antena_m": 32.8, "entidade": "RADIO GUARUJA PAULISTA LTDA", "municipio": "Santos", "uf": "SP", "status": "Canal Licenciado"}, "geometry": {"type": "Point", "coordinates": [-46.34167, -23.93611]}},
{"type": "Feature", "id": "srd-57dbac4c945ca", "properties": {"estacao_id": "57dbac4c945ca", "estacoes_no_local": 1, "servico": "FM", "canal": "294", "frequencia_mhz": "106.7", "classe": "A1", "altura_antena_m": 48.5, "entidade": "RADIO CULTURA FM SANTOS LTDA", "municipio": "Santos", "uf": "SP", "status": "Canal Licenciado"}, "geometry": {"type": "Point", "coordinates": [-46.3297222, -23.9383333]}},
{"type": "Feature", "id": "srd-57dbac4cec492", "properties": {"estacao_id": "57dbac4cec492", "estacoes_no_local": 1, "servico": "FM", "canal": "212", "frequencia_mhz": "90.3", "classe": "A3", "altura_antena_m": 64.0, "entidade": "RADIO DIFUSORA DE SAO JOSE DOS CAMPOS LTDA", "municipio": "São José dos Campos", "uf": "SP", "status": "Aguardando Ato de RF"}, "geometry": {"type": "Point", "coordinates": [-45.8863889, -23.1811111]}},
{"type": "Feature", "id": "srd-57dbac4cf120f", "properties": {"estacao_id": "57dbac4cf120f", "estacoes_no_local": 1, "servico": "FM", "canal": "218", "frequencia_mhz": "91.5", "classe": "A4", "altura_antena_m": 72.2, "entidade": "ENERGIA FM DE SAO JOSE DOS CAMPOS LTDA", "municipio": "São José dos Campos", "uf": "SP", "status": "Canal Licenciado"}, "geometry": {"type": "Point", "coordinates": [-45.88972, -23.19417]}},
{"type": "Feature", "id": "srd-57dbac4d02233", "properties": {"estacao_id": "57dbac4d02233", "estacoes_no_local": 1, "servico": "FM", "canal": "243", "frequencia_mhz": "96.5", "classe": "A1", "altura_antena_m": 75.0, "entidade": "RADIO VIDA FM LTDA - EPP", "municipio": "São José dos Campos", "uf": "SP", "status": "Canal Out. - Aguardando Licenciamento"}, "geometry": {"type": "Point", "coordinates": [-45.9127778, -23.1605556]}},
{"type": "Feature", "id": "srd-57dbac4d06cb0", "properties": {"estacao_id": "57dbac4d06cb0", "estacoes_no_local": 3, "servico": "FM/RTVD", "canal": "248/280/31", "frequencia_mhz": "97.5–575", "classe": "A/A2", "altura_antena_m": 56.5, "entidade": "ID TV S.A.", "municipio": "São José dos Campos", "uf": "SP", "status": "Canal Licenciado"}, "geometry": {"type": "Point", "coordinates": [-45.91167, -23.15917]}},
{"type": "Feature", "id": "srd-57dbac4d0b461", "properties": {"estacao_id": "57dbac4d0b461", "estacoes_no_local": 2, "servico": "FM", "canal": "214/259", "frequencia_mhz": "90.7–99.7", "classe": "A3/A4", "altura_antena_m": 88.0, "entidade": "RADIO PIRATININGA DE SAO JOSE DOS CAMPOS LTDA", "municipio": "São José dos Campos", "uf": "SP", "status": "Canal Licenciado"}, "geometry": {"type": "Point", "coordinates": [-45.88842, -23.19217]}},
{"type": "Feature", "id": "srd-57dbac4d149c2", "properties": {"estacao_id": "57dbac4d149c2", "estacoes_no_local": 1, "servico": "FM", "canal": "290", "frequencia_mhz": "105.9", "classe": "B2", "altura_antena_m": 30.0, "entidade": "FUNDACAO LOGOS - EDICOES, JORNALISMO E RADIODIFUSAO", "municipio": "São José dos Campos", "uf": "SP", "status": "Canal Licenciado"}, "geometry": {"type": "Point", "coordinates": [-45.9086111, -23.1541667]}},
{"type": "Feature", "id": "srd-57dbac4d232dc", "properties": {"estacao_id": "57dbac4d232dc", "estacoes_no_local": 1, "servico": "FM", "canal": "201", "frequencia_mhz": "88.1", "classe": "E3", "altura_antena_m": 168.0, "entidade": "FUNDACAO CASPER LIBERO", "municipio": "São Paulo", "uf": "SP", "status": "Canal Licenciado"}, "geometry": {"type": "Point", "coordinates": [-46.6505556, -23.5652778]}},
{"type": "Feature", "id": "srd-57dbac4d280c5", "properties": {"estacao_id": "57dbac4d280c5", "estacoes_no_local": 1, "servico": "FM", "canal": "209", "frequencia_mhz": "89.7", "classe": "E3", "altura_antena_m": 154.0, "entidade": "REDE CENTRAL DE COMUNICACAO LTDA", "municipio": "São Paulo", "uf": "SP", "status": "Canal Licenciado"}, "geometry": {"type": "Point", "coordinates": [-46.6588889, -23.5586111]}},
{"type": "Feature", "id": "srd-57dbac4d2c864", "properties": {"estacao_id": "57dbac4d2c864", "estacoes_no_local": 1, "servico": "FM", "canal": "213", "frequencia_mhz": "90.5", "classe": "E3", "altura_antena_m": 175.0, "entidade": "RADIO EXCELSIOR S/A", "municipio": "São Paulo", "uf": "SP", "status": "Canal Licenciado"}, "geometry": {"type": "Point", "coordinates": [-46.6502778, -23.5680556]}},
{"type": "Feature", "id": "srd-57dbac4d3191c", "properties": {"estacao_id": "57dbac4d3191c", "estacoes_no_local": 1, "servico": "FM", "canal": "217", "frequencia_mhz": "91.3", "classe": "E3", "altura_antena_m": 126.4, "entidade": "RADIO ITAPEMA FM DE SAO PAULO LTDA", "municipio": "São Paulo", "uf": "SP", "status": "Canal Licenciado"}, "geometry": {"type": "Point", "coordinates": [-46.66111, -23.55694]}},
{"type": "Feature", "id": "srd-57dbac4d36b7f", "properties": {"estacao_id": "57dbac4d36b7f", "estacoes_no_local": 2, "servico": "FM/RTVD", "canal": "223/47", "frequencia_mhz": "92.5–671", "classe": "A/A3", "altura_antena_m": 86.0, "entidade": "RADIO SOCIEDADE MARCONI LTDA", "municipio": "São Paulo", "uf": "SP", "status": "Canal Licenciado"}, "geometry": {"type": "Point", "coordinates": [-46.6591667, -23.5572222]}},
{"type": "Feature", "id": "srd-57dbac4d3aee8", "properties": {"estacao_id": "57dbac4d3aee8", "estacoes_no_local": 1, "servico": "FM", "canal": "225", "frequencia_mhz": "92.9", "classe": "E3", "altura_antena_m": 126.3, "entidade": "MASSA FM LTDA", "municipio": "São Paulo", "uf": "SP", "status": "Canal Licenciado"}, "geometry": {"type": "Point", "coordinates": [-46.64833, -23.5675]}},
{"type": "Feature", "id": "srd-57dbac4d40655", "properties": {"estacao_id": "57dbac4d40655", "estacoes_no_local": 1, "servico": "FM", "canal": "229", "frequencia_mhz": "93.7", "classe": "E2", "altura_antena_m": 33.0, "entidade": "UNIVERSIDADE DE SAO PAULO", "municipio": "São Paulo", "uf": "SP", "status": "Canal Licenciado"}, "geometry": {"type": "Point", "coordinates": [-46.76556, -23.45528]}},
{"type": "Feature", "id": "srd-57dbac4d4fdaf", "properties": {"estacao_id": "57dbac4d4fdaf", "estacoes_no_local": 1, "servico": "FM", "canal": "245", "frequencia_mhz": "96.9", "classe": "E2", "altura_antena_m": 200.0, "entidade": "SOMPUR SAO PAULO RADIODIFUSAO LTDA", "municipio": "São Paulo", "uf": "SP", "status": "Canal Licenciado"}, "geometry": {"type": "Point", "coordinates": [-46.66556, -23.55556]}},
{"type": "Feature", "id": "srd-57dbac4d59f06", "properties": {"estacao_id": "57dbac4d59f06", "estacoes_no_local": 1, "servico": "FM", "canal": "261", "frequencia_mhz": "100.1", "classe": "E2", "altura_antena_m": 170.0, "entidade": "RADIO TRANSAMERICA DE SAO PAULO LTDA", "municipio": "São Paulo", "uf": "SP", "status": "Canal Licenciado"}, "geometry": {"type": "Point", "coordinates": [-46.71408, -23.53715]}},
{"type": "Feature", "id": "srd-57dbac4d5f17a", "properties": {"estacao_id": "57dbac4d5f17a", "estacoes_no_local": 1, "servico": "FM", "canal": "265", "frequencia_mhz": "100.9", "classe": "E3", "altura_antena_m": 120.4, "entidade": "RADIO PANAMERICANA S A", "municipio": "São Paulo", "uf": "SP", "status": "Canal Licenciado"}, "geometry": {"type": "Point", "coordinates": [-46.65048, -23.56636]}},
{"type": "Feature", "id": "srd-57dbac4d63a6b", "properties": {"estacao_id": "57dbac4d63a6b", "estacoes_no_local": 1, "servico": "FM", "canal": "273", "frequencia_mhz": "102.5", "classe": "A1", "altura_antena_m": 83.5, "entidade": "RADIO IMPRENSA S/A", "municipio": "São Paulo", "uf": "SP", "status": "Canal Licenciado"}, "geometry": {"type": "Point", "coordinates": [-46.6440861, -23.5706333]}},
{"type": "Feature", "id": "srd-57dbac4d8f5ea", "properties": {"estacao_id": "57dbac4d8f5ea", "estacoes_no_local": 1, "servico": "FM", "canal": "219", "frequencia_mhz": "91.7", "classe": "A1", "altura_antena_m": 97.0, "entidade": "RADIO LITORAL LTDA", "municipio": "São Vicente", "uf": "SP", "status": "Canal Licenciado"}, "geometry": {"type": "Point", "coordinates": [-46.5569444, -23.9111111]}},
{"type": "Feature", "id": "srd-57dbac4d947bb", "properties": {"estacao_id": "57dbac4d947bb", "estacoes_no_local": 1, "servico": "FM", "canal": "275", "frequencia_mhz": "102.9", "classe": "A4", "altura_antena_m": 20.0, "entidade": "FUNDACAO SOCIEDADE COMUNICACAO CULTURA E TRABALHO", "municipio": "São Vicente", "uf": "SP", "status": "Canal Licenciado"}, "geometry": {"type": "Point", "coordinates": [-46.39614, -24.02236]}},
{"type": "Feature", "id": "srd-57dbac5001e44", "properties": {"estacao_id": "57dbac5001e44", "estacoes_no_local": 1, "servico": "FM", "canal": "231", "frequencia_mhz": "94.1", "classe": "A1", "altura_antena_m": 80.0, "entidade": "RADIO DIFUSORA ATUAL LTDA", "municipio": "São Paulo", "uf": "SP", "status": "Canal Licenciado"}, "geometry": {"type": "Point", "coordinates": [-46.66389, -23.55583]}},
{"type": "Feature", "id": "srd-57dbac51845f2", "properties": {"estacao_id": "57dbac51845f2", "estacoes_no_local": 1, "servico": "FM", "canal": "255", "frequencia_mhz": "98.9", "classe": "A1", "altura_antena_m": 40.0, "entidade": "FUNDACAO SOCIEDADE COMUNICACAO CULTURA E TRABALHO", "municipio": "Mogi das Cruzes", "uf": "SP", "status": "Canal Licenciado"}, "geometry": {"type": "Point", "coordinates": [-46.2022222, -23.4841667]}},
{"type": "Feature", "id": "srd-57dbac5188c07", "properties": {"estacao_id": "57dbac5188c07", "estacoes_no_local": 1, "servico": "FM", "canal": "287", "frequencia_mhz": "105.3", "classe": "B1", "entidade": "CAMARA DOS DEPUTADOS", "municipio": "Mogi das Cruzes", "uf": "SP", "status": "Canal Out. - Aguardando Dados da Estação"}, "geometry": {"type": "Point", "coordinates": [-46.18417, -23.51889]}},
{"type": "Feature", "id": "srd-57dbac52721fe", "properties": {"estacao_id": "57dbac52721fe", "estacoes_no_local": 1, "servico": "FM", "canal": "203", "frequencia_mhz": "88.5", "classe": "B2", "entidade": "CAMARA DOS DEPUTADOS", "municipio": "Santos", "uf": "SP", "status": "Canal Out. - Aguardando Dados da Estação"}, "geometry": {"type": "Point", "coordinates": [-46.3338139, -23.9613611]}},
{"type": "Feature", "id": "srd-57dbac52a6cbb", "properties": {"estacao_id": "57dbac52a6cbb", "estacoes_no_local": 2, "servico": "FM/RTVD", "canal": "240/41", "frequencia_mhz": "95.9–635", "classe": "A/B1", "altura_antena_m": 55.0, "entidade": "FUNDACAO JOAO PAULO II", "municipio": "São José dos Campos", "uf": "SP", "status": "Canal Licenciado"}, "geometry": {"type": "Point", "coordinates": [-45.9075, -23.15361]}},
{"type": "Feature", "id": "srd-57dbac76bbef0", "properties": {"estacao_id": "57dbac76bbef0", "estacoes_no_local": 2, "servico": "FM/OM", "canal": "141", "frequencia_mhz": "76.1–920", "classe": "A2/B", "altura_antena_m": 107.0, "entidade": "SISTEMA SAO PAULO DE COMUNICACAO E EMPREENDIMENTOS LTDA", "municipio": "Cotia", "uf": "SP", "status": "Aguardando Ato de RF"}, "geometry": {"type": "Point", "coordinates": [-46.82361, -23.60778]}},
{"type": "Feature", "id": "srd-57dbac772d636", "properties": {"estacao_id": "57dbac772d636", "estacoes_no_local": 1, "servico": "OM", "frequencia_mhz": "1500", "classe": "C", "entidade": "SISTEMA CUMBICA DE RADIODIFUSAO LTDA", "municipio": "Guarulhos", "uf": "SP", "status": "Canal Licenciado"}, "geometry": {"type": "Point", "coordinates": [-46.3961111, -23.4733333]}},
{"type": "Feature", "id": "srd-57dbac77b4012", "properties": {"estacao_id": "57dbac77b4012", "estacoes_no_local": 1, "servico": "OM", "frequencia_mhz": "730", "classe": "B", "entidade": "RADIO CIDADE JUNDIAI LTDA", "municipio": "Jundiaí", "uf": "SP", "status": "Canal Licenciado"}, "geometry": {"type": "Point", "coordinates": [-46.9325, -23.16917]}},
{"type": "Feature", "id": "srd-57dbac78011ea", "properties": {"estacao_id": "57dbac78011ea", "estacoes_no_local": 1, "servico": "OM", "frequencia_mhz": "1490", "classe": "B", "entidade": "FUNDACAO PADRE KOLBE DE RADIO E TELEVISAO", "municipio": "Mauá", "uf": "SP", "status": "Canal Licenciado"}, "geometry": {"type": "Point", "coordinates": [-46.4985528, -23.6337583]}},
{"type": "Feature", "id": "srd-57dbac781a6b5", "properties": {"estacao_id": "57dbac781a6b5", "estacoes_no_local": 1, "servico": "OM", "frequencia_mhz": "1070", "classe": "B", "entidade": "RADIO METROPOLITANA PAULISTA LTDA", "municipio": "Mogi das Cruzes", "uf": "SP", "status": "Canal Out. - Aguardando Licenciamento"}, "geometry": {"type": "Point", "coordinates": [-46.2238889, -23.5325]}},
{"type": "Feature", "id": "srd-57dbac795c420", "properties": {"estacao_id": "57dbac795c420", "estacoes_no_local": 1, "servico": "OM", "frequencia_mhz": "560", "classe": "B", "entidade": "REDE ASSOCIADA DE DIFUSAO LTDA", "municipio": "Santa Isabel", "uf": "SP", "status": "Canal Licenciado"}, "geometry": {"type": "Point", "coordinates": [-46.33265, -23.48898]}},
{"type": "Feature", "id": "srd-57dbac796f167", "properties": {"estacao_id": "57dbac796f167", "estacoes_no_local": 1, "servico": "OM", "frequencia_mhz": "740", "classe": "B", "entidade": "RADIO CLUBE DE SANTO ANDRE LTDA", "municipio": "Santo André", "uf": "SP", "status": "Canal Licenciado"}, "geometry": {"type": "Point", "coordinates": [-46.59528, -23.42694]}},
{"type": "Feature", "id": "srd-57dbac79737c2", "properties": {"estacao_id": "57dbac79737c2", "estacoes_no_local": 1, "servico": "OM", "frequencia_mhz": "1570", "classe": "B", "entidade": "RADIO EMISSORA ABC LTDA", "municipio": "Santo André", "uf": "SP", "status": "Canal Out. - Aguardando Licenciamento"}, "geometry": {"type": "Point", "coordinates": [-46.5158333, -23.6444444]}},
{"type": "Feature", "id": "srd-57dbac797c687", "properties": {"estacao_id": "57dbac797c687", "estacoes_no_local": 1, "servico": "OM", "frequencia_mhz": "650", "classe": "B", "entidade": "CBS COMUNICACOES BRASIL SAT LTDA", "municipio": "Santos", "uf": "SP", "status": "Aguardando Ato de RF"}, "geometry": {"type": "Point", "coordinates": [-46.5190833, -24.00325]}},
{"type": "Feature", "id": "srd-57dbac798088a", "properties": {"estacao_id": "57dbac798088a", "estacoes_no_local": 1, "servico": "OM", "frequencia_mhz": "810", "classe": "C", "entidade": "SOCIEDADE RADIO UNIVERSAL LTDA", "municipio": "Santos", "uf": "SP", "status": "Canal Licenciado"}, "geometry": {"type": "Point", "coordinates": [-46.4177778, -23.9125]}},
{"type": "Feature", "id": "srd-57dbac7984c8a", "properties": {"estacao_id": "57dbac7984c8a", "estacoes_no_local": 1, "servico": "OM", "frequencia_mhz": "1240", "classe": "B", "entidade": "RADIO METROPOLITANA SANTISTA LTDA", "municipio": "Santos", "uf": "SP", "status": "Canal Licenciado"}, "geometry": {"type": "Point", "coordinates": [-46.4579167, -23.9236667]}},
{"type": "Feature", "id": "srd-57dbac798d829", "properties": {"estacao_id": "57dbac798d829", "estacoes_no_local": 1, "servico": "OM", "frequencia_mhz": "1300", "classe": "B", "entidade": "RADIO UNIVERSO LTDA", "municipio": "São Bernardo do Campo", "uf": "SP", "status": "Canal Licenciado"}, "geometry": {"type": "Point", "coordinates": [-46.4373333, -23.6081944]}},
{"type": "Feature", "id": "srd-57dbac79cf0ed", "properties": {"estacao_id": "57dbac79cf0ed", "estacoes_no_local": 1, "servico": "OM", "frequencia_mhz": "1290", "classe": "C", "entidade": "RADIO E TELEVISAO METROPOLITANA LTDA", "municipio": "São José dos Campos", "uf": "SP", "status": "Aguardando Ato de RF"}, "geometry": {"type": "Point", "coordinates": [-45.9111111, -23.1877778]}},
{"type": "Feature", "id": "srd-57dbac79e50f3", "properties": {"estacao_id": "57dbac79e50f3", "estacoes_no_local": 1, "servico": "OM", "frequencia_mhz": "700", "classe": "B", "entidade": "RADIO ELDORADO LTDA", "municipio": "São Paulo", "uf": "SP", "status": "Canal Licenciado"}, "geometry": {"type": "Point", "coordinates": [-46.57722, -23.64583]}},
{"type": "Feature", "id": "srd-57dbac79ee4ba", "properties": {"estacao_id": "57dbac79ee4ba", "estacoes_no_local": 1, "servico": "OM", "frequencia_mhz": "840", "classe": "B", "entidade": "RADIO E TELEVISAO BANDEIRANTES SA", "municipio": "São Paulo", "uf": "SP", "status": "Canal Out. - Aguardando Licenciamento"}, "geometry": {"type": "Point", "coordinates": [-46.715, -23.67695]}},
{"type": "Feature", "id": "srd-57dbac7a0c0f9", "properties": {"estacao_id": "57dbac7a0c0f9", "estacoes_no_local": 1, "servico": "OM", "frequencia_mhz": "1040", "classe": "A", "entidade": "RADIO NOVO MUNDO LTDA", "municipio": "São Paulo", "uf": "SP", "status": "Canal Licenciado"}, "geometry": {"type": "Point", "coordinates": [-46.62569, -23.73381]}},
{"type": "Feature", "id": "srd-57dbac7a15dd1", "properties": {"estacao_id": "57dbac7a15dd1", "estacoes_no_local": 1, "servico": "OM", "frequencia_mhz": "1200", "classe": "B", "entidade": "FUNDACAO PADRE ANCHIETA - CENTRO PAULISTA DE RADIO E TV EDUCATIVAS", "municipio": "São Paulo", "uf": "SP", "status": "Canal Licenciado"}, "geometry": {"type": "Point", "coordinates": [-46.715, -23.67694]}},
{"type": "Feature", "id": "srd-57dbac7a245c7", "properties": {"estacao_id": "57dbac7a245c7", "estacoes_no_local": 1, "servico": "OM", "frequencia_mhz": "1600", "classe": "A", "entidade": "FUNDACAO METROPOLITANA PAULISTA", "municipio": "São Paulo", "uf": "SP", "status": "Canal Out. - Aguardando Dados da Estação"}, "geometry": {"type": "Point", "coordinates": [-46.6919444, -23.5013889]}},
{"type": "Feature", "id": "srd-57dbac7a287f4", "properties": {"estacao_id": "57dbac7a287f4", "estacoes_no_local": 1, "servico": "OM", "frequencia_mhz": "1430", "classe": "B", "entidade": "FUNDACAO PADRE KOLBE DE RADIO E TELEVISAO", "municipio": "São Roque", "uf": "SP", "status": "Canal Out. - Aguardando Dados da Estação"}, "geometry": {"type": "Point", "coordinates": [-47.0671111, -23.5383611]}},
{"type": "Feature", "id": "srd-57dbac7b28328", "properties": {"estacao_id": "57dbac7b28328", "estacoes_no_local": 1, "servico": "OM", "frequencia_mhz": "1230", "classe": "B", "entidade": "RADIO DIFUSORA ATUAL LTDA", "municipio": "São Paulo", "uf": "SP", "status": "Canal Licenciado"}, "geometry": {"type": "Point", "coordinates": [-46.6783333, -23.5097222]}},
{"type": "Feature", "id": "srd-57f39ddb24a2c", "properties": {"estacao_id": "57f39ddb24a2c", "estacoes_no_local": 1, "servico": "RTVD", "canal": "26", "frequencia_mhz": "545", "classe": "C", "altura_antena_m": 14.0, "entidade": "TV ALIANCA PAULISTA LTDA", "municipio": "Araçariguama", "uf": "SP", "status": "Canal Licenciado"}, "geometry": {"type": "Point", "coordinates": [-47.0608, -23.4366]}},
{"type": "Feature", "id": "srd-580faf80c5ee1", "properties": {"estacao_id": "580faf80c5ee1", "estacoes_no_local": 2, "servico": "RTVD", "canal": "50/51", "frequencia_mhz": "689–695", "classe": "C", "altura_antena_m": 137.0, "entidade": "FUNDACAO BOAS NOVAS", "municipio": "São Paulo", "uf": "SP", "status": "Canal Licenciado"}, "geometry": {"type": "Point", "coordinates": [-46.6339, -23.5504]}},
{"type": "Feature", "id": "srd-585d63cf0cc37", "properties": {"estacao_id": "585d63cf0cc37", "estacoes_no_local": 1, "servico": "RTVD", "canal": "26", "frequencia_mhz": "545", "classe": "C", "altura_antena_m": 41.8, "entidade": "TV ALIANCA PAULISTA LTDA", "municipio": "Mairinque", "uf": "SP", "status": "Canal Licenciado"}, "geometry": {"type": "Point", "coordinates": [-47.185, -23.5398]}},
{"type": "Feature", "id": "srd-586aaf955a739", "properties": {"estacao_id": "586aaf955a739", "estacoes_no_local": 1, "servico": "RTVD", "canal": "29", "frequencia_mhz": "563", "classe": "C", "entidade": "TV OMEGA LTDA", "municipio": "Guararema", "uf": "SP", "status": "Canal Out. - Aguardando Dados da Estação"}, "geometry": {"type": "Point", "coordinates": [-46.0369, -23.4112]}},
{"type": "Feature", "id": "srd-586b6ff12b8d0", "properties": {"estacao_id": "586b6ff12b8d0", "estacoes_no_local": 1, "servico": "RTVD", "canal": "16", "frequencia_mhz": "485", "classe": "C", "entidade": "FUNDACAO DE FATIMA", "municipio": "Jandira", "uf": "SP", "status": "Canal Out. - Aguardando Licenciamento"}, "geometry": {"type": "Point", "coordinates": [-46.9023, -23.5275]}},
{"type": "Feature", "id": "srd-586b715198396", "properties": {"estacao_id": "586b715198396", "estacoes_no_local": 1, "servico": "RTVD", "canal": "16", "frequencia_mhz": "485", "classe": "C", "altura_antena_m": 15.0, "entidade": "FUNDACAO DE FATIMA", "municipio": "São Bernardo do Campo", "uf": "SP", "status": "Canal Licenciado"}, "geometry": {"type": "Point", "coordinates": [-46.5646, -23.6914]}},
{"type": "Feature", "id": "srd-586cec4d88d29", "properties": {"estacao_id": "586cec4d88d29", "estacoes_no_local": 1, "servico": "RTVD", "canal": "19", "frequencia_mhz": "503", "classe": "C", "altura_antena_m": 26.9, "entidade": "RADIO E TELEVISAO DIARIO DE MOGI LTDA", "municipio": "Salesópolis", "uf": "SP", "status": "Canal Licenciado"}, "geometry": {"type": "Point", "coordinates": [-45.8465, -23.5288]}},
{"type": "Feature", "id": "srd-586f7fdb3ed92", "properties": {"estacao_id": "586f7fdb3ed92", "estacoes_no_local": 1, "servico": "RTVD", "canal": "46", "frequencia_mhz": "665", "classe": "C", "altura_antena_m": 33.0, "entidade": "TRANS TV RADIODIFUSAO LTDA", "municipio": "Mogi das Cruzes", "uf": "SP", "status": "Canal Licenciado"}, "geometry": {"type": "Point", "coordinates": [-46.1854, -23.5208]}},
{"type": "Feature", "id": "srd-58aee7aee220a", "properties": {"estacao_id": "58aee7aee220a", "estacoes_no_local": 1, "servico": "RTVD", "canal": "19", "frequencia_mhz": "503", "classe": "C", "altura_antena_m": 30.9, "entidade": "RADIO E TELEVISAO DIARIO DE MOGI LTDA", "municipio": "Arujá", "uf": "SP", "status": "Canal Licenciado"}, "geometry": {"type": "Point", "coordinates": [-46.32, -23.3965]}},
{"type": "Feature", "id": "srd-58aee84936e3c", "properties": {"estacao_id": "58aee84936e3c", "estacoes_no_local": 1, "servico": "RTVD", "canal": "19", "frequencia_mhz": "503", "classe": "C", "altura_antena_m": 30.9, "entidade": "RADIO E TELEVISAO DIARIO DE MOGI LTDA", "municipio": "Biritiba-Mirim", "uf": "SP", "status": "Canal Licenciado"}, "geometry": {"type": "Point", "coordinates": [-46.0407, -23.5698]}},
{"type": "Feature", "id": "srd-58b9776073cb1", "properties": {"estacao_id": "58b9776073cb1", "estacoes_no_local": 4, "servico": "RTVD", "canal": "27/33/44/46", "frequencia_mhz": "551–665", "classe": "C", "altura_antena_m": 52.0, "entidade": "FUNDACAO JOAO PAULO II", "municipio": "Jundiaí", "uf": "SP", "status": "Canal Licenciado"}, "geometry": {"type": "Point", "coordinates": [-46.8974, -23.1852]}},
{"type": "Feature", "id": "srd-58e26380d80e1", "properties": {"estacao_id": "58e26380d80e1", "estacoes_no_local": 2, "servico": "RTVD", "canal": "45/49", "frequencia_mhz": "659–683", "classe": "C", "altura_antena_m": 34.0, "entidade": "EMPRESA DE COMUNICACAO PRM LTDA", "municipio": "São José dos Campos", "uf": "SP", "status": "Canal Licenciado"}, "geometry": {"type": "Point", "coordinates": [-45.8841, -23.1896]}},
{"type": "Feature", "id": "srd-58e528052007e", "properties": {"estacao_id": "58e528052007e", "estacoes_no_local": 3, "servico": "RTVD", "canal": "25/44/49", "frequencia_mhz": "539–683", "classe": "C", "altura_antena_m": 51.0, "entidade": "EMPRESA DE COMUNICACAO PRM LTDA", "municipio": "Bertioga", "uf": "SP", "status": "Canal Licenciado/Canal Out. - Aguardando Dados da Estação"}, "geometry": {"type": "Point", "coordinates": [-46.1396, -23.8486]}},
{"type": "Feature", "id": "srd-58eccf901d6ea", "properties": {"estacao_id": "58eccf901d6ea", "estacoes_no_local": 2, "servico": "RTVD", "canal": "35/44", "frequencia_mhz": "599–653", "classe": "C", "altura_antena_m": 43.0, "entidade": "EMPRESA DE COMUNICACAO PRM LTDA", "municipio": "Praia Grande", "uf": "SP", "status": "Canal Licenciado"}, "geometry": {"type": "Point", "coordinates": [-46.4121, -24.0084]}},
{"type": "Feature", "id": "srd-5924288d2517a", "properties": {"estacao_id": "5924288d2517a", "estacoes_no_local": 1, "servico": "RTVD", "canal": "46", "frequencia_mhz": "665", "classe": "C", "altura_antena_m": 40.3, "entidade": "EMPRESA DE COMUNICACAO PRM LTDA", "municipio": "Guarujá", "uf": "SP", "status": "Canal Licenciado"}, "geometry": {"type": "Point", "coordinates": [-46.258, -23.9888]}},
{"type": "Feature", "id": "srd-5a16c2700d3b2", "properties": {"estacao_id": "5a16c2700d3b2", "estacoes_no_local": 1, "servico": "RTVD", "canal": "40", "frequencia_mhz": "629", "classe": "C", "altura_antena_m": 27.0, "entidade": "TELEVISAO CIDADE MODELO LTDA", "municipio": "Santos", "uf": "SP", "status": "Canal Licenciado"}, "geometry": {"type": "Point", "coordinates": [-46.335, -23.9535]}},
{"type": "Feature", "id": "srd-5a258189216a9", "properties": {"estacao_id": "5a258189216a9", "estacoes_no_local": 1, "servico": "RTVD", "canal": "20", "frequencia_mhz": "509", "classe": "C", "entidade": "CANAL BRASILEIRO DA INFORMACAO CBI LTDA", "municipio": "São Roque", "uf": "SP", "status": "Canal Out. - Aguardando Dados da Estação"}, "geometry": {"type": "Point", "coordinates": [-47.1357, -23.5226]}},
{"type": "Feature", "id": "srd-5a269c61eb329", "properties": {"estacao_id": "5a269c61eb329", "estacoes_no_local": 1, "servico": "RTVD", "canal": "39", "frequencia_mhz": "623", "classe": "C", "altura_antena_m": 20.0, "entidade": "FUNDACAO GUILHERME MULLER", "municipio": "São Vicente", "uf": "SP", "status": "Canal Licenciado"}, "geometry": {"type": "Point", "coordinates": [-46.3883, -23.9574]}},
{"type": "Feature", "id": "srd-5a3a6e6143b9d", "properties": {"estacao_id": "5a3a6e6143b9d", "estacoes_no_local": 1, "servico": "RTVD", "canal": "13", "frequencia_mhz": "213", "classe": "E", "altura_antena_m": 10.0, "entidade": "FUNDACAO VIRGINIA FERRAZ", "municipio": "Bertioga", "uf": "SP", "status": "Canal Licenciado"}, "geometry": {"type": "Point", "coordinates": [-46.12389, -23.76333]}},
{"type": "Feature", "id": "srd-5a3d396272c9d", "properties": {"estacao_id": "5a3d396272c9d", "estacoes_no_local": 1, "servico": "RTVD", "canal": "19", "frequencia_mhz": "503", "classe": "C", "altura_antena_m": 21.4, "entidade": "TV ALIANCA PAULISTA LTDA", "municipio": "Campo Limpo Paulista", "uf": "SP", "status": "Canal Licenciado"}, "geometry": {"type": "Point", "coordinates": [-46.7889, -23.2078]}},
{"type": "Feature", "id": "srd-5a3d3b8ababb5", "properties": {"estacao_id": "5a3d3b8ababb5", "estacoes_no_local": 1, "servico": "RTVD", "canal": "19", "frequencia_mhz": "503", "classe": "C", "altura_antena_m": 20.5, "entidade": "TV ALIANCA PAULISTA LTDA", "municipio": "Itupeva", "uf": "SP", "status": "Canal Licenciado"}, "geometry": {"type": "Point", "coordinates": [-47.0593, -23.1526]}},
{"type": "Feature", "id": "srd-5a65e40346f49", "properties": {"estacao_id": "5a65e40346f49", "estacoes_no_local": 1, "servico": "GTVD", "canal": "11", "frequencia_mhz": "201", "classe": "C", "entidade": "EMPRESA BRASIL DE COMUNICACAO S.A. - EBC", "municipio": "Várzea Paulista", "uf": "SP", "status": "Canal Out. - Aguardando Dados da Estação"}, "geometry": {"type": "Point", "coordinates": [-46.87333, -23.16778]}},
{"type": "Feature", "id": "srd-5ab8e779a31c3", "properties": {"estacao_id": "5ab8e779a31c3", "estacoes_no_local": 1, "servico": "RTVD", "canal": "41", "frequencia_mhz": "635", "classe": "B", "altura_antena_m": 30.0, "entidade": "FUNDACAO NOSSA SENHORA APARECIDA", "municipio": "Jundiaí", "uf": "SP", "status": "Canal Licenciado"}, "geometry": {"type": "Point", "coordinates": [-46.87389, -23.16806]}},
{"type": "Feature", "id": "srd-5ad78d5f63f50", "properties": {"estacao_id": "5ad78d5f63f50", "estacoes_no_local": 1, "servico": "RTVD", "canal": "26", "frequencia_mhz": "545", "classe": "C", "altura_antena_m": 10.0, "entidade": "FUNDACAO JOSE DE PAIVA NETTO", "municipio": "Jacareí", "uf": "SP", "status": "Canal Licenciado"}, "geometry": {"type": "Point", "coordinates": [-45.95972, -23.31472]}},
{"type": "Feature", "id": "srd-5b55ca17b0f5a", "properties": {"estacao_id": "5b55ca17b0f5a", "estacoes_no_local": 2, "servico": "RTVD", "canal": "17/22", "frequencia_mhz": "491–521", "classe": "C", "altura_antena_m": 30.0, "entidade": "RADIO E TELEVISAO TAUBATE LTDA", "municipio": "Santa Branca", "uf": "SP", "status": "Canal Licenciado"}, "geometry": {"type": "Point", "coordinates": [-45.8875, -23.3933]}},
{"type": "Feature", "id": "srd-5b60b875c6815", "properties": {"estacao_id": "5b60b875c6815", "estacoes_no_local": 1, "servico": "RTVD", "canal": "47", "frequencia_mhz": "671", "classe": "C", "altura_antena_m": 30.0, "entidade": "TV VALE DO PARAIBA LTDA", "municipio": "Nazaré Paulista", "uf": "SP", "status": "Canal Licenciado"}, "geometry": {"type": "Point", "coordinates": [-46.3983, -23.1747]}},
{"type": "Feature", "id": "srd-5b8986afc79e0", "properties": {"estacao_id": "5b8986afc79e0", "estacoes_no_local": 1, "servico": "RTVD", "canal": "48", "frequencia_mhz": "677", "classe": "A", "altura_antena_m": 30.0, "entidade": "FUNDACAO COSTA NORTE", "municipio": "Santos", "uf": "SP", "status": "Canal Licenciado"}, "geometry": {"type": "Point", "coordinates": [-46.36028, -23.96278]}},
{"type": "Feature", "id": "srd-5be2daed116b4", "properties": {"estacao_id": "5be2daed116b4", "estacoes_no_local": 1, "servico": "RTVD", "canal": "20", "frequencia_mhz": "509", "classe": "C", "altura_antena_m": 20.0, "entidade": "RADIO E TELEVISAO RECORD S.A", "municipio": "Juquitiba", "uf": "SP", "status": "Canal Licenciado"}, "geometry": {"type": "Point", "coordinates": [-47.0653, -23.9244]}},
{"type": "Feature", "id": "srd-5d7651894df0e", "properties": {"estacao_id": "5d7651894df0e", "estacoes_no_local": 1, "servico": "RTVD", "canal": "27", "frequencia_mhz": "551", "classe": "C", "altura_antena_m": 15.0, "entidade": "FUNDACAO JOAO PAULO II", "municipio": "Campo Limpo Paulista", "uf": "SP", "status": "Canal Licenciado"}, "geometry": {"type": "Point", "coordinates": [-46.773611, -23.206389]}},
{"type": "Feature", "id": "srd-5d76518babd0f", "properties": {"estacao_id": "5d76518babd0f", "estacoes_no_local": 1, "servico": "RTVD", "canal": "32", "frequencia_mhz": "581", "classe": "C", "altura_antena_m": 25.5, "entidade": "TELEVISAO INDEPENDENTE DE SAO JOSE DO RIO PRETO LTDA", "municipio": "São Roque", "uf": "SP", "status": "Canal Licenciado"}, "geometry": {"type": "Point", "coordinates": [-47.134722, -23.529167]}},
{"type": "Feature", "id": "srd-5d76522c06691", "properties": {"estacao_id": "5d76522c06691", "estacoes_no_local": 1, "servico": "RTVD", "canal": "26", "frequencia_mhz": "545", "classe": "C", "altura_antena_m": 51.5, "entidade": "TV CARIOBA COMUNICACOES LTDA", "municipio": "Jundiaí", "uf": "SP", "status": "Canal Licenciado"}, "geometry": {"type": "Point", "coordinates": [-46.8741, -23.16785]}},
{"type": "Feature", "id": "srd-5d76522c2b84a", "properties": {"estacao_id": "5d76522c2b84a", "estacoes_no_local": 1, "servico": "RTVD", "canal": "28", "frequencia_mhz": "557", "classe": "C", "altura_antena_m": 14.6, "entidade": "TVSBT CANAL 4 DE SAO PAULO S/A", "municipio": "Santa Isabel", "uf": "SP", "status": "Canal Licenciado"}, "geometry": {"type": "Point", "coordinates": [-46.22489, -23.31267]}},
{"type": "Feature", "id": "srd-5d76522d26fd3", "properties": {"estacao_id": "5d76522d26fd3", "estacoes_no_local": 1, "servico": "RTVD", "canal": "17", "frequencia_mhz": "491", "classe": "C", "altura_antena_m": 10.0, "entidade": "TV VALE DO PARAIBA LTDA", "municipio": "Santa Branca", "uf": "SP", "status": "Canal Licenciado"}, "geometry": {"type": "Point", "coordinates": [-45.87658, -23.39856]}},
{"type": "Feature", "id": "srd-5d7652493011b", "properties": {"estacao_id": "5d7652493011b", "estacoes_no_local": 1, "servico": "RTVD", "canal": "27", "frequencia_mhz": "551", "classe": "C", "altura_antena_m": 41.0, "entidade": "FUNDACAO JOAO PAULO II", "municipio": "Jundiaí", "uf": "SP", "status": "Canal Licenciado"}, "geometry": {"type": "Point", "coordinates": [-46.873056, -23.1675]}},
{"type": "Feature", "id": "srd-5d76528b54c05", "properties": {"estacao_id": "5d76528b54c05", "estacoes_no_local": 1, "servico": "RTVD", "canal": "40", "frequencia_mhz": "629", "classe": "C", "altura_antena_m": 40.0, "entidade": "TELEVISAO CIDADE MODELO LTDA", "municipio": "Jundiaí", "uf": "SP", "status": "Canal Licenciado"}, "geometry": {"type": "Point", "coordinates": [-46.87389, -23.16833]}},
{"type": "Feature", "id": "srd-5dee80b939157", "properties": {"estacao_id": "5dee80b939157", "estacoes_no_local": 1, "servico": "RTVD", "canal": "45", "frequencia_mhz": "659", "classe": "B", "altura_antena_m": 29.0, "entidade": "FUNDACAO JOSE DE PAIVA NETTO", "municipio": "Mogi das Cruzes", "uf": "SP", "status": "Canal Licenciado"}, "geometry": {"type": "Point", "coordinates": [-46.20139, -23.48194]}},
{"type": "Feature", "id": "srd-606dca9d7e94a", "properties": {"estacao_id": "606dca9d7e94a", "estacoes_no_local": 1, "servico": "GTVD", "canal": "12", "frequencia_mhz": "207", "classe": "C", "altura_antena_m": 30.5, "entidade": "CAMARA DOS DEPUTADOS", "municipio": "São José dos Campos", "uf": "SP", "status": "Canal Licenciado"}, "geometry": {"type": "Point", "coordinates": [-45.9076, -23.15364]}},
{"type": "Feature", "id": "srd-60c37bfe951d6", "properties": {"estacao_id": "60c37bfe951d6", "estacoes_no_local": 1, "servico": "FM", "canal": "220", "frequencia_mhz": "91.9", "classe": "A4", "altura_antena_m": 80.0, "entidade": "FUNDACAO PADRE KOLBE DE RADIO E TELEVISAO", "municipio": "São Roque", "uf": "SP", "status": "Canal Licenciado"}, "geometry": {"type": "Point", "coordinates": [-47.06703, -23.58681]}},
{"type": "Feature", "id": "srd-60c37bfea1216", "properties": {"estacao_id": "60c37bfea1216", "estacoes_no_local": 2, "servico": "FM/RTVD", "canal": "162/51", "frequencia_mhz": "80.3–695", "classe": "A1/C", "altura_antena_m": 20.0, "entidade": "MMA COMUNICACOES LTDA", "municipio": "Santo André", "uf": "SP", "status": "Canal Licenciado/Canal Out. - Aguardando Dados da Estação"}, "geometry": {"type": "Point", "coordinates": [-46.5432, -23.6737]}},
{"type": "Feature", "id": "srd-60c37bfedb868", "properties": {"estacao_id": "60c37bfedb868", "estacoes_no_local": 1, "servico": "FM", "canal": "160", "frequencia_mhz": "79.9", "classe": "A4", "altura_antena_m": 90.0, "entidade": "RADIO DIFUSORA OESTE LTDA", "municipio": "Osasco", "uf": "SP", "status": "Canal Licenciado"}, "geometry": {"type": "Point", "coordinates": [-46.80144, -23.53325]}},
{"type": "Feature", "id": "srd-60c37bff62279", "properties": {"estacao_id": "60c37bff62279", "estacoes_no_local": 1, "servico": "FM", "canal": "204", "frequencia_mhz": "88.7", "classe": "A3", "altura_antena_m": 84.0, "entidade": "RADIO MINISTERIO DO BELEM LTDA", "municipio": "Ibiúna", "uf": "SP", "status": "Canal Licenciado"}, "geometry": {"type": "Point", "coordinates": [-47.03806, -23.71928]}},
{"type": "Feature", "id": "srd-60d47f51e0ca7", "properties": {"estacao_id": "60d47f51e0ca7", "estacoes_no_local": 1, "servico": "FM", "canal": "190", "frequencia_mhz": "85.9", "classe": "A1", "altura_antena_m": 140.0, "entidade": "RADIO AMERICA LTDA", "municipio": "São Paulo", "uf": "SP", "status": "Canal Licenciado"}, "geometry": {"type": "Point", "coordinates": [-46.65114, -23.56542]}},
{"type": "Feature", "id": "srd-60d47f5203c6e", "properties": {"estacao_id": "60d47f5203c6e", "estacoes_no_local": 1, "servico": "FM", "canal": "297", "frequencia_mhz": "107.3", "classe": "A1", "altura_antena_m": 122.0, "entidade": "RADIO E TELEVISAO BANDEIRANTES SA", "municipio": "São Paulo", "uf": "SP", "status": "Canal Licenciado"}, "geometry": {"type": "Point", "coordinates": [-46.66575, -23.55568]}},
{"type": "Feature", "id": "srd-60d47f523c442", "properties": {"estacao_id": "60d47f523c442", "estacoes_no_local": 2, "servico": "FM", "canal": "146/158", "frequencia_mhz": "77.1–79.5", "classe": "A2/E2", "altura_antena_m": 114.3, "entidade": "RADIO E TELEVISAO RECORD S.A", "municipio": "São Paulo", "uf": "SP", "status": "Aguardando Ato de RF/Canal Licenciado"}, "geometry": {"type": "Point", "coordinates": [-46.657, -23.56013]}},
{"type": "Feature", "id": "srd-60d47f529246b", "properties": {"estacao_id": "60d47f529246b", "estacoes_no_local": 1, "servico": "FM", "canal": "182", "frequencia_mhz": "84.3", "classe": "A4", "altura_antena_m": 128.0, "entidade": "RADIO MULHER LIMITADA", "municipio": "São Paulo", "uf": "SP", "status": "Canal Licenciado"}, "geometry": {"type": "Point", "coordinates": [-46.65361, -23.56333]}},
{"type": "Feature", "id": "srd-60d47f52a96da", "properties": {"estacao_id": "60d47f52a96da", "estacoes_no_local": 1, "servico": "FM", "canal": "178", "frequencia_mhz": "83.5", "classe": "A4", "altura_antena_m": 90.0, "entidade": "RADIO DIFUSORA ATUAL LTDA", "municipio": "São Paulo", "uf": "SP", "status": "Canal Licenciado"}, "geometry": {"type": "Point", "coordinates": [-46.69509, -23.54218]}},
{"type": "Feature", "id": "srd-60d47f52bf8ee", "properties": {"estacao_id": "60d47f52bf8ee", "estacoes_no_local": 1, "servico": "FM", "canal": "170", "frequencia_mhz": "81.9", "classe": "A4", "altura_antena_m": 81.0, "entidade": "RADIO EMISSORA ABC LTDA", "municipio": "Santo André", "uf": "SP", "status": "Canal Licenciado"}, "geometry": {"type": "Point", "coordinates": [-46.51624, -23.64514]}},
{"type": "Feature", "id": "srd-60d47f52de348", "properties": {"estacao_id": "60d47f52de348", "estacoes_no_local": 1, "servico": "FM", "canal": "166", "frequencia_mhz": "81.1", "classe": "A4", "altura_antena_m": 66.0, "entidade": "RADIO UNIVERSO LTDA", "municipio": "São Bernardo do Campo", "uf": "SP", "status": "Canal Licenciado"}, "geometry": {"type": "Point", "coordinates": [-46.615, -23.66139]}},
{"type": "Feature", "id": "srd-60d47f52ed058", "properties": {"estacao_id": "60d47f52ed058", "estacoes_no_local": 1, "servico": "FM", "canal": "188", "frequencia_mhz": "85.5", "classe": "A4", "altura_antena_m": 49.5, "entidade": "FUNDACAO ESPIRITA ANDRE LUIZ", "municipio": "Guarulhos", "uf": "SP", "status": "Canal Licenciado"}, "geometry": {"type": "Point", "coordinates": [-46.54394, -23.43769]}},
{"type": "Feature", "id": "srd-60d47f539e17c", "properties": {"estacao_id": "60d47f539e17c", "estacoes_no_local": 1, "servico": "FM", "canal": "255", "frequencia_mhz": "98.9", "classe": "A4", "altura_antena_m": 25.0, "entidade": "SISTEMA MAXI DE RADIODIFUSAO LTDA - EPP", "municipio": "Cabreúva", "uf": "SP", "status": "Canal Licenciado"}, "geometry": {"type": "Point", "coordinates": [-46.97066, -23.26793]}},
{"type": "Feature", "id": "srd-60d47f53ad4f7", "properties": {"estacao_id": "60d47f53ad4f7", "estacoes_no_local": 1, "servico": "FM", "canal": "168", "frequencia_mhz": "81.5", "classe": "A4", "altura_antena_m": 45.0, "entidade": "FUNDACAO PADRE KOLBE DE RADIO E TELEVISAO", "municipio": "Mauá", "uf": "SP", "status": "Canal Licenciado"}, "geometry": {"type": "Point", "coordinates": [-46.44792, -23.6856]}},
{"type": "Feature", "id": "srd-60d47f53bbcb1", "properties": {"estacao_id": "60d47f53bbcb1", "estacoes_no_local": 1, "servico": "FM", "canal": "256", "frequencia_mhz": "99.1", "classe": "A4", "altura_antena_m": 45.0, "entidade": "RADIO COMUNICAÇÃO BRASIL LTDA", "municipio": "Itapevi", "uf": "SP", "status": "Canal Licenciado"}, "geometry": {"type": "Point", "coordinates": [-46.92989, -23.52542]}},
{"type": "Feature", "id": "srd-60d47f53f3568", "properties": {"estacao_id": "60d47f53f3568", "estacoes_no_local": 1, "servico": "FM", "canal": "185", "frequencia_mhz": "84.9", "classe": "A4", "altura_antena_m": 45.0, "entidade": "RADIO CLUBE DE JACAREI LTDA", "municipio": "Jacareí", "uf": "SP", "status": "Canal Licenciado"}, "geometry": {"type": "Point", "coordinates": [-45.91025, -23.30902]}},
{"type": "Feature", "id": "srd-60d47f54c91b3", "properties": {"estacao_id": "60d47f54c91b3", "estacoes_no_local": 1, "servico": "FM", "canal": "226", "frequencia_mhz": "93.1", "classe": "A3", "altura_antena_m": 40.0, "entidade": "ONDAS SISTEMA DE RADIODIFUSAO LTDA", "municipio": "São José dos Campos", "uf": "SP", "status": "Canal Licenciado"}, "geometry": {"type": "Point", "coordinates": [-45.90764, -23.15352]}},
{"type": "Feature", "id": "srd-60d47f552d988", "properties": {"estacao_id": "60d47f552d988", "estacoes_no_local": 1, "servico": "FM", "canal": "290", "frequencia_mhz": "105.9", "classe": "A1", "altura_antena_m": 100.0, "entidade": "CBS COMUNICACOES BRASIL SAT LTDA", "municipio": "Santos", "uf": "SP", "status": "Canal Licenciado"}, "geometry": {"type": "Point", "coordinates": [-46.24053, -23.89375]}},
{"type": "Feature", "id": "srd-60d47f5542306", "properties": {"estacao_id": "60d47f5542306", "estacoes_no_local": 1, "servico": "FM", "canal": "212", "frequencia_mhz": "90.3", "classe": "A1", "altura_antena_m": 40.0, "entidade": "SOCIEDADE RADIO UNIVERSAL LTDA", "municipio": "Santos", "uf": "SP", "status": "Canal Licenciado"}, "geometry": {"type": "Point", "coordinates": [-46.34197, -23.93542]}},
{"type": "Feature", "id": "srd-60d47f556237c", "properties": {"estacao_id": "60d47f556237c", "estacoes_no_local": 1, "servico": "FM", "canal": "256", "frequencia_mhz": "99.1", "classe": "A4", "altura_antena_m": 20.0, "entidade": "FLY FM LTDA", "municipio": "Santos", "uf": "SP", "status": "Canal Licenciado"}, "geometry": {"type": "Point", "coordinates": [-46.34194, -23.93556]}},
{"type": "Feature", "id": "srd-60df1b1b68a94", "properties": {"estacao_id": "60df1b1b68a94", "estacoes_no_local": 1, "servico": "RTVD", "canal": "16", "frequencia_mhz": "485", "classe": "B", "altura_antena_m": 41.0, "entidade": "TV VALE DO PARAIBA LTDA", "municipio": "Jacareí", "uf": "SP", "status": "Canal Licenciado"}, "geometry": {"type": "Point", "coordinates": [-45.95998, -23.31512]}},
{"type": "Feature", "id": "srd-6107f62dd949a", "properties": {"estacao_id": "6107f62dd949a", "estacoes_no_local": 1, "servico": "FM", "canal": "196", "frequencia_mhz": "87.1", "classe": "E3", "altura_antena_m": 93.0, "entidade": "EMPRESA BRASIL DE COMUNICACAO S.A. - EBC", "municipio": "São Paulo", "uf": "SP", "status": "Canal Licenciado"}, "geometry": {"type": "Point", "coordinates": [-46.76631, -23.45871]}},
{"type": "Feature", "id": "srd-6170525c1dc58", "properties": {"estacao_id": "6170525c1dc58", "estacoes_no_local": 1, "servico": "RTVD", "canal": "16", "frequencia_mhz": "485", "classe": "B", "altura_antena_m": 61.5, "entidade": "TV VALE DO PARAIBA LTDA", "municipio": "Igaratá", "uf": "SP", "status": "Canal Licenciado"}, "geometry": {"type": "Point", "coordinates": [-46.15611, -23.20469]}},
{"type": "Feature", "id": "srd-617afec22abfd", "properties": {"estacao_id": "617afec22abfd", "estacoes_no_local": 1, "servico": "RTVD", "canal": "50", "frequencia_mhz": "689", "classe": "C", "altura_antena_m": 20.0, "entidade": "FUNDACAO CULTURAL NOSSA SENHORA DE LOURDES DE MARINGA", "municipio": "Guarujá", "uf": "SP", "status": "Canal Licenciado"}, "geometry": {"type": "Point", "coordinates": [-46.255, -23.98194]}},
{"type": "Feature", "id": "srd-6206d922a4342", "properties": {"estacao_id": "6206d922a4342", "estacoes_no_local": 1, "servico": "RTVD", "canal": "43", "frequencia_mhz": "647", "classe": "E", "altura_antena_m": 46.5, "entidade": "REDE MULHER DE TELEVISAO LTDA", "municipio": "São Paulo", "uf": "SP", "status": "Canal Licenciado"}, "geometry": {"type": "Point", "coordinates": [-46.47361, -23.52787]}},
{"type": "Feature", "id": "srd-620d40554cd48", "properties": {"estacao_id": "620d40554cd48", "estacoes_no_local": 1, "servico": "RTVD", "canal": "43", "frequencia_mhz": "647", "classe": "B", "altura_antena_m": 20.0, "entidade": "REDE MULHER DE TELEVISAO LTDA", "municipio": "São Paulo", "uf": "SP", "status": "Canal Licenciado"}, "geometry": {"type": "Point", "coordinates": [-46.58661, -23.30538]}},
{"type": "Feature", "id": "srd-6220b5c25b5d6", "properties": {"estacao_id": "6220b5c25b5d6", "estacoes_no_local": 1, "servico": "RTVD", "canal": "43", "frequencia_mhz": "647", "classe": "A", "altura_antena_m": 43.2, "entidade": "REDE MULHER DE TELEVISAO LTDA", "municipio": "São Paulo", "uf": "SP", "status": "Canal Licenciado"}, "geometry": {"type": "Point", "coordinates": [-46.7439, -23.32491]}},
{"type": "Feature", "id": "srd-6226f4400bb7f", "properties": {"estacao_id": "6226f4400bb7f", "estacoes_no_local": 1, "servico": "RTVD", "canal": "43", "frequencia_mhz": "647", "classe": "C", "altura_antena_m": 65.0, "entidade": "REDE MULHER DE TELEVISAO LTDA", "municipio": "São Paulo", "uf": "SP", "status": "Canal Licenciado"}, "geometry": {"type": "Point", "coordinates": [-46.45754, -23.66938]}},
{"type": "Feature", "id": "srd-625fae34b9030", "properties": {"estacao_id": "625fae34b9030", "estacoes_no_local": 1, "servico": "RTVD", "canal": "43", "frequencia_mhz": "647", "classe": "B", "altura_antena_m": 27.0, "entidade": "RADIO E TELEVISAO RECORD S.A", "municipio": "São José dos Campos", "uf": "SP", "status": "Canal Licenciado"}, "geometry": {"type": "Point", "coordinates": [-45.96044, -23.31461]}},
{"type": "Feature", "id": "srd-628f2587438e8", "properties": {"estacao_id": "628f2587438e8", "estacoes_no_local": 1, "servico": "RTVD", "canal": "43", "frequencia_mhz": "647", "classe": "E", "altura_antena_m": 10.0, "entidade": "REDE MULHER DE TELEVISAO LTDA", "municipio": "São Paulo", "uf": "SP", "status": "Canal Licenciado"}, "geometry": {"type": "Point", "coordinates": [-46.20025, -23.48086]}},
{"type": "Feature", "id": "srd-62e3f705970f4", "properties": {"estacao_id": "62e3f705970f4", "estacoes_no_local": 1, "servico": "RTVD", "canal": "50", "frequencia_mhz": "689", "classe": "A", "altura_antena_m": 27.0, "entidade": "FUNDACAO CULTURAL NOSSA SENHORA DE LOURDES DE MARINGA", "municipio": "Santos", "uf": "SP", "status": "Canal Licenciado"}, "geometry": {"type": "Point", "coordinates": [-46.3415, -23.93528]}},
{"type": "Feature", "id": "srd-62f65fdde5235", "properties": {"estacao_id": "62f65fdde5235", "estacoes_no_local": 1, "servico": "RTVD", "canal": "49", "frequencia_mhz": "683", "classe": "C", "entidade": "INSTITUTO SUPERIOR DE EDUCACAO SANTA CECILIA", "municipio": "Guarujá", "uf": "SP", "status": "Canal Out. - Aguardando Dados da Estação"}, "geometry": {"type": "Point", "coordinates": [-46.25497, -23.98197]}},
{"type": "Feature", "id": "srd-643a44227f2df", "properties": {"estacao_id": "643a44227f2df", "estacoes_no_local": 1, "servico": "ECRD", "canal": "234", "frequencia_mhz": "94.7", "classe": "A4", "altura_antena_m": 20.0, "entidade": "ANTENA UM RADIODIFUSAO LTDA", "municipio": "São Paulo", "uf": "SP", "status": "Canal Licenciado"}, "geometry": {"type": "Point", "coordinates": [-46.30444, -23.78972]}},
{"type": "Feature", "id": "srd-6446705ebccf6", "properties": {"estacao_id": "6446705ebccf6", "estacoes_no_local": 1, "servico": "RTVD", "canal": "15", "frequencia_mhz": "479", "classe": "C", "altura_antena_m": 26.0, "entidade": "TELEVISAO INDEPENDENTE DE SAO JOSE DO RIO PRETO LTDA", "municipio": "Praia Grande", "uf": "SP", "status": "Canal Licenciado"}, "geometry": {"type": "Point", "coordinates": [-46.39617, -24.02244]}},
{"type": "Feature", "id": "srd-64cf90cc21429", "properties": {"estacao_id": "64cf90cc21429", "estacoes_no_local": 1, "servico": "RTVD", "canal": "20", "frequencia_mhz": "509", "classe": "B", "altura_antena_m": 35.0, "entidade": "SISTEMA DE COMUNICACAO PANTANAL S/C LTDA", "municipio": "São José dos Campos", "uf": "SP", "status": "Canal Licenciado"}, "geometry": {"type": "Point", "coordinates": [-45.90722, -23.15278]}},
{"type": "Feature", "id": "srd-65a138b089c99", "properties": {"estacao_id": "65a138b089c99", "estacoes_no_local": 4, "servico": "RTVD", "canal": "11/13/7/8", "frequencia_mhz": "177–213", "classe": "C", "altura_antena_m": 17.0, "entidade": "PREFEITURA MUNICIPAL DE SANTA ISABEL", "municipio": "Santa Isabel", "uf": "SP", "status": "Canal Licenciado"}, "geometry": {"type": "Point", "coordinates": [-46.2237, -23.3172]}},
{"type": "Feature", "id": "srd-6644ac47d70f7", "properties": {"estacao_id": "6644ac47d70f7", "estacoes_no_local": 1, "servico": "FM", "canal": "243", "frequencia_mhz": "96.5", "classe": "A4", "altura_antena_m": 56.7, "entidade": "EXCLUSIVE MUSIC RADIODIFUSAO LTDA", "municipio": "Osasco", "uf": "SP", "status": "Canal Licenciado"}, "geometry": {"type": "Point", "coordinates": [-46.67528, -23.55222]}},
{"type": "Feature", "id": "srd-6654877ea571b", "properties": {"estacao_id": "6654877ea571b", "estacoes_no_local": 1, "servico": "FM", "canal": "219", "frequencia_mhz": "91.7", "classe": "C", "altura_antena_m": 55.0, "entidade": "SUPER RADIO RIO LTDA", "municipio": "Guarulhos", "uf": "SP", "status": "Canal Licenciado"}, "geometry": {"type": "Point", "coordinates": [-46.54722, -23.44917]}},
{"type": "Feature", "id": "srd-6694c4eabca81", "properties": {"estacao_id": "6694c4eabca81", "estacoes_no_local": 1, "servico": "RTVD", "canal": "13", "frequencia_mhz": "213", "classe": "A", "altura_antena_m": 10.0, "entidade": "FUNDACAO VIRGINIA FERRAZ", "municipio": "Bertioga", "uf": "SP", "status": "Canal Licenciado"}, "geometry": {"type": "Point", "coordinates": [-46.20444, -23.48444]}},
{"type": "Feature", "id": "srd-66ec5e174e987", "properties": {"estacao_id": "66ec5e174e987", "estacoes_no_local": 1, "servico": "ECRD", "canal": "239", "frequencia_mhz": "95.7", "classe": "A3", "altura_antena_m": 105.0, "entidade": "FM MUNDIAL LTDA", "municipio": "Jundiaí", "uf": "SP", "status": "Canal Licenciado"}, "geometry": {"type": "Point", "coordinates": [-46.63611, -23.58583]}},
{"type": "Feature", "id": "srd-6700ef0cea8dd", "properties": {"estacao_id": "6700ef0cea8dd", "estacoes_no_local": 2, "servico": "ECRD", "canal": "13/227", "frequencia_mhz": "93.3–213", "classe": "A4/B", "altura_antena_m": 30.0, "entidade": "FUNDACAO VIRGINIA FERRAZ", "municipio": "Cubatão", "uf": "SP", "status": "Canal Licenciado"}, "geometry": {"type": "Point", "coordinates": [-46.42333, -23.64528]}},
{"type": "Feature", "id": "srd-67121c9fe1522", "properties": {"estacao_id": "67121c9fe1522", "estacoes_no_local": 1, "servico": "ECRD", "canal": "18", "frequencia_mhz": "497", "classe": "A", "altura_antena_m": 31.5, "entidade": "GLOBO COMUNICACAO E PARTICIPACOES S. A.", "municipio": "São Paulo", "uf": "SP", "status": "Canal Licenciado"}, "geometry": {"type": "Point", "coordinates": [-46.45438, -23.65191]}},
{"type": "Feature", "id": "srd-67121ca25d392", "properties": {"estacao_id": "67121ca25d392", "estacoes_no_local": 1, "servico": "ECRD", "canal": "18", "frequencia_mhz": "497", "classe": "B", "altura_antena_m": 25.0, "entidade": "GLOBO COMUNICACAO E PARTICIPACOES S. A.", "municipio": "São Paulo", "uf": "SP", "status": "Canal Licenciado"}, "geometry": {"type": "Point", "coordinates": [-46.58483, -23.29844]}},
{"type": "Feature", "id": "srd-67121ca476e88", "properties": {"estacao_id": "67121ca476e88", "estacoes_no_local": 1, "servico": "ECRD", "canal": "18", "frequencia_mhz": "497", "classe": "B", "altura_antena_m": 55.0, "entidade": "GLOBO COMUNICACAO E PARTICIPACOES S. A.", "municipio": "São Paulo", "uf": "SP", "status": "Canal Licenciado"}, "geometry": {"type": "Point", "coordinates": [-46.90833, -23.55644]}},
{"type": "Feature", "id": "srd-671f4978b7157", "properties": {"estacao_id": "671f4978b7157", "estacoes_no_local": 1, "servico": "ECRD", "canal": "19", "frequencia_mhz": "503", "classe": "C", "altura_antena_m": 70.0, "entidade": "SAT SISTEMA A TRIBUNA DE COMUNICACAO-SANTOS LTDA", "municipio": "Santos", "uf": "SP", "status": "Canal Licenciado"}, "geometry": {"type": "Point", "coordinates": [-46.32192, -23.93647]}},
{"type": "Feature", "id": "srd-671f498b93878", "properties": {"estacao_id": "671f498b93878", "estacoes_no_local": 1, "servico": "ECRD", "canal": "18", "frequencia_mhz": "497", "classe": "A", "altura_antena_m": 108.0, "entidade": "GLOBO COMUNICACAO E PARTICIPACOES S. A.", "municipio": "São Paulo", "uf": "SP", "status": "Canal Licenciado"}, "geometry": {"type": "Point", "coordinates": [-46.76694, -23.45861]}},
{"type": "Feature", "id": "srd-6721eeeda1920", "properties": {"estacao_id": "6721eeeda1920", "estacoes_no_local": 1, "servico": "ECRD", "canal": "24", "frequencia_mhz": "533", "classe": "C", "altura_antena_m": 18.0, "entidade": "FUNDACAO PADRE ANCHIETA CENTRO PAULISTA DE RADIO E TV EDUCATIVAS", "municipio": "São Paulo", "uf": "SP", "status": "Canal Licenciado"}, "geometry": {"type": "Point", "coordinates": [-46.22481, -23.31269]}},
{"type": "Feature", "id": "srd-673d365fa82bb", "properties": {"estacao_id": "673d365fa82bb", "estacoes_no_local": 1, "servico": "ECRD", "canal": "28", "frequencia_mhz": "557", "classe": "E", "altura_antena_m": 35.0, "entidade": "TVSBT CANAL 4 DE SAO PAULO S/A", "municipio": "São Paulo", "uf": "SP", "status": "Canal Licenciado"}, "geometry": {"type": "Point", "coordinates": [-46.76683, -23.45886]}},
{"type": "Feature", "id": "srd-673ee392b988d", "properties": {"estacao_id": "673ee392b988d", "estacoes_no_local": 1, "servico": "ECRD", "canal": "24", "frequencia_mhz": "533", "classe": "A", "altura_antena_m": 33.0, "entidade": "FUNDACAO PADRE ANCHIETA CENTRO PAULISTA DE RADIO E TV EDUCATIVAS", "municipio": "São Paulo", "uf": "SP", "status": "Canal Licenciado"}, "geometry": {"type": "Point", "coordinates": [-46.76547, -23.45461]}},
{"type": "Feature", "id": "srd-674ff5213a3fd", "properties": {"estacao_id": "674ff5213a3fd", "estacoes_no_local": 1, "servico": "ECRD", "canal": "20", "frequencia_mhz": "509", "classe": "B", "altura_antena_m": 30.0, "entidade": "RADIO E TELEVISAO RECORD S.A", "municipio": "São Paulo", "uf": "SP", "status": "Canal Licenciado"}, "geometry": {"type": "Point", "coordinates": [-46.90583, -23.54692]}},
{"type": "Feature", "id": "srd-674ff523351dd", "properties": {"estacao_id": "674ff523351dd", "estacoes_no_local": 1, "servico": "ECRD", "canal": "20", "frequencia_mhz": "509", "classe": "B", "altura_antena_m": 19.0, "entidade": "RADIO E TELEVISAO RECORD S.A", "municipio": "São Paulo", "uf": "SP", "status": "Canal Licenciado"}, "geometry": {"type": "Point", "coordinates": [-46.58654, -23.30464]}},
{"type": "Feature", "id": "srd-6753eca2b522a", "properties": {"estacao_id": "6753eca2b522a", "estacoes_no_local": 1, "servico": "ECRD", "canal": "20", "frequencia_mhz": "509", "classe": "B", "altura_antena_m": 30.0, "entidade": "RADIO E TELEVISAO RECORD S.A", "municipio": "São Paulo", "uf": "SP", "status": "Canal Licenciado"}, "geometry": {"type": "Point", "coordinates": [-46.75773, -23.31049]}},
{"type": "Feature", "id": "srd-6753eca55793b", "properties": {"estacao_id": "6753eca55793b", "estacoes_no_local": 1, "servico": "ECRD", "canal": "20", "frequencia_mhz": "509", "classe": "B", "altura_antena_m": 25.0, "entidade": "RADIO E TELEVISAO RECORD S.A", "municipio": "São Paulo", "uf": "SP", "status": "Canal Licenciado"}, "geometry": {"type": "Point", "coordinates": [-46.35686, -23.56547]}},
{"type": "Feature", "id": "srd-6753eca819e7c", "properties": {"estacao_id": "6753eca819e7c", "estacoes_no_local": 1, "servico": "ECRD", "canal": "20", "frequencia_mhz": "509", "classe": "B", "altura_antena_m": 25.0, "entidade": "RADIO E TELEVISAO RECORD S.A", "municipio": "São Paulo", "uf": "SP", "status": "Canal Licenciado"}, "geometry": {"type": "Point", "coordinates": [-46.39833, -23.68624]}},
{"type": "Feature", "id": "srd-6753ecaa72e5d", "properties": {"estacao_id": "6753ecaa72e5d", "estacoes_no_local": 1, "servico": "ECRD", "canal": "20", "frequencia_mhz": "509", "classe": "B", "altura_antena_m": 40.0, "entidade": "RADIO E TELEVISAO RECORD S.A", "municipio": "São Paulo", "uf": "SP", "status": "Canal Licenciado"}, "geometry": {"type": "Point", "coordinates": [-46.47376, -23.52672]}},
{"type": "Feature", "id": "srd-6753ecada1c5e", "properties": {"estacao_id": "6753ecada1c5e", "estacoes_no_local": 1, "servico": "ECRD", "canal": "20", "frequencia_mhz": "509", "classe": "B", "altura_antena_m": 20.0, "entidade": "RADIO E TELEVISAO RECORD S.A", "municipio": "São Paulo", "uf": "SP", "status": "Canal Licenciado"}, "geometry": {"type": "Point", "coordinates": [-46.7172, -23.82752]}},
{"type": "Feature", "id": "srd-6753ecb048e87", "properties": {"estacao_id": "6753ecb048e87", "estacoes_no_local": 1, "servico": "ECRD", "canal": "20", "frequencia_mhz": "509", "classe": "A", "altura_antena_m": 37.0, "entidade": "RADIO E TELEVISAO RECORD S.A", "municipio": "São Paulo", "uf": "SP", "status": "Canal Licenciado"}, "geometry": {"type": "Point", "coordinates": [-46.76537, -23.45461]}},
{"type": "Feature", "id": "srd-67626c4d96eeb", "properties": {"estacao_id": "67626c4d96eeb", "estacoes_no_local": 1, "servico": "FM", "canal": "255", "frequencia_mhz": "98.9", "classe": "B2", "altura_antena_m": 25.0, "entidade": "SISTEMA MAXI DE RADIODIFUSAO LTDA - EPP", "municipio": "Cabreúva", "uf": "SP", "status": "Canal Licenciado"}, "geometry": {"type": "Point", "coordinates": [-47.09019, -23.29641]}},
{"type": "Feature", "id": "srd-676eb80fb1962", "properties": {"estacao_id": "676eb80fb1962", "estacoes_no_local": 1, "servico": "ECRD", "canal": "279", "frequencia_mhz": "103.7", "classe": "A4", "altura_antena_m": 50.0, "entidade": "RADIO HITS FM LTDA", "municipio": "Cubatão", "uf": "SP", "status": "Canal Licenciado"}, "geometry": {"type": "Point", "coordinates": [-46.42325, -23.64519]}},
{"type": "Feature", "id": "srd-67723f2d99b3b", "properties": {"estacao_id": "67723f2d99b3b", "estacoes_no_local": 1, "servico": "ECRD", "canal": "23", "frequencia_mhz": "527", "classe": "C", "altura_antena_m": 65.0, "entidade": "RADIO E TELEVISAO BANDEIRANTES SA", "municipio": "São Paulo", "uf": "SP", "status": "Canal Licenciado"}, "geometry": {"type": "Point", "coordinates": [-46.46389, -23.53417]}},
{"type": "Feature", "id": "srd-67723f381bd73", "properties": {"estacao_id": "67723f381bd73", "estacoes_no_local": 1, "servico": "ECRD", "canal": "23", "frequencia_mhz": "527", "classe": "A", "altura_antena_m": 12.0, "entidade": "RADIO E TELEVISAO BANDEIRANTES SA", "municipio": "São Paulo", "uf": "SP", "status": "Canal Licenciado"}, "geometry": {"type": "Point", "coordinates": [-46.42333, -23.645]}},
{"type": "Feature", "id": "srd-67723f3e0ff25", "properties": {"estacao_id": "67723f3e0ff25", "estacoes_no_local": 1, "servico": "ECRD", "canal": "23", "frequencia_mhz": "527", "classe": "B", "altura_antena_m": 15.0, "entidade": "RADIO E TELEVISAO BANDEIRANTES SA", "municipio": "São Paulo", "uf": "SP", "status": "Canal Licenciado"}, "geometry": {"type": "Point", "coordinates": [-46.58639, -23.30556]}},
{"type": "Feature", "id": "srd-67723f435a82c", "properties": {"estacao_id": "67723f435a82c", "estacoes_no_local": 1, "servico": "ECRD", "canal": "23", "frequencia_mhz": "527", "classe": "A", "altura_antena_m": 23.0, "entidade": "RADIO E TELEVISAO BANDEIRANTES SA", "municipio": "São Paulo", "uf": "SP", "status": "Canal Licenciado"}, "geometry": {"type": "Point", "coordinates": [-46.20069, -23.48147]}},
{"type": "Feature", "id": "srd-67a9a0f078e91", "properties": {"estacao_id": "67a9a0f078e91", "estacoes_no_local": 1, "servico": "FM", "canal": "275", "frequencia_mhz": "102.9", "classe": "C", "altura_antena_m": 15.0, "entidade": "RADIO BANDEIRANTES DE CAMPOS DO JORDAO LTDA", "municipio": "Campos do Jordão", "uf": "SP", "status": "Canal Licenciado"}, "geometry": {"type": "Point", "coordinates": [-45.92139, -23.27721]}},
{"type": "Feature", "id": "srd-67c159b439a2d", "properties": {"estacao_id": "67c159b439a2d", "estacoes_no_local": 1, "servico": "ECRD", "canal": "28", "frequencia_mhz": "557", "classe": "B", "altura_antena_m": 9.0, "entidade": "TVSBT CANAL 4 DE SAO PAULO S/A", "municipio": "São Paulo", "uf": "SP", "status": "Canal Licenciado"}, "geometry": {"type": "Point", "coordinates": [-46.42339, -23.64497]}},
{"type": "Feature", "id": "srd-67c159b61ec4f", "properties": {"estacao_id": "67c159b61ec4f", "estacoes_no_local": 1, "servico": "ECRD", "canal": "28", "frequencia_mhz": "557", "classe": "B", "altura_antena_m": 28.0, "entidade": "TVSBT CANAL 4 DE SAO PAULO S/A", "municipio": "São Paulo", "uf": "SP", "status": "Canal Licenciado"}, "geometry": {"type": "Point", "coordinates": [-46.71694, -23.82772]}},
{"type": "Feature", "id": "srd-67c159be3841e", "properties": {"estacao_id": "67c159be3841e", "estacoes_no_local": 1, "servico": "ECRD", "canal": "28", "frequencia_mhz": "557", "classe": "C", "altura_antena_m": 40.0, "entidade": "TVSBT CANAL 4 DE SAO PAULO S/A", "municipio": "São Paulo", "uf": "SP", "status": "Canal Licenciado"}, "geometry": {"type": "Point", "coordinates": [-46.90858, -23.55636]}},
{"type": "Feature", "id": "srd-67ecdc690e79c", "properties": {"estacao_id": "67ecdc690e79c", "estacoes_no_local": 1, "servico": "ECRD", "canal": "20", "frequencia_mhz": "509", "classe": "B", "altura_antena_m": 14.7, "entidade": "RADIO E TELEVISAO RECORD S.A", "municipio": "São Paulo", "uf": "SP", "status": "Canal Licenciado"}, "geometry": {"type": "Point", "coordinates": [-46.20019, -23.48073]}},
{"type": "Feature", "id": "srd-682dd39b953e1", "properties": {"estacao_id": "682dd39b953e1", "estacoes_no_local": 1, "servico": "ECRD", "canal": "33", "frequencia_mhz": "587", "classe": "A", "altura_antena_m": 42.0, "entidade": "TV MAR LTDA", "municipio": "Santos", "uf": "SP", "status": "Canal Licenciado"}, "geometry": {"type": "Point", "coordinates": [-46.36228, -23.96428]}},
{"type": "Feature", "id": "srd-68663168a7599", "properties": {"estacao_id": "68663168a7599", "estacoes_no_local": 1, "servico": "ECRD", "canal": "33", "frequencia_mhz": "587", "classe": "B", "altura_antena_m": 45.0, "entidade": "TV MAR LTDA", "municipio": "Santos", "uf": "SP", "status": "Canal Licenciado"}, "geometry": {"type": "Point", "coordinates": [-46.08418, -23.8064]}},
{"type": "Feature", "id": "srd-6866316b9e4d3", "properties": {"estacao_id": "6866316b9e4d3", "estacoes_no_local": 1, "servico": "ECRD", "canal": "33", "frequencia_mhz": "587", "classe": "A", "altura_antena_m": 42.9, "entidade": "TV MAR LTDA", "municipio": "Santos", "uf": "SP", "status": "Canal Licenciado"}, "geometry": {"type": "Point", "coordinates": [-46.25575, -23.98222]}},
{"type": "Feature", "id": "srd-686781a2b08e0", "properties": {"estacao_id": "686781a2b08e0", "estacoes_no_local": 1, "servico": "ECRD", "canal": "38", "frequencia_mhz": "617", "classe": "A", "altura_antena_m": 58.0, "entidade": "EMPRESA BRASIL DE COMUNICACAO S.A. - EBC", "municipio": "São Paulo", "uf": "SP", "status": "Canal Licenciado"}, "geometry": {"type": "Point", "coordinates": [-46.42335, -23.64515]}},
{"type": "Feature", "id": "srd-686781a7177bc", "properties": {"estacao_id": "686781a7177bc", "estacoes_no_local": 1, "servico": "ECRD", "canal": "38", "frequencia_mhz": "617", "classe": "E", "altura_antena_m": 60.0, "entidade": "EMPRESA BRASIL DE COMUNICACAO S.A. - EBC", "municipio": "São Paulo", "uf": "SP", "status": "Canal Licenciado"}, "geometry": {"type": "Point", "coordinates": [-46.76631, -23.45572]}},
{"type": "Feature", "id": "srd-686781aae02de", "properties": {"estacao_id": "686781aae02de", "estacoes_no_local": 1, "servico": "ECRD", "canal": "38", "frequencia_mhz": "617", "classe": "A", "altura_antena_m": 70.0, "entidade": "EMPRESA BRASIL DE COMUNICACAO S.A. - EBC", "municipio": "São Paulo", "uf": "SP", "status": "Canal Licenciado"}, "geometry": {"type": "Point", "coordinates": [-46.20119, -23.48216]}},
{"type": "Feature", "id": "srd-686f74fb2c437", "properties": {"estacao_id": "686f74fb2c437", "estacoes_no_local": 1, "servico": "ECRD", "canal": "38", "frequencia_mhz": "617", "classe": "B", "altura_antena_m": 60.0, "entidade": "EMPRESA BRASIL DE COMUNICACAO S.A. - EBC", "municipio": "São Paulo", "uf": "SP", "status": "Canal Licenciado"}, "geometry": {"type": "Point", "coordinates": [-46.46384, -23.53419]}},
{"type": "Feature", "id": "srd-694652caae69d", "properties": {"estacao_id": "694652caae69d", "estacoes_no_local": 1, "servico": "ECRD", "canal": "28", "frequencia_mhz": "557", "classe": "B", "altura_antena_m": 42.0, "entidade": "TVSBT CANAL 4 DE SAO PAULO S/A", "municipio": "São Paulo", "uf": "SP", "status": "Canal Licenciado"}, "geometry": {"type": "Point", "coordinates": [-46.47344, -23.52756]}},
{"type": "Feature", "id": "srd-6968edb7155a4", "properties": {"estacao_id": "6968edb7155a4", "estacoes_no_local": 1, "servico": "ECRD", "canal": "244", "frequencia_mhz": "96.7", "classe": "B2", "altura_antena_m": 80.0, "entidade": "NASCENTE COMUNICACOES LTDA", "municipio": "Bertioga", "uf": "SP", "status": "Canal Licenciado"}, "geometry": {"type": "Point", "coordinates": [-46.05167, -23.80778]}},
{"type": "Feature", "id": "srd-696a07a980c1c", "properties": {"estacao_id": "696a07a980c1c", "estacoes_no_local": 1, "servico": "ECRD", "canal": "19", "frequencia_mhz": "503", "classe": "A", "altura_antena_m": 40.0, "entidade": "SAT SISTEMA A TRIBUNA DE COMUNICACAO-SANTOS LTDA", "municipio": "Santos", "uf": "SP", "status": "Canal Licenciado"}, "geometry": {"type": "Point", "coordinates": [-46.35286, -23.95997]}},
{"type": "Feature", "id": "srd-69e0c097a6a01", "properties": {"estacao_id": "69e0c097a6a01", "estacoes_no_local": 1, "servico": "ECRD", "canal": "19", "frequencia_mhz": "503", "classe": "C", "altura_antena_m": 29.0, "entidade": "SAT SISTEMA A TRIBUNA DE COMUNICACAO-SANTOS LTDA", "municipio": "Bertioga", "uf": "SP", "status": "Canal Licenciado"}, "geometry": {"type": "Point", "coordinates": [-46.02424, -23.79813]}}
]}
